employee_id,capacity_2_pct_long_term,capacity_4_pct_long_term,capacity_6_pct_long_term,capacity_8_pct_long_term,capacity_10_pct_long_term,capacity_12_pct_long_term,capacity_16_pct_long_term,capacity_2_pct_recent,capacity_4_pct_recent,capacity_6_pct_recent,capacity_8_pct_recent,capacity_10_pct_recent,capacity_12_pct_recent,capacity_16_pct_recent,capacity_shift_pct
E0001,21.53846153846154,49.23076923076923,21.53846153846154,3.076923076923077,3.076923076923077,1.5384615384615385,0.0,25.0,50.0,25.0,0.0,0.0,0.0,0.0,7.692307692307689
E0002,20.0,60.0,10.0,0.0,10.0,0.0,0.0,0.0,100.0,0.0,0.0,0.0,0.0,0.0,40.0
E0003,0.0,57.14285714285714,42.857142857142854,0.0,0.0,0.0,0.0,0.0,100.0,0.0,0.0,0.0,0.0,0.0,42.85714285714286
E0004,0.0,14.285714285714285,50.0,25.0,0.0,7.142857142857142,3.571428571428571,0.0,0.0,100.0,0.0,0.0,0.0,0.0,49.99999999999999
E0005,12.5,0.0,0.0,12.5,62.5,12.5,0.0,0.0,0.0,0.0,50.0,50.0,0.0,0.0,37.5
E0006,2.4390243902439024,36.58536585365854,29.268292682926827,17.073170731707318,4.878048780487805,4.878048780487805,4.878048780487805,0.0,50.0,25.0,0.0,0.0,0.0,25.0,33.536585365853654
E0007,3.125,0.0,0.0,15.625,53.125,21.875,6.25,0.0,0.0,0.0,0.0,75.0,25.0,0.0,25.0
E0008,2.631578947368421,5.263157894736842,15.789473684210526,57.89473684210527,15.789473684210526,0.0,2.631578947368421,0.0,100.0,0.0,0.0,0.0,0.0,0.0,94.73684210526315
E0009,11.11111111111111,44.44444444444444,33.33333333333333,0.0,0.0,0.0,11.11111111111111,0.0,0.0,100.0,0.0,0.0,0.0,0.0,66.66666666666667
E0010,0.0,3.3333333333333335,0.0,33.33333333333333,40.0,20.0,3.3333333333333335,0.0,0.0,0.0,60.0,40.0,0.0,0.0,26.666666666666668
E0011,18.181818181818183,42.42424242424242,21.21212121212121,9.090909090909092,0.0,3.0303030303030303,6.0606060606060606,0.0,66.66666666666666,16.666666666666664,16.666666666666664,0.0,0.0,0.0,31.818181818181817
E0012,20.253164556962027,49.36708860759494,21.518987341772153,2.5316455696202533,1.2658227848101267,2.5316455696202533,2.5316455696202533,22.22222222222222,33.33333333333333,22.22222222222222,11.11111111111111,0.0,0.0,11.11111111111111,19.831223628691983
E0013,5.405405405405405,16.216216216216218,48.64864864864865,21.62162162162162,0.0,5.405405405405405,2.7027027027027026,0.0,16.666666666666664,66.66666666666666,16.666666666666664,0.0,0.0,0.0,18.46846846846846
E0014,15.789473684210526,52.63157894736842,21.052631578947366,2.631578947368421,0.0,5.263157894736842,2.631578947368421,0.0,50.0,25.0,25.0,0.0,0.0,0.0,26.31578947368421
E0015,52.63157894736842,26.31578947368421,7.894736842105263,2.631578947368421,2.631578947368421,2.631578947368421,5.263157894736842,0.0,0.0,0.0,0.0,0.0,0.0,100.0,94.73684210526316
E0017,2.941176470588235,20.588235294117645,55.88235294117647,8.823529411764707,2.941176470588235,5.88235294117647,2.941176470588235,0.0,16.666666666666664,66.66666666666666,0.0,16.666666666666664,0.0,0.0,24.509803921568622
E0018,3.0303030303030303,33.33333333333333,39.39393939393939,18.181818181818183,0.0,3.0303030303030303,3.0303030303030303,0.0,0.0,0.0,0.0,0.0,100.0,0.0,96.96969696969697
E0019,4.761904761904762,3.1746031746031744,0.0,4.761904761904762,12.698412698412698,1.5873015873015872,73.01587301587301,0.0,0.0,0.0,33.33333333333333,0.0,33.33333333333333,33.33333333333333,60.31746031746031
E0020,0.0,2.4390243902439024,21.951219512195124,48.78048780487805,19.51219512195122,0.0,7.317073170731707,0.0,0.0,50.0,50.0,0.0,0.0,0.0,29.268292682926827
E0021,5.128205128205128,0.0,0.0,10.256410256410255,15.384615384615385,64.1025641025641,5.128205128205128,0.0,0.0,0.0,0.0,66.66666666666666,33.33333333333333,0.0,51.28205128205128
E0023,4.651162790697675,2.3255813953488373,9.30232558139535,62.7906976744186,20.930232558139537,0.0,0.0,0.0,0.0,0.0,66.66666666666666,33.33333333333333,0.0,0.0,16.279069767441854
E0024,4.225352112676056,5.633802816901409,0.0,4.225352112676056,23.943661971830984,59.154929577464785,2.8169014084507045,25.0,0.0,0.0,0.0,0.0,75.0,0.0,36.61971830985916
E0025,0.0,2.4390243902439024,14.634146341463413,48.78048780487805,24.390243902439025,9.75609756097561,0.0,0.0,0.0,0.0,40.0,20.0,40.0,0.0,30.24390243902439
E0026,0.0,2.272727272727273,22.727272727272727,43.18181818181818,27.27272727272727,0.0,4.545454545454546,0.0,0.0,0.0,50.0,50.0,0.0,0.0,29.545454545454547
E0027,20.0,53.333333333333336,10.0,6.666666666666667,6.666666666666667,3.3333333333333335,0.0,0.0,0.0,100.0,0.0,0.0,0.0,0.0,90.0
E0029,8.108108108108109,21.62162162162162,45.94594594594595,21.62162162162162,0.0,0.0,2.7027027027027026,0.0,66.66666666666666,33.33333333333333,0.0,0.0,0.0,0.0,45.04504504504504
E0030,11.428571428571429,54.285714285714285,20.0,2.857142857142857,0.0,5.714285714285714,5.714285714285714,25.0,50.0,25.0,0.0,0.0,0.0,0.0,18.57142857142857
E0031,3.0303030303030303,0.0,3.0303030303030303,0.0,15.151515151515152,78.78787878787878,0.0,0.0,0.0,0.0,0.0,33.33333333333333,66.66666666666666,0.0,18.18181818181818
E0032,10.204081632653061,59.183673469387756,26.53061224489796,0.0,2.0408163265306123,2.0408163265306123,0.0,33.33333333333333,33.33333333333333,33.33333333333333,0.0,0.0,0.0,0.0,29.931972789115644
E0033,0.0,0.0,6.25,0.0,6.25,12.5,75.0,0.0,0.0,100.0,0.0,0.0,0.0,0.0,93.75
E0034,6.521739130434782,2.1739130434782608,0.0,6.521739130434782,6.521739130434782,4.3478260869565215,73.91304347826086,0.0,25.0,0.0,25.0,0.0,0.0,50.0,41.30434782608695
E0035,12.5,46.875,18.75,6.25,3.125,9.375,3.125,0.0,100.0,0.0,0.0,0.0,0.0,0.0,53.125
E0036,9.67741935483871,61.29032258064516,29.03225806451613,0.0,0.0,0.0,0.0,0.0,66.66666666666666,33.33333333333333,0.0,0.0,0.0,0.0,9.677419354838701
E0037,8.064516129032258,3.225806451612903,3.225806451612903,1.6129032258064515,25.806451612903224,56.451612903225815,1.6129032258064515,0.0,0.0,0.0,0.0,100.0,0.0,0.0,74.19354838709678
E0038,0.0,0.0,2.7777777777777777,2.7777777777777777,2.7777777777777777,0.0,91.66666666666666,0.0,0.0,0.0,0.0,0.0,0.0,100.0,8.333333333333337
E0039,1.4925373134328357,25.37313432835821,56.71641791044776,13.432835820895523,2.9850746268656714,0.0,0.0,0.0,40.0,60.0,0.0,0.0,0.0,0.0,17.91044776119403
E0040,17.647058823529413,50.98039215686274,23.52941176470588,0.0,1.9607843137254901,3.9215686274509802,1.9607843137254901,0.0,33.33333333333333,33.33333333333333,0.0,0.0,0.0,33.33333333333333,41.17647058823529
E0041,0.0,19.444444444444446,52.77777777777778,25.0,0.0,2.7777777777777777,0.0,0.0,33.33333333333333,66.66666666666666,0.0,0.0,0.0,0.0,27.777777777777768
E0042,0.0,0.0,33.33333333333333,66.66666666666666,0.0,0.0,0.0,0.0,0.0,33.33333333333333,66.66666666666666,0.0,0.0,0.0,0.0
E0044,0.0,2.127659574468085,25.53191489361702,48.93617021276596,12.76595744680851,6.382978723404255,4.25531914893617,0.0,0.0,28.57142857142857,71.42857142857143,0.0,0.0,0.0,25.53191489361702
E0045,37.03703703703704,33.33333333333333,7.4074074074074066,0.0,3.7037037037037033,7.4074074074074066,11.11111111111111,25.0,0.0,25.0,0.0,0.0,25.0,25.0,49.074074074074076
E0046,55.81395348837209,19.767441860465116,3.488372093023256,3.488372093023256,8.13953488372093,8.13953488372093,1.1627906976744187,83.33333333333334,0.0,0.0,0.0,0.0,16.666666666666664,0.0,36.04651162790698
E0047,8.21917808219178,52.054794520547944,24.65753424657534,4.10958904109589,5.47945205479452,4.10958904109589,1.36986301369863,20.0,20.0,0.0,20.0,20.0,0.0,20.0,60.821917808219176
E0048,29.411764705882355,35.294117647058826,29.411764705882355,2.941176470588235,0.0,2.941176470588235,0.0,100.0,0.0,0.0,0.0,0.0,0.0,0.0,70.58823529411765
E0049,26.190476190476193,38.095238095238095,21.428571428571427,7.142857142857142,0.0,4.761904761904762,2.380952380952381,50.0,50.0,0.0,0.0,0.0,0.0,0.0,35.71428571428571
E0050,2.941176470588235,17.647058823529413,50.0,17.647058823529413,0.0,8.823529411764707,2.941176470588235,0.0,25.0,75.0,0.0,0.0,0.0,0.0,32.35294117647059
E0051,19.35483870967742,48.38709677419355,25.806451612903224,3.225806451612903,0.0,3.225806451612903,0.0,20.0,40.0,40.0,0.0,0.0,0.0,0.0,14.838709677419358
E0052,19.11764705882353,45.588235294117645,27.941176470588236,1.4705882352941175,2.941176470588235,2.941176470588235,0.0,0.0,40.0,60.0,0.0,0.0,0.0,0.0,32.05882352941176
E0053,17.647058823529413,64.70588235294117,14.705882352941178,0.0,2.941176470588235,0.0,0.0,50.0,50.0,0.0,0.0,0.0,0.0,0.0,32.35294117647059
E0054,3.0303030303030303,6.0606060606060606,6.0606060606060606,6.0606060606060606,3.0303030303030303,6.0606060606060606,69.6969696969697,0.0,0.0,25.0,25.0,0.0,0.0,50.0,37.87878787878788
E0055,4.411764705882353,16.176470588235293,50.0,23.52941176470588,1.4705882352941175,0.0,4.411764705882353,0.0,20.0,20.0,40.0,0.0,0.0,20.0,35.88235294117647
E0056,2.631578947368421,13.157894736842104,50.0,28.947368421052634,0.0,0.0,5.263157894736842,0.0,100.0,0.0,0.0,0.0,0.0,0.0,86.84210526315789
E0058,8.333333333333332,3.3333333333333335,1.6666666666666667,3.3333333333333335,0.0,1.6666666666666667,81.66666666666667,20.0,0.0,0.0,20.0,0.0,0.0,60.0,28.333333333333336
E0059,37.5,50.0,12.5,0.0,0.0,0.0,0.0,0.0,100.0,0.0,0.0,0.0,0.0,0.0,50.0
E0060,2.564102564102564,2.564102564102564,23.076923076923077,51.28205128205128,15.384615384615385,5.128205128205128,0.0,0.0,0.0,40.0,60.0,0.0,0.0,0.0,25.641025641025642
E0061,5.405405405405405,0.0,18.91891891891892,43.24324324324324,32.432432432432435,0.0,0.0,0.0,0.0,0.0,0.0,100.0,0.0,0.0,67.56756756756756
E0062,0.0,7.5,17.5,40.0,25.0,2.5,7.5,0.0,0.0,0.0,66.66666666666666,0.0,0.0,33.33333333333333,52.49999999999999
E0063,72.22222222222221,16.666666666666664,2.7777777777777777,2.7777777777777777,2.7777777777777777,0.0,2.7777777777777777,100.0,0.0,0.0,0.0,0.0,0.0,0.0,27.777777777777782
E0064,2.272727272727273,2.272727272727273,25.0,45.45454545454545,25.0,0.0,0.0,0.0,0.0,20.0,20.0,60.0,0.0,0.0,35.0
E0065,61.76470588235294,17.647058823529413,5.88235294117647,0.0,2.941176470588235,8.823529411764707,2.941176470588235,33.33333333333333,33.33333333333333,0.0,0.0,0.0,33.33333333333333,0.0,40.19607843137254
E0066,0.0,2.631578947368421,34.21052631578947,39.473684210526315,15.789473684210526,5.263157894736842,2.631578947368421,0.0,0.0,0.0,100.0,0.0,0.0,0.0,60.52631578947368
E0067,6.976744186046512,0.0,23.25581395348837,39.53488372093023,23.25581395348837,2.3255813953488373,4.651162790697675,0.0,0.0,0.0,33.33333333333333,33.33333333333333,33.33333333333333,0.0,41.08527131782945
E0069,6.0606060606060606,0.0,0.0,24.242424242424242,42.42424242424242,27.27272727272727,0.0,0.0,0.0,0.0,66.66666666666666,0.0,33.33333333333333,0.0,48.484848484848484
E0070,44.11764705882353,26.47058823529412,11.76470588235294,5.88235294117647,8.823529411764707,0.0,2.941176470588235,66.66666666666666,0.0,33.33333333333333,0.0,0.0,0.0,0.0,44.11764705882352
E0071,11.76470588235294,11.76470588235294,2.941176470588235,11.76470588235294,35.294117647058826,26.47058823529412,0.0,0.0,0.0,0.0,0.0,100.0,0.0,0.0,64.70588235294117
E0072,0.0,21.62162162162162,48.64864864864865,27.027027027027028,2.7027027027027026,0.0,0.0,0.0,33.33333333333333,66.66666666666666,0.0,0.0,0.0,0.0,29.729729729729723
E0074,50.0,26.31578947368421,5.263157894736842,2.631578947368421,7.894736842105263,5.263157894736842,2.631578947368421,33.33333333333333,33.33333333333333,0.0,0.0,33.33333333333333,0.0,0.0,32.45614035087719
E0075,3.225806451612903,1.6129032258064515,3.225806451612903,4.838709677419355,4.838709677419355,1.6129032258064515,80.64516129032258,0.0,0.0,0.0,0.0,0.0,0.0,100.0,19.354838709677423
E0077,24.0,54.0,12.0,6.0,0.0,2.0,2.0,20.0,60.0,0.0,20.0,0.0,0.0,0.0,20.0
E0078,21.052631578947366,44.73684210526316,18.421052631578945,5.263157894736842,2.631578947368421,5.263157894736842,2.631578947368421,0.0,66.66666666666666,33.33333333333333,0.0,0.0,0.0,0.0,36.84210526315788
E0079,3.125,3.125,12.5,65.625,15.625,0.0,0.0,0.0,0.0,0.0,80.0,20.0,0.0,0.0,18.75
E0080,0.0,22.5,62.5,2.5,7.5,5.0,0.0,0.0,0.0,100.0,0.0,0.0,0.0,0.0,37.5
E0081,59.210526315789465,25.0,2.631578947368421,2.631578947368421,3.9473684210526314,3.9473684210526314,2.631578947368421,62.5,25.0,0.0,0.0,0.0,12.5,0.0,11.8421052631579
E0082,25.71428571428571,40.0,20.0,0.0,5.714285714285714,8.571428571428571,0.0,16.666666666666664,33.33333333333333,16.666666666666664,0.0,0.0,33.33333333333333,0.0,24.761904761904766
E0083,5.263157894736842,57.89473684210527,23.684210526315788,0.0,5.263157894736842,2.631578947368421,5.263157894736842,50.0,0.0,0.0,0.0,50.0,0.0,0.0,89.47368421052632
E0084,10.344827586206897,44.827586206896555,27.586206896551722,10.344827586206897,3.4482758620689653,0.0,3.4482758620689653,0.0,66.66666666666666,33.33333333333333,0.0,0.0,0.0,0.0,27.58620689655172
E0086,3.1746031746031744,0.0,20.634920634920633,60.317460317460316,14.285714285714285,1.5873015873015872,0.0,0.0,0.0,16.666666666666664,83.33333333333334,0.0,0.0,0.0,23.015873015873023
E0087,22.5,42.5,22.5,5.0,2.5,5.0,0.0,50.0,0.0,0.0,0.0,50.0,0.0,0.0,75.0
E0088,14.634146341463413,56.09756097560976,14.634146341463413,4.878048780487805,4.878048780487805,2.4390243902439024,2.4390243902439024,0.0,66.66666666666666,0.0,33.33333333333333,0.0,0.0,0.0,39.024390243902424
E0090,2.5316455696202533,5.063291139240507,2.5316455696202533,2.5316455696202533,6.329113924050633,1.2658227848101267,79.74683544303798,16.666666666666664,0.0,0.0,16.666666666666664,0.0,0.0,66.66666666666666,28.27004219409283
E0091,5.405405405405405,2.7027027027027026,0.0,13.513513513513514,5.405405405405405,2.7027027027027026,70.27027027027027,33.33333333333333,0.0,0.0,0.0,0.0,0.0,66.66666666666666,27.927927927927932
E0092,0.0,2.5,5.0,22.5,40.0,30.0,0.0,0.0,0.0,0.0,60.0,20.0,20.0,0.0,37.5
E0093,35.41666666666667,47.91666666666667,10.416666666666668,2.083333333333333,2.083333333333333,0.0,2.083333333333333,25.0,75.0,0.0,0.0,0.0,0.0,0.0,27.08333333333334
E0094,46.875,34.375,9.375,0.0,0.0,0.0,9.375,0.0,50.0,50.0,0.0,0.0,0.0,0.0,56.25
E0095,27.906976744186046,44.18604651162791,16.27906976744186,2.3255813953488373,2.3255813953488373,4.651162790697675,2.3255813953488373,100.0,0.0,0.0,0.0,0.0,0.0,0.0,72.09302325581397
E0096,19.444444444444446,61.111111111111114,16.666666666666664,0.0,0.0,0.0,2.7777777777777777,0.0,50.0,50.0,0.0,0.0,0.0,0.0,33.333333333333336
E0097,5.0,25.0,42.5,20.0,2.5,2.5,2.5,33.33333333333333,0.0,66.66666666666666,0.0,0.0,0.0,0.0,52.49999999999999
E0098,4.545454545454546,0.0,0.0,15.909090909090908,59.09090909090909,18.181818181818183,2.272727272727273,0.0,0.0,0.0,20.0,60.0,0.0,20.0,22.727272727272727
E0100,5.405405405405405,8.108108108108109,0.0,21.62162162162162,40.54054054054054,24.324324324324326,0.0,0.0,0.0,0.0,0.0,0.0,100.0,0.0,75.67567567567568
E0101,15.625,46.875,31.25,0.0,6.25,0.0,0.0,50.0,0.0,0.0,0.0,50.0,0.0,0.0,78.125
E0102,2.564102564102564,7.6923076923076925,23.076923076923077,48.717948717948715,17.94871794871795,0.0,0.0,0.0,33.33333333333333,0.0,33.33333333333333,33.33333333333333,0.0,0.0,41.02564102564102
E0104,75.0,6.8181818181818175,6.8181818181818175,2.272727272727273,0.0,4.545454545454546,4.545454545454546,100.0,0.0,0.0,0.0,0.0,0.0,0.0,25.0
E0105,2.3255813953488373,0.0,27.906976744186046,46.51162790697674,18.6046511627907,2.3255813953488373,2.3255813953488373,0.0,0.0,60.0,20.0,20.0,0.0,0.0,33.48837209302325
E0108,17.91044776119403,46.26865671641791,23.88059701492537,4.477611940298507,2.9850746268656714,1.4925373134328357,2.9850746268656714,42.857142857142854,28.57142857142857,14.285714285714285,14.285714285714285,0.0,0.0,0.0,34.7547974413646
E0109,0.0,2.380952380952381,21.428571428571427,54.761904761904766,14.285714285714285,2.380952380952381,4.761904761904762,0.0,25.0,0.0,50.0,25.0,0.0,0.0,33.333333333333336
E0110,0.0,10.526315789473683,0.0,13.157894736842104,36.84210526315789,39.473684210526315,0.0,0.0,33.33333333333333,0.0,0.0,0.0,66.66666666666666,0.0,49.99999999999999
E0111,31.3953488372093,32.55813953488372,25.581395348837212,4.651162790697675,1.1627906976744187,1.1627906976744187,3.488372093023256,20.0,40.0,20.0,0.0,0.0,20.0,0.0,26.27906976744186
E0113,21.052631578947366,52.63157894736842,18.421052631578945,0.0,2.631578947368421,5.263157894736842,0.0,50.0,50.0,0.0,0.0,0.0,0.0,0.0,28.94736842105263
E0114,0.0,25.0,40.0,25.0,0.0,5.0,5.0,0.0,0.0,0.0,100.0,0.0,0.0,0.0,75.0
E0115,0.0,0.0,23.684210526315788,55.26315789473685,18.421052631578945,0.0,2.631578947368421,0.0,0.0,66.66666666666666,33.33333333333333,0.0,0.0,0.0,42.98245614035088
E0116,2.7777777777777777,2.7777777777777777,26.38888888888889,44.44444444444444,16.666666666666664,6.944444444444445,0.0,0.0,0.0,16.666666666666664,66.66666666666666,16.666666666666664,0.0,0.0,22.222222222222218
E0117,2.564102564102564,7.6923076923076925,0.0,5.128205128205128,2.564102564102564,2.564102564102564,79.48717948717949,0.0,33.33333333333333,0.0,0.0,0.0,0.0,66.66666666666666,25.641025641025642
E0118,13.88888888888889,55.55555555555556,27.77777777777778,0.0,0.0,2.7777777777777777,0.0,0.0,50.0,0.0,0.0,0.0,50.0,0.0,47.22222222222223
E0119,0.0,0.0,24.242424242424242,57.57575757575758,15.151515151515152,3.0303030303030303,0.0,0.0,0.0,0.0,100.0,0.0,0.0,0.0,42.42424242424242
E0120,3.7037037037037033,0.0,22.22222222222222,44.44444444444444,25.925925925925924,0.0,3.7037037037037033,0.0,0.0,33.33333333333333,66.66666666666666,0.0,0.0,0.0,33.33333333333333
E0121,4.651162790697675,0.0,2.3255813953488373,0.0,32.55813953488372,58.139534883720934,2.3255813953488373,0.0,0.0,0.0,0.0,14.285714285714285,71.42857142857143,14.285714285714285,25.249169435215947
E0122,23.333333333333332,40.0,23.333333333333332,0.0,0.0,6.666666666666667,6.666666666666667,0.0,75.0,25.0,0.0,0.0,0.0,0.0,36.66666666666667
E0123,1.5625,4.6875,1.5625,21.875,48.4375,18.75,3.125,0.0,0.0,0.0,33.33333333333333,50.0,16.666666666666664,0.0,13.020833333333332
E0124,0.0,5.405405405405405,21.62162162162162,51.35135135135135,16.216216216216218,2.7027027027027026,2.7027027027027026,0.0,25.0,25.0,50.0,0.0,0.0,0.0,22.972972972972972
E0125,12.903225806451612,54.83870967741935,16.129032258064516,9.67741935483871,6.451612903225806,0.0,0.0,33.33333333333333,0.0,33.33333333333333,0.0,33.33333333333333,0.0,0.0,64.51612903225805
E0126,2.7777777777777777,36.11111111111111,38.88888888888889,16.666666666666664,0.0,2.7777777777777777,2.7777777777777777,0.0,100.0,0.0,0.0,0.0,0.0,0.0,63.888888888888886
E0127,22.22222222222222,52.77777777777778,11.11111111111111,2.7777777777777777,11.11111111111111,0.0,0.0,50.0,50.0,0.0,0.0,0.0,0.0,0.0,27.77777777777778
E0128,5.263157894736842,5.263157894736842,13.157894736842104,57.89473684210527,18.421052631578945,0.0,0.0,0.0,50.0,0.0,25.0,25.0,0.0,0.0,51.31578947368421
E0129,2.564102564102564,5.128205128205128,5.128205128205128,2.564102564102564,17.94871794871795,61.53846153846154,5.128205128205128,0.0,0.0,0.0,0.0,33.33333333333333,66.66666666666666,0.0,20.512820512820504
E0130,3.0303030303030303,3.0303030303030303,24.242424242424242,39.39393939393939,24.242424242424242,6.0606060606060606,0.0,0.0,0.0,0.0,100.0,0.0,0.0,0.0,60.60606060606061
E0131,0.0,6.896551724137931,31.03448275862069,48.275862068965516,10.344827586206897,0.0,3.4482758620689653,0.0,0.0,50.0,50.0,0.0,0.0,0.0,20.689655172413794
E0132,2.2222222222222223,13.333333333333334,55.55555555555556,24.444444444444443,2.2222222222222223,0.0,2.2222222222222223,0.0,12.5,62.5,12.5,12.5,0.0,0.0,17.22222222222222
E0134,14.285714285714285,52.38095238095239,21.428571428571427,2.380952380952381,2.380952380952381,0.0,7.142857142857142,0.0,25.0,25.0,0.0,0.0,0.0,50.0,46.42857142857143
E0135,3.3333333333333335,23.333333333333332,36.666666666666664,20.0,3.3333333333333335,11.666666666666666,1.6666666666666667,0.0,42.857142857142854,14.285714285714285,28.57142857142857,0.0,0.0,14.285714285714285,40.714285714285715
E0136,18.75,43.75,25.0,3.125,3.125,6.25,0.0,0.0,66.66666666666666,33.33333333333333,0.0,0.0,0.0,0.0,31.249999999999993
E0137,19.17808219178082,49.31506849315068,17.80821917808219,5.47945205479452,0.0,2.73972602739726,5.47945205479452,0.0,100.0,0.0,0.0,0.0,0.0,0.0,50.68493150684932
E0138,1.639344262295082,14.754098360655737,49.18032786885246,24.59016393442623,3.278688524590164,4.918032786885246,1.639344262295082,0.0,14.285714285714285,57.14285714285714,0.0,0.0,28.57142857142857,0.0,31.615925058548008
E0139,12.121212121212121,54.54545454545454,12.121212121212121,3.0303030303030303,3.0303030303030303,6.0606060606060606,9.090909090909092,0.0,100.0,0.0,0.0,0.0,0.0,0.0,45.45454545454546
E0140,35.294117647058826,38.23529411764706,14.705882352941178,5.88235294117647,0.0,5.88235294117647,0.0,33.33333333333333,33.33333333333333,0.0,33.33333333333333,0.0,0.0,0.0,27.45098039215687
E0141,8.333333333333332,8.333333333333332,52.77777777777778,13.88888888888889,5.555555555555555,2.7777777777777777,8.333333333333332,50.0,0.0,50.0,0.0,0.0,0.0,0.0,41.666666666666664
E0142,70.27027027027027,24.324324324324326,0.0,2.7027027027027026,0.0,2.7027027027027026,0.0,100.0,0.0,0.0,0.0,0.0,0.0,0.0,29.729729729729726
E0144,5.172413793103448,1.7241379310344827,1.7241379310344827,8.620689655172415,24.137931034482758,55.172413793103445,3.4482758620689653,0.0,16.666666666666664,0.0,16.666666666666664,33.33333333333333,33.33333333333333,0.0,32.18390804597701
E0146,58.97435897435898,28.205128205128204,0.0,5.128205128205128,5.128205128205128,0.0,2.564102564102564,0.0,100.0,0.0,0.0,0.0,0.0,0.0,71.79487179487181
E0147,1.5625,1.5625,4.6875,15.625,48.4375,21.875,6.25,0.0,0.0,10.0,10.0,40.0,30.0,10.0,17.1875
E0148,0.0,0.0,0.0,33.33333333333333,33.33333333333333,33.33333333333333,0.0,0.0,0.0,0.0,0.0,0.0,100.0,0.0,66.66666666666666
E0149,5.0,2.5,2.5,25.0,42.5,20.0,2.5,0.0,0.0,0.0,0.0,0.0,100.0,0.0,80.0
E0150,60.0,20.0,3.3333333333333335,0.0,3.3333333333333335,10.0,3.3333333333333335,0.0,100.0,0.0,0.0,0.0,0.0,0.0,80.00000000000001
E0151,7.317073170731707,1.2195121951219512,19.51219512195122,41.46341463414634,20.73170731707317,6.097560975609756,3.6585365853658534,0.0,0.0,16.666666666666664,50.0,16.666666666666664,16.666666666666664,0.0,19.10569105691057
E0152,2.7027027027027026,5.405405405405405,0.0,18.91891891891892,56.75675675675676,16.216216216216218,0.0,0.0,0.0,0.0,0.0,50.0,50.0,0.0,33.78378378378379
E0154,2.0408163265306123,0.0,26.53061224489796,46.93877551020408,20.408163265306122,2.0408163265306123,2.0408163265306123,0.0,0.0,25.0,50.0,25.0,0.0,0.0,7.653061224489796
E0155,3.1746031746031744,23.809523809523807,50.79365079365079,11.11111111111111,0.0,3.1746031746031744,7.936507936507936,0.0,0.0,50.0,25.0,0.0,0.0,25.0,30.95238095238095
E0156,0.0,12.121212121212121,60.60606060606061,27.27272727272727,0.0,0.0,0.0,0.0,0.0,100.0,0.0,0.0,0.0,0.0,39.39393939393939
E0157,63.888888888888886,22.22222222222222,0.0,2.7777777777777777,0.0,8.333333333333332,2.7777777777777777,80.0,20.0,0.0,0.0,0.0,0.0,0.0,16.11111111111111
E0158,6.451612903225806,0.0,25.806451612903224,48.38709677419355,12.903225806451612,3.225806451612903,3.225806451612903,0.0,0.0,100.0,0.0,0.0,0.0,0.0,74.19354838709677
E0159,66.12903225806451,14.516129032258066,8.064516129032258,0.0,3.225806451612903,4.838709677419355,3.225806451612903,100.0,0.0,0.0,0.0,0.0,0.0,0.0,33.87096774193548
E0160,1.5625,15.625,51.5625,20.3125,4.6875,1.5625,4.6875,0.0,25.0,50.0,0.0,0.0,25.0,0.0,32.8125
E0161,20.0,48.57142857142857,17.142857142857142,5.714285714285714,0.0,2.857142857142857,5.714285714285714,0.0,100.0,0.0,0.0,0.0,0.0,0.0,51.42857142857142
E0162,0.0,18.91891891891892,54.054054054054056,16.216216216216218,8.108108108108109,2.7027027027027026,0.0,0.0,0.0,50.0,50.0,0.0,0.0,0.0,33.78378378378379
E0163,75.0,12.5,0.0,0.0,0.0,12.5,0.0,100.0,0.0,0.0,0.0,0.0,0.0,0.0,25.0
E0164,0.0,4.545454545454546,13.636363636363635,52.27272727272727,20.454545454545457,4.545454545454546,4.545454545454546,0.0,0.0,0.0,80.0,20.0,0.0,0.0,27.727272727272727
E0165,4.477611940298507,1.4925373134328357,1.4925373134328357,23.88059701492537,38.80597014925373,29.850746268656714,0.0,0.0,0.0,0.0,25.0,25.0,50.0,0.0,21.26865671641791
E0166,28.205128205128204,53.84615384615385,10.256410256410255,2.564102564102564,0.0,2.564102564102564,2.564102564102564,20.0,60.0,0.0,0.0,0.0,20.0,0.0,23.589743589743588
E0167,48.484848484848484,36.36363636363637,3.0303030303030303,6.0606060606060606,3.0303030303030303,3.0303030303030303,0.0,100.0,0.0,0.0,0.0,0.0,0.0,0.0,51.515151515151516
E0168,71.42857142857143,21.428571428571427,0.0,0.0,0.0,0.0,7.142857142857142,50.0,0.0,0.0,0.0,0.0,0.0,50.0,42.85714285714286
E0169,0.0,2.7777777777777777,0.0,2.7777777777777777,16.666666666666664,72.22222222222221,5.555555555555555,0.0,0.0,0.0,0.0,20.0,80.0,0.0,11.111111111111118
E0170,1.3888888888888888,27.77777777777778,51.388888888888886,15.277777777777779,1.3888888888888888,0.0,2.7777777777777777,0.0,12.5,62.5,25.0,0.0,0.0,0.0,20.833333333333332
E0171,0.0,25.0,59.375,12.5,0.0,3.125,0.0,0.0,25.0,50.0,25.0,0.0,0.0,0.0,12.5
E0172,55.55555555555556,26.666666666666668,6.666666666666667,0.0,0.0,2.2222222222222223,8.88888888888889,60.0,0.0,20.0,0.0,0.0,20.0,0.0,35.55555555555556
E0174,0.0,5.555555555555555,5.555555555555555,2.7777777777777777,27.77777777777778,58.333333333333336,0.0,0.0,14.285714285714285,14.285714285714285,0.0,14.285714285714285,57.14285714285714,0.0,17.460317460317466
E0175,5.263157894736842,0.0,2.631578947368421,23.684210526315788,44.73684210526316,18.421052631578945,5.263157894736842,0.0,0.0,0.0,0.0,25.0,75.0,0.0,56.57894736842105
E0176,0.0,0.0,40.0,20.0,30.0,0.0,10.0,0.0,0.0,0.0,0.0,100.0,0.0,0.0,70.0
E0177,64.38356164383562,24.65753424657534,2.73972602739726,1.36986301369863,0.0,6.8493150684931505,0.0,66.66666666666666,16.666666666666664,0.0,0.0,0.0,16.666666666666664,0.0,12.10045662100456
E0180,17.647058823529413,41.17647058823529,26.47058823529412,0.0,2.941176470588235,7.352941176470589,4.411764705882353,0.0,100.0,0.0,0.0,0.0,0.0,0.0,58.8235294117647
E0181,64.1025641025641,25.64102564102564,0.0,5.128205128205128,2.564102564102564,2.564102564102564,0.0,50.0,50.0,0.0,0.0,0.0,0.0,0.0,24.358974358974358
E0182,9.67741935483871,58.06451612903226,25.806451612903224,3.225806451612903,0.0,3.225806451612903,0.0,25.0,50.0,0.0,25.0,0.0,0.0,0.0,37.096774193548384
E0183,17.91044776119403,49.25373134328358,26.865671641791046,0.0,2.9850746268656714,1.4925373134328357,1.4925373134328357,37.5,25.0,37.5,0.0,0.0,0.0,0.0,30.223880597014926
E0184,3.0303030303030303,4.545454545454546,3.0303030303030303,3.0303030303030303,13.636363636363635,68.18181818181817,4.545454545454546,0.0,0.0,0.0,0.0,20.0,60.0,20.0,21.818181818181813
E0185,0.0,9.090909090909092,12.121212121212121,48.484848484848484,27.27272727272727,3.0303030303030303,0.0,0.0,0.0,0.0,33.33333333333333,66.66666666666666,0.0,0.0,39.39393939393939
E0186,0.0,0.0,0.0,50.0,30.0,20.0,0.0,0.0,0.0,0.0,0.0,0.0,100.0,0.0,80.0
E0187,0.0,0.0,20.634920634920633,50.79365079365079,20.634920634920633,3.1746031746031744,4.761904761904762,0.0,0.0,33.33333333333333,50.0,16.666666666666664,0.0,0.0,12.698412698412696
E0188,55.55555555555556,19.444444444444446,5.555555555555555,2.7777777777777777,2.7777777777777777,8.333333333333332,5.555555555555555,50.0,50.0,0.0,0.0,0.0,0.0,0.0,30.555555555555557
E0189,2.7027027027027026,2.7027027027027026,18.91891891891892,37.83783783783784,24.324324324324326,8.108108108108109,5.405405405405405,0.0,0.0,0.0,100.0,0.0,0.0,0.0,62.16216216216216
E0190,15.384615384615385,53.84615384615385,17.307692307692307,1.9230769230769231,7.6923076923076925,0.0,3.8461538461538463,0.0,66.66666666666666,33.33333333333333,0.0,0.0,0.0,0.0,28.84615384615384
E0191,3.7037037037037033,3.7037037037037033,25.925925925925924,38.88888888888889,20.37037037037037,3.7037037037037033,3.7037037037037033,0.0,0.0,0.0,100.0,0.0,0.0,0.0,61.11111111111111
E0192,18.91891891891892,67.56756756756756,10.81081081081081,0.0,0.0,0.0,2.7027027027027026,33.33333333333333,33.33333333333333,33.33333333333333,0.0,0.0,0.0,0.0,36.93693693693694
E0193,5.263157894736842,5.263157894736842,0.0,0.0,5.263157894736842,0.0,84.21052631578947,0.0,0.0,0.0,0.0,0.0,0.0,100.0,15.78947368421053
E0194,17.647058823529413,45.588235294117645,25.0,2.941176470588235,2.941176470588235,4.411764705882353,1.4705882352941175,50.0,0.0,25.0,0.0,0.0,0.0,25.0,55.882352941176464
E0195,45.45454545454545,36.36363636363637,9.090909090909092,0.0,0.0,0.0,9.090909090909092,50.0,50.0,0.0,0.0,0.0,0.0,0.0,18.181818181818183
E0196,2.2222222222222223,0.0,8.88888888888889,2.2222222222222223,26.666666666666668,57.77777777777777,2.2222222222222223,0.0,0.0,0.0,0.0,0.0,100.0,0.0,42.22222222222223
E0197,52.38095238095239,25.396825396825395,4.761904761904762,3.1746031746031744,6.349206349206349,3.1746031746031744,4.761904761904762,50.0,12.5,12.5,0.0,0.0,12.5,12.5,24.801587301587304
E0198,2.380952380952381,0.0,21.428571428571427,47.61904761904761,23.809523809523807,0.0,4.761904761904762,0.0,0.0,0.0,57.14285714285714,42.857142857142854,0.0,0.0,28.57142857142857
E0199,3.8461538461538463,3.8461538461538463,13.461538461538462,61.53846153846154,11.538461538461538,1.9230769230769231,3.8461538461538463,0.0,0.0,11.11111111111111,77.77777777777779,11.11111111111111,0.0,0.0,16.239316239316242
E0200,8.333333333333332,0.0,0.0,13.88888888888889,61.111111111111114,13.88888888888889,2.7777777777777777,0.0,0.0,0.0,50.0,50.0,0.0,0.0,36.11111111111111
E0201,2.7027027027027026,0.0,2.7027027027027026,5.405405405405405,5.405405405405405,0.0,83.78378378378379,0.0,0.0,0.0,0.0,0.0,0.0,100.0,16.216216216216214
E0202,4.918032786885246,1.639344262295082,0.0,6.557377049180328,1.639344262295082,3.278688524590164,81.9672131147541,0.0,0.0,0.0,33.33333333333333,0.0,33.33333333333333,33.33333333333333,56.830601092896174
E0203,42.857142857142854,35.714285714285715,7.142857142857142,0.0,7.142857142857142,3.571428571428571,3.571428571428571,100.0,0.0,0.0,0.0,0.0,0.0,0.0,57.14285714285714
E0205,1.4925373134328357,1.4925373134328357,23.88059701492537,56.71641791044776,13.432835820895523,0.0,2.9850746268656714,0.0,0.0,33.33333333333333,50.0,0.0,0.0,16.666666666666664,23.134328358208954
E0206,1.7543859649122806,1.7543859649122806,14.035087719298245,57.89473684210527,21.052631578947366,1.7543859649122806,1.7543859649122806,0.0,0.0,75.0,0.0,0.0,0.0,25.0,84.21052631578948
E0207,56.36363636363636,29.09090909090909,0.0,1.8181818181818181,7.2727272727272725,1.8181818181818181,3.6363636363636362,50.0,16.666666666666664,0.0,16.666666666666664,0.0,0.0,16.666666666666664,27.878787878787875
E0208,2.9850746268656714,1.4925373134328357,10.44776119402985,55.223880597014926,26.865671641791046,0.0,2.9850746268656714,0.0,0.0,0.0,85.71428571428571,0.0,0.0,14.285714285714285,41.79104477611939
E0209,2.857142857142857,0.0,5.714285714285714,2.857142857142857,2.857142857142857,0.0,85.71428571428571,0.0,0.0,0.0,0.0,0.0,0.0,100.0,14.285714285714288
E0210,7.142857142857142,0.0,7.142857142857142,0.0,30.952380952380953,54.761904761904766,0.0,0.0,0.0,0.0,0.0,40.0,60.0,0.0,14.285714285714283
E0211,6.25,9.375,50.0,25.0,9.375,0.0,0.0,0.0,0.0,0.0,100.0,0.0,0.0,0.0,75.0
E0212,53.333333333333336,28.888888888888886,2.2222222222222223,2.2222222222222223,8.88888888888889,2.2222222222222223,2.2222222222222223,50.0,25.0,0.0,0.0,0.0,0.0,25.0,22.77777777777778
E0213,38.46153846153847,15.384615384615385,38.46153846153847,0.0,0.0,0.0,7.6923076923076925,25.0,50.0,25.0,0.0,0.0,0.0,0.0,34.61538461538462
E0214,4.0,2.0,2.0,24.0,44.0,24.0,0.0,33.33333333333333,0.0,0.0,0.0,66.66666666666666,0.0,0.0,51.99999999999999
E0215,2.1739130434782608,0.0,34.78260869565217,39.130434782608695,15.217391304347828,0.0,8.695652173913043,25.0,0.0,25.0,50.0,0.0,0.0,0.0,33.69565217391304
E0216,2.941176470588235,26.47058823529412,41.17647058823529,20.588235294117645,2.941176470588235,5.88235294117647,0.0,20.0,0.0,60.0,0.0,0.0,20.0,0.0,50.0
E0217,53.84615384615385,38.46153846153847,0.0,0.0,0.0,0.0,7.6923076923076925,100.0,0.0,0.0,0.0,0.0,0.0,0.0,46.15384615384615
E0218,0.0,24.390243902439025,41.46341463414634,24.390243902439025,2.4390243902439024,4.878048780487805,2.4390243902439024,0.0,50.0,50.0,0.0,0.0,0.0,0.0,34.146341463414636
E0219,8.108108108108109,29.72972972972973,43.24324324324324,10.81081081081081,0.0,5.405405405405405,2.7027027027027026,25.0,25.0,50.0,0.0,0.0,0.0,0.0,23.64864864864865
E0220,0.0,0.0,2.941176470588235,8.823529411764707,23.52941176470588,64.70588235294117,0.0,0.0,0.0,0.0,0.0,12.5,87.5,0.0,22.794117647058826
E0221,1.2195121951219512,1.2195121951219512,18.29268292682927,57.3170731707317,17.073170731707318,1.2195121951219512,3.6585365853658534,0.0,0.0,0.0,66.66666666666666,33.33333333333333,0.0,0.0,25.609756097560968
E0222,25.0,38.63636363636363,20.454545454545457,6.8181818181818175,0.0,4.545454545454546,4.545454545454546,50.0,0.0,50.0,0.0,0.0,0.0,0.0,54.54545454545454
E0223,0.0,0.0,75.0,12.5,0.0,0.0,12.5,0.0,0.0,100.0,0.0,0.0,0.0,0.0,25.0
E0224,33.33333333333333,44.44444444444444,11.11111111111111,11.11111111111111,0.0,0.0,0.0,0.0,0.0,0.0,100.0,0.0,0.0,0.0,88.88888888888889
E0225,2.2222222222222223,4.444444444444445,4.444444444444445,2.2222222222222223,2.2222222222222223,8.88888888888889,75.55555555555556,0.0,0.0,25.0,0.0,0.0,0.0,75.0,20.555555555555557
E0226,17.647058823529413,52.94117647058824,20.588235294117645,1.4705882352941175,0.0,1.4705882352941175,5.88235294117647,11.11111111111111,55.55555555555556,33.33333333333333,0.0,0.0,0.0,0.0,15.359477124183003
E0228,16.666666666666664,61.66666666666667,15.0,1.6666666666666667,0.0,3.3333333333333335,1.6666666666666667,100.0,0.0,0.0,0.0,0.0,0.0,0.0,83.33333333333333
E0230,6.451612903225806,6.451612903225806,19.35483870967742,45.16129032258064,16.129032258064516,3.225806451612903,3.225806451612903,0.0,0.0,0.0,100.0,0.0,0.0,0.0,54.838709677419345
E0231,2.7027027027027026,2.7027027027027026,18.91891891891892,51.35135135135135,22.972972972972975,1.3513513513513513,0.0,0.0,0.0,33.33333333333333,33.33333333333333,33.33333333333333,0.0,0.0,24.77477477477477
E0232,9.75609756097561,58.536585365853654,26.82926829268293,2.4390243902439024,2.4390243902439024,0.0,0.0,16.666666666666664,50.0,33.33333333333333,0.0,0.0,0.0,0.0,13.414634146341456
E0233,28.749999999999996,48.75,15.0,3.75,2.5,0.0,1.25,25.0,50.0,25.0,0.0,0.0,0.0,0.0,11.249999999999998
E0235,12.5,12.5,25.0,50.0,0.0,0.0,0.0,0.0,0.0,0.0,100.0,0.0,0.0,0.0,50.0
E0236,48.57142857142857,31.428571428571427,2.857142857142857,2.857142857142857,0.0,5.714285714285714,8.571428571428571,50.0,0.0,0.0,0.0,0.0,0.0,50.0,42.85714285714286
E0237,4.081632653061225,0.0,24.489795918367346,40.816326530612244,22.448979591836736,2.0408163265306123,6.122448979591836,0.0,0.0,0.0,66.66666666666666,33.33333333333333,0.0,0.0,36.73469387755102
E0239,1.3333333333333335,0.0,0.0,2.666666666666667,22.666666666666664,69.33333333333334,4.0,0.0,0.0,0.0,0.0,50.0,50.0,0.0,27.33333333333334
E0240,2.941176470588235,26.47058823529412,52.94117647058824,11.76470588235294,2.941176470588235,0.0,2.941176470588235,0.0,100.0,0.0,0.0,0.0,0.0,0.0,73.52941176470587
E0243,2.2222222222222223,0.0,22.22222222222222,53.333333333333336,15.555555555555555,2.2222222222222223,4.444444444444445,0.0,0.0,40.0,40.0,20.0,0.0,0.0,22.22222222222222
E0244,2.5,0.0,0.0,20.0,57.49999999999999,20.0,0.0,0.0,0.0,0.0,0.0,100.0,0.0,0.0,42.5
E0245,25.0,50.0,15.625,6.25,3.125,0.0,0.0,25.0,25.0,25.0,25.0,0.0,0.0,0.0,28.125
E0246,2.7027027027027026,13.513513513513514,45.94594594594595,29.72972972972973,2.7027027027027026,2.7027027027027026,2.7027027027027026,0.0,25.0,50.0,25.0,0.0,0.0,0.0,15.540540540540537
E0247,0.0,7.142857142857142,0.0,25.0,53.57142857142857,10.714285714285714,3.571428571428571,0.0,0.0,0.0,50.0,50.0,0.0,0.0,24.999999999999996
E0248,3.9473684210526314,0.0,2.631578947368421,1.3157894736842104,28.947368421052634,59.210526315789465,3.9473684210526314,0.0,0.0,16.666666666666664,0.0,16.666666666666664,66.66666666666666,0.0,21.49122807017544
E0249,24.324324324324326,56.75675675675676,16.216216216216218,0.0,2.7027027027027026,0.0,0.0,60.0,40.0,0.0,0.0,0.0,0.0,0.0,35.67567567567568
E0250,2.7777777777777777,5.555555555555555,16.666666666666664,55.55555555555556,19.444444444444446,0.0,0.0,0.0,0.0,28.57142857142857,71.42857142857143,0.0,0.0,0.0,27.77777777777778
E0251,28.57142857142857,42.857142857142854,20.0,2.857142857142857,0.0,0.0,5.714285714285714,100.0,0.0,0.0,0.0,0.0,0.0,0.0,71.42857142857143
E0252,64.0,28.000000000000004,0.0,4.0,0.0,4.0,0.0,50.0,50.0,0.0,0.0,0.0,0.0,0.0,22.0
E0254,3.571428571428571,0.0,7.142857142857142,17.857142857142858,42.857142857142854,25.0,3.571428571428571,50.0,0.0,0.0,50.0,0.0,0.0,0.0,78.57142857142857
E0255,2.857142857142857,2.857142857142857,5.714285714285714,28.57142857142857,37.142857142857146,17.142857142857142,5.714285714285714,20.0,0.0,0.0,20.0,60.0,0.0,0.0,39.99999999999999
E0256,60.810810810810814,24.324324324324326,8.108108108108109,5.405405405405405,1.3513513513513513,0.0,0.0,42.857142857142854,42.857142857142854,0.0,0.0,14.285714285714285,0.0,0.0,31.46718146718147
E0257,0.0,0.0,0.0,20.454545454545457,56.81818181818182,20.454545454545457,2.272727272727273,0.0,0.0,0.0,25.0,75.0,0.0,0.0,22.727272727272727
E0258,2.7777777777777777,22.22222222222222,50.0,13.88888888888889,5.555555555555555,2.7777777777777777,2.7777777777777777,0.0,33.33333333333333,66.66666666666666,0.0,0.0,0.0,0.0,27.77777777777777
E0259,15.151515151515152,48.484848484848484,15.151515151515152,6.0606060606060606,3.0303030303030303,6.0606060606060606,6.0606060606060606,33.33333333333333,33.33333333333333,0.0,0.0,33.33333333333333,0.0,0.0,48.484848484848484
E0260,0.0,21.875,59.375,15.625,3.125,0.0,0.0,0.0,20.0,80.0,0.0,0.0,0.0,0.0,20.625
E0261,52.63157894736842,26.31578947368421,5.263157894736842,2.631578947368421,2.631578947368421,2.631578947368421,7.894736842105263,33.33333333333333,33.33333333333333,0.0,0.0,0.0,0.0,33.33333333333333,32.456140350877185
E0262,0.0,2.083333333333333,2.083333333333333,31.25,50.0,10.416666666666668,4.166666666666666,0.0,0.0,0.0,33.33333333333333,33.33333333333333,33.33333333333333,0.0,24.999999999999996
E0263,2.941176470588235,0.0,20.588235294117645,44.11764705882353,23.52941176470588,2.941176470588235,5.88235294117647,0.0,0.0,0.0,50.0,50.0,0.0,0.0,32.35294117647059
E0264,12.5,50.0,25.0,0.0,0.0,12.5,0.0,0.0,100.0,0.0,0.0,0.0,0.0,0.0,50.0
E0266,26.82926829268293,39.02439024390244,19.51219512195122,0.0,0.0,7.317073170731707,7.317073170731707,33.33333333333333,33.33333333333333,33.33333333333333,0.0,0.0,0.0,0.0,20.325203252032516
E0267,56.896551724137936,27.586206896551722,0.0,1.7241379310344827,3.4482758620689653,6.896551724137931,3.4482758620689653,37.5,37.5,0.0,12.5,12.5,0.0,0.0,29.74137931034483
E0268,3.125,0.0,25.0,53.125,12.5,3.125,3.125,0.0,0.0,0.0,100.0,0.0,0.0,0.0,46.875
E0269,0.0,0.0,2.898550724637681,15.942028985507244,59.42028985507246,17.391304347826086,4.3478260869565215,0.0,0.0,0.0,12.5,75.0,12.5,0.0,15.579710144927535
E0270,71.7948717948718,12.82051282051282,2.564102564102564,5.128205128205128,0.0,2.564102564102564,5.128205128205128,66.66666666666666,0.0,33.33333333333333,0.0,0.0,0.0,0.0,30.769230769230774
E0272,0.0,2.857142857142857,22.857142857142858,40.0,25.71428571428571,5.714285714285714,2.857142857142857,0.0,0.0,40.0,40.0,20.0,0.0,0.0,17.142857142857142
E0273,5.0,5.0,0.0,30.0,45.0,15.0,0.0,0.0,0.0,0.0,50.0,25.0,25.0,0.0,30.0
E0274,25.806451612903224,45.16129032258064,16.129032258064516,6.451612903225806,3.225806451612903,0.0,3.225806451612903,50.0,50.0,0.0,0.0,0.0,0.0,0.0,29.032258064516135
E0275,0.0,50.0,25.0,0.0,16.666666666666664,0.0,8.333333333333332,0.0,0.0,100.0,0.0,0.0,0.0,0.0,75.0
E0276,2.7777777777777777,0.0,27.77777777777778,47.22222222222222,16.666666666666664,2.7777777777777777,2.7777777777777777,0.0,0.0,0.0,100.0,0.0,0.0,0.0,52.77777777777777
E0277,19.35483870967742,35.483870967741936,38.70967741935484,3.225806451612903,0.0,3.225806451612903,0.0,50.0,16.666666666666664,33.33333333333333,0.0,0.0,0.0,0.0,30.645161290322587
E0278,71.42857142857143,16.666666666666664,2.380952380952381,2.380952380952381,2.380952380952381,0.0,4.761904761904762,33.33333333333333,0.0,33.33333333333333,0.0,33.33333333333333,0.0,0.0,61.904761904761905
E0279,0.0,1.5873015873015872,23.809523809523807,50.79365079365079,20.634920634920633,1.5873015873015872,1.5873015873015872,0.0,0.0,0.0,60.0,40.0,0.0,0.0,28.571428571428577
E0282,4.878048780487805,7.317073170731707,21.951219512195124,41.46341463414634,19.51219512195122,0.0,4.878048780487805,20.0,20.0,20.0,20.0,20.0,0.0,0.0,28.292682926829265
E0283,2.631578947368421,0.0,23.684210526315788,42.10526315789473,26.31578947368421,2.631578947368421,2.631578947368421,0.0,0.0,40.0,20.0,20.0,20.0,0.0,33.68421052631579
E0284,19.444444444444446,50.0,22.22222222222222,0.0,0.0,2.7777777777777777,5.555555555555555,0.0,100.0,0.0,0.0,0.0,0.0,0.0,49.99999999999999
E0285,15.625,50.0,21.875,6.25,3.125,0.0,3.125,33.33333333333333,33.33333333333333,33.33333333333333,0.0,0.0,0.0,0.0,29.166666666666664
E0287,56.41025641025641,30.76923076923077,0.0,2.564102564102564,5.128205128205128,2.564102564102564,2.564102564102564,75.0,0.0,0.0,0.0,0.0,0.0,25.0,41.02564102564103
E0288,1.3513513513513513,5.405405405405405,22.972972972972975,36.486486486486484,29.72972972972973,2.7027027027027026,1.3513513513513513,0.0,14.285714285714285,28.57142857142857,28.57142857142857,14.285714285714285,0.0,14.285714285714285,27.413127413127405
E0289,0.0,6.0606060606060606,0.0,3.0303030303030303,24.242424242424242,63.63636363636363,3.0303030303030303,0.0,0.0,0.0,0.0,25.0,75.0,0.0,12.121212121212123
E0290,0.0,3.571428571428571,3.571428571428571,7.142857142857142,0.0,3.571428571428571,82.14285714285714,0.0,0.0,0.0,33.33333333333333,0.0,0.0,66.66666666666666,26.19047619047619
E0291,2.272727272727273,4.545454545454546,31.818181818181817,40.909090909090914,18.181818181818183,0.0,2.272727272727273,0.0,0.0,80.0,0.0,20.0,0.0,0.0,50.0
E0292,15.909090909090908,59.09090909090909,15.909090909090908,0.0,4.545454545454546,2.272727272727273,2.272727272727273,33.33333333333333,66.66666666666666,0.0,0.0,0.0,0.0,0.0,24.999999999999993
E0293,63.63636363636363,21.21212121212121,0.0,0.0,3.0303030303030303,0.0,12.121212121212121,80.0,20.0,0.0,0.0,0.0,0.0,0.0,16.363636363636367
E0294,2.631578947368421,2.631578947368421,2.631578947368421,18.421052631578945,57.89473684210527,13.157894736842104,2.631578947368421,0.0,0.0,0.0,0.0,100.0,0.0,0.0,42.10526315789473
E0295,0.0,3.225806451612903,12.903225806451612,35.483870967741936,35.483870967741936,9.67741935483871,3.225806451612903,0.0,0.0,50.0,0.0,50.0,0.0,0.0,51.61290322580645
E0296,0.0,0.0,27.27272727272727,36.36363636363637,36.36363636363637,0.0,0.0,0.0,0.0,0.0,0.0,100.0,0.0,0.0,63.63636363636364
E0297,0.0,0.0,0.0,10.0,50.0,40.0,0.0,0.0,0.0,0.0,0.0,100.0,0.0,0.0,50.0
E0298,0.0,2.7027027027027026,24.324324324324326,56.75675675675676,16.216216216216218,0.0,0.0,0.0,0.0,0.0,100.0,0.0,0.0,0.0,43.24324324324324
E0299,0.0,6.666666666666667,3.3333333333333335,23.333333333333332,50.0,10.0,6.666666666666667,0.0,0.0,0.0,50.0,50.0,0.0,0.0,26.666666666666668
E0300,62.92134831460674,19.101123595505616,3.3707865168539324,4.49438202247191,4.49438202247191,1.1235955056179776,4.49438202247191,40.0,40.0,0.0,0.0,0.0,20.0,0.0,39.7752808988764
E0301,2.380952380952381,4.761904761904762,30.952380952380953,38.095238095238095,16.666666666666664,2.380952380952381,4.761904761904762,0.0,0.0,20.0,40.0,40.0,0.0,0.0,25.238095238095237
E0302,6.0,8.0,4.0,0.0,24.0,52.0,6.0,0.0,0.0,25.0,0.0,0.0,75.0,0.0,44.0
E0303,10.256410256410255,41.02564102564102,33.33333333333333,10.256410256410255,0.0,2.564102564102564,2.564102564102564,0.0,50.0,0.0,0.0,0.0,0.0,50.0,56.41025641025641
E0304,0.0,1.25,15.0,51.24999999999999,26.25,2.5,3.75,0.0,0.0,33.33333333333333,66.66666666666666,0.0,0.0,0.0,33.75
E0305,20.0,52.307692307692314,21.53846153846154,1.5384615384615385,1.5384615384615385,1.5384615384615385,1.5384615384615385,33.33333333333333,33.33333333333333,33.33333333333333,0.0,0.0,0.0,0.0,25.12820512820513
E0306,3.4482758620689653,6.896551724137931,3.4482758620689653,3.4482758620689653,10.344827586206897,0.0,72.41379310344827,0.0,0.0,0.0,0.0,0.0,0.0,100.0,27.586206896551726
E0307,43.58974358974359,48.717948717948715,2.564102564102564,0.0,0.0,2.564102564102564,2.564102564102564,50.0,25.0,0.0,0.0,0.0,0.0,25.0,28.846153846153843
E0308,3.4482758620689653,3.4482758620689653,17.24137931034483,41.37931034482759,24.137931034482758,10.344827586206897,0.0,0.0,0.0,50.0,50.0,0.0,0.0,0.0,41.37931034482759
E0309,27.586206896551722,55.172413793103445,12.068965517241379,1.7241379310344827,0.0,0.0,3.4482758620689653,42.857142857142854,42.857142857142854,0.0,0.0,0.0,0.0,14.285714285714285,26.108374384236456
E0310,2.564102564102564,0.0,15.384615384615385,64.1025641025641,17.94871794871795,0.0,0.0,0.0,0.0,33.33333333333333,33.33333333333333,33.33333333333333,0.0,0.0,33.33333333333333
E0311,29.411764705882355,50.0,11.76470588235294,0.0,0.0,5.88235294117647,2.941176470588235,20.0,60.0,0.0,0.0,0.0,0.0,20.0,27.058823529411768
E0312,13.846153846153847,53.84615384615385,18.461538461538463,3.076923076923077,3.076923076923077,3.076923076923077,4.615384615384616,0.0,60.0,20.0,20.0,0.0,0.0,0.0,24.615384615384617
E0313,3.125,9.375,68.75,15.625,0.0,3.125,0.0,0.0,16.666666666666664,66.66666666666666,16.666666666666664,0.0,0.0,0.0,8.333333333333336
E0314,0.0,3.0303030303030303,3.0303030303030303,3.0303030303030303,28.78787878787879,59.09090909090909,3.0303030303030303,0.0,0.0,0.0,0.0,20.0,80.0,0.0,20.909090909090907
E0315,7.142857142857142,61.904761904761905,19.047619047619047,2.380952380952381,2.380952380952381,7.142857142857142,0.0,0.0,100.0,0.0,0.0,0.0,0.0,0.0,38.095238095238095
E0316,72.5,10.0,0.0,7.5,2.5,0.0,7.5,100.0,0.0,0.0,0.0,0.0,0.0,0.0,27.5
E0317,0.0,0.0,5.555555555555555,16.666666666666664,47.22222222222222,27.77777777777778,2.7777777777777777,0.0,0.0,33.33333333333333,33.33333333333333,33.33333333333333,0.0,0.0,44.44444444444444
E0318,1.4285714285714286,17.142857142857142,58.57142857142858,20.0,1.4285714285714286,1.4285714285714286,0.0,0.0,0.0,55.55555555555556,44.44444444444444,0.0,0.0,0.0,24.444444444444446
E0319,0.0,0.0,25.0,0.0,50.0,25.0,0.0,0.0,0.0,0.0,0.0,50.0,50.0,0.0,25.0
E0320,64.47368421052632,21.052631578947366,1.3157894736842104,2.631578947368421,2.631578947368421,5.263157894736842,2.631578947368421,33.33333333333333,33.33333333333333,0.0,0.0,0.0,33.33333333333333,0.0,40.35087719298245
E0321,0.0,7.142857142857142,16.666666666666664,42.857142857142854,33.33333333333333,0.0,0.0,0.0,0.0,0.0,50.0,50.0,0.0,0.0,23.80952380952381
E0322,20.689655172413794,46.55172413793103,24.137931034482758,0.0,1.7241379310344827,1.7241379310344827,5.172413793103448,50.0,25.0,25.0,0.0,0.0,0.0,0.0,30.172413793103445
E0323,8.333333333333332,58.333333333333336,25.0,2.7777777777777777,5.555555555555555,0.0,0.0,33.33333333333333,66.66666666666666,0.0,0.0,0.0,0.0,0.0,33.33333333333332
E0324,0.0,1.9230769230769231,23.076923076923077,42.30769230769231,25.0,3.8461538461538463,3.8461538461538463,0.0,0.0,20.0,60.0,20.0,0.0,0.0,17.692307692307693
E0326,0.0,3.0303030303030303,3.0303030303030303,9.090909090909092,63.63636363636363,18.181818181818183,3.0303030303030303,0.0,0.0,100.0,0.0,0.0,0.0,0.0,96.96969696969697
E0327,34.285714285714285,34.285714285714285,17.142857142857142,14.285714285714285,0.0,0.0,0.0,14.285714285714285,42.857142857142854,14.285714285714285,28.57142857142857,0.0,0.0,0.0,22.857142857142854
E0328,2.564102564102564,25.64102564102564,33.33333333333333,23.076923076923077,0.0,7.6923076923076925,7.6923076923076925,0.0,66.66666666666666,0.0,0.0,0.0,33.33333333333333,0.0,66.66666666666666
E0329,0.0,20.408163265306122,51.02040816326531,20.408163265306122,4.081632653061225,4.081632653061225,0.0,0.0,20.0,60.0,20.0,0.0,0.0,0.0,8.979591836734691
E0330,2.7777777777777777,0.0,5.555555555555555,2.7777777777777777,5.555555555555555,5.555555555555555,77.77777777777779,0.0,0.0,0.0,0.0,0.0,0.0,100.0,22.222222222222218
E0331,32.5,30.0,22.5,2.5,5.0,0.0,7.5,50.0,50.0,0.0,0.0,0.0,0.0,0.0,37.5
E0332,18.6046511627907,55.81395348837209,16.27906976744186,2.3255813953488373,4.651162790697675,0.0,2.3255813953488373,60.0,40.0,0.0,0.0,0.0,0.0,0.0,41.3953488372093
E0333,0.0,57.14285714285714,28.57142857142857,0.0,0.0,14.285714285714285,0.0,0.0,0.0,100.0,0.0,0.0,0.0,0.0,71.42857142857142
E0334,0.0,2.8169014084507045,18.30985915492958,56.33802816901409,15.492957746478872,4.225352112676056,2.8169014084507045,0.0,0.0,0.0,0.0,100.0,0.0,0.0,84.50704225352113
E0335,20.408163265306122,51.02040816326531,18.367346938775512,4.081632653061225,0.0,0.0,6.122448979591836,0.0,100.0,0.0,0.0,0.0,0.0,0.0,48.97959183673469
E0336,11.904761904761903,4.761904761904762,4.761904761904762,2.380952380952381,21.428571428571427,52.38095238095239,2.380952380952381,33.33333333333333,0.0,0.0,0.0,33.33333333333333,33.33333333333333,0.0,33.33333333333333
E0337,25.0,52.5,15.0,0.0,2.5,5.0,0.0,66.66666666666666,33.33333333333333,0.0,0.0,0.0,0.0,0.0,41.666666666666664
E0338,5.555555555555555,0.0,5.555555555555555,5.555555555555555,22.22222222222222,61.111111111111114,0.0,0.0,0.0,0.0,0.0,0.0,100.0,0.0,38.888888888888886
E0339,66.66666666666666,22.22222222222222,0.0,2.7777777777777777,0.0,5.555555555555555,2.7777777777777777,50.0,50.0,0.0,0.0,0.0,0.0,0.0,27.777777777777775
E0340,0.0,2.73972602739726,17.80821917808219,52.054794520547944,23.28767123287671,2.73972602739726,1.36986301369863,0.0,0.0,50.0,50.0,0.0,0.0,0.0,32.19178082191781
E0341,2.4390243902439024,2.4390243902439024,0.0,0.0,9.75609756097561,82.92682926829268,2.4390243902439024,0.0,0.0,0.0,0.0,0.0,100.0,0.0,17.073170731707318
E0343,0.0,2.4390243902439024,2.4390243902439024,2.4390243902439024,0.0,4.878048780487805,87.8048780487805,0.0,0.0,0.0,14.285714285714285,0.0,14.285714285714285,71.42857142857143,21.254355400696866
E0344,5.405405405405405,18.91891891891892,51.35135135135135,13.513513513513514,0.0,5.405405405405405,5.405405405405405,25.0,25.0,50.0,0.0,0.0,0.0,0.0,25.675675675675674
E0346,0.0,3.225806451612903,16.129032258064516,56.451612903225815,19.35483870967742,4.838709677419355,0.0,0.0,0.0,0.0,66.66666666666666,33.33333333333333,0.0,0.0,24.19354838709676
E0347,23.076923076923077,38.46153846153847,25.64102564102564,2.564102564102564,5.128205128205128,2.564102564102564,2.564102564102564,20.0,40.0,20.0,0.0,0.0,0.0,20.0,18.97435897435897
E0348,15.384615384615385,61.53846153846154,15.384615384615385,0.0,0.0,0.0,7.6923076923076925,50.0,25.0,25.0,0.0,0.0,0.0,0.0,44.23076923076923
E0349,17.94871794871795,56.41025641025641,17.94871794871795,0.0,2.564102564102564,2.564102564102564,2.564102564102564,50.0,25.0,25.0,0.0,0.0,0.0,0.0,39.10256410256411
E0350,62.5,25.0,0.0,0.0,0.0,12.5,0.0,0.0,100.0,0.0,0.0,0.0,0.0,0.0,75.0
E0351,55.00000000000001,30.0,6.666666666666667,1.6666666666666667,3.3333333333333335,0.0,3.3333333333333335,100.0,0.0,0.0,0.0,0.0,0.0,0.0,45.0
E0352,60.0,23.333333333333332,10.0,3.3333333333333335,0.0,3.3333333333333335,0.0,0.0,100.0,0.0,0.0,0.0,0.0,0.0,76.66666666666669
E0353,4.651162790697675,18.6046511627907,48.837209302325576,16.27906976744186,2.3255813953488373,2.3255813953488373,6.976744186046512,0.0,100.0,0.0,0.0,0.0,0.0,0.0,81.3953488372093
E0354,6.8181818181818175,0.0,2.272727272727273,20.454545454545457,54.54545454545454,11.363636363636363,4.545454545454546,0.0,0.0,0.0,0.0,100.0,0.0,0.0,45.45454545454545
E0355,73.68421052631578,15.789473684210526,0.0,2.631578947368421,2.631578947368421,5.263157894736842,0.0,75.0,25.0,0.0,0.0,0.0,0.0,0.0,10.526315789473689
E0356,53.16455696202531,22.78481012658228,2.5316455696202533,1.2658227848101267,7.59493670886076,7.59493670886076,5.063291139240507,40.0,20.0,0.0,10.0,0.0,10.0,20.0,26.075949367088604
E0357,2.7777777777777777,2.7777777777777777,16.666666666666664,38.88888888888889,33.33333333333333,2.7777777777777777,2.7777777777777777,0.0,0.0,50.0,50.0,0.0,0.0,0.0,44.444444444444436
E0358,22.58064516129032,58.06451612903226,16.129032258064516,0.0,0.0,0.0,3.225806451612903,50.0,25.0,25.0,0.0,0.0,0.0,0.0,36.29032258064516
E0359,48.275862068965516,24.137931034482758,10.344827586206897,3.4482758620689653,3.4482758620689653,5.172413793103448,5.172413793103448,60.0,40.0,0.0,0.0,0.0,0.0,0.0,27.586206896551722
E0360,0.0,62.5,12.5,12.5,0.0,0.0,12.5,0.0,100.0,0.0,0.0,0.0,0.0,0.0,37.5
E0361,0.0,9.30232558139535,4.651162790697675,2.3255813953488373,20.930232558139537,60.46511627906976,2.3255813953488373,0.0,0.0,25.0,0.0,0.0,75.0,0.0,34.88372093023256
E0362,2.941176470588235,0.0,2.941176470588235,23.52941176470588,41.17647058823529,26.47058823529412,2.941176470588235,0.0,0.0,0.0,50.0,50.0,0.0,0.0,35.294117647058826
E0363,19.51219512195122,46.34146341463415,17.073170731707318,0.0,7.317073170731707,2.4390243902439024,7.317073170731707,0.0,33.33333333333333,33.33333333333333,0.0,0.0,33.33333333333333,0.0,47.15447154471544
E0364,3.3333333333333335,0.0,26.666666666666668,30.0,26.666666666666668,6.666666666666667,6.666666666666667,0.0,0.0,50.0,0.0,0.0,50.0,0.0,66.66666666666666
E0366,2.631578947368421,2.631578947368421,18.421052631578945,52.63157894736842,21.052631578947366,0.0,2.631578947368421,0.0,20.0,0.0,60.0,20.0,0.0,0.0,24.736842105263154
E0367,4.3478260869565215,0.0,17.391304347826086,41.30434782608695,28.26086956521739,8.695652173913043,0.0,0.0,0.0,0.0,0.0,100.0,0.0,0.0,71.73913043478261
E0368,4.651162790697675,2.3255813953488373,13.953488372093023,48.837209302325576,25.581395348837212,0.0,4.651162790697675,50.0,0.0,0.0,0.0,50.0,0.0,0.0,69.76744186046511
E0369,18.75,50.0,18.75,3.125,3.125,3.125,3.125,25.0,75.0,0.0,0.0,0.0,0.0,0.0,31.25
E0370,68.65671641791045,17.91044776119403,7.462686567164178,1.4925373134328357,2.9850746268656714,1.4925373134328357,0.0,80.0,20.0,0.0,0.0,0.0,0.0,0.0,13.432835820895523
E0371,4.918032786885246,13.114754098360656,49.18032786885246,22.950819672131146,3.278688524590164,1.639344262295082,4.918032786885246,0.0,20.0,40.0,40.0,0.0,0.0,0.0,23.934426229508198
E0372,2.631578947368421,5.263157894736842,2.631578947368421,5.263157894736842,18.421052631578945,65.78947368421053,0.0,0.0,0.0,0.0,25.0,25.0,50.0,0.0,26.315789473684216
E0373,3.4482758620689653,0.0,24.137931034482758,48.275862068965516,10.344827586206897,10.344827586206897,3.4482758620689653,0.0,0.0,0.0,50.0,0.0,0.0,50.0,48.275862068965516
E0374,2.3255813953488373,0.0,11.627906976744185,16.27906976744186,41.86046511627907,25.581395348837212,2.3255813953488373,0.0,0.0,0.0,0.0,33.33333333333333,66.66666666666666,0.0,41.08527131782946
E0375,0.0,0.0,0.0,11.11111111111111,0.0,11.11111111111111,77.77777777777779,0.0,0.0,0.0,0.0,0.0,50.0,50.0,38.88888888888889
E0378,2.2222222222222223,4.444444444444445,17.77777777777778,48.888888888888886,22.22222222222222,2.2222222222222223,2.2222222222222223,0.0,33.33333333333333,33.33333333333333,33.33333333333333,0.0,0.0,0.0,44.44444444444444
E0379,3.3333333333333335,10.0,1.6666666666666667,3.3333333333333335,3.3333333333333335,6.666666666666667,71.66666666666667,0.0,0.0,0.0,0.0,0.0,0.0,100.0,28.33333333333333
E0380,5.405405405405405,2.7027027027027026,8.108108108108109,2.7027027027027026,0.0,2.7027027027027026,78.37837837837837,33.33333333333333,33.33333333333333,0.0,0.0,0.0,0.0,33.33333333333333,58.55855855855856
E0381,0.0,12.5,12.5,37.5,37.5,0.0,0.0,0.0,100.0,0.0,0.0,0.0,0.0,0.0,87.5
E0382,7.6923076923076925,48.717948717948715,28.205128205128204,5.128205128205128,2.564102564102564,2.564102564102564,5.128205128205128,0.0,100.0,0.0,0.0,0.0,0.0,0.0,51.282051282051285
E0383,0.0,0.0,5.714285714285714,25.71428571428571,48.57142857142857,20.0,0.0,0.0,0.0,0.0,33.33333333333333,33.33333333333333,33.33333333333333,0.0,20.95238095238095
E0384,70.58823529411765,23.52941176470588,0.0,0.0,2.941176470588235,0.0,2.941176470588235,100.0,0.0,0.0,0.0,0.0,0.0,0.0,29.411764705882348
E0385,0.0,3.125,3.125,18.75,56.25,18.75,0.0,0.0,0.0,0.0,0.0,100.0,0.0,0.0,43.75
E0386,2.564102564102564,0.0,5.128205128205128,2.564102564102564,17.94871794871795,66.66666666666666,5.128205128205128,0.0,0.0,0.0,0.0,33.33333333333333,66.66666666666666,0.0,15.384615384615381
E0387,23.728813559322035,45.76271186440678,15.254237288135593,3.389830508474576,5.084745762711865,3.389830508474576,3.389830508474576,16.666666666666664,33.33333333333333,16.666666666666664,8.333333333333332,0.0,16.666666666666664,8.333333333333332,24.576271186440678
E0388,8.108108108108109,2.7027027027027026,21.62162162162162,35.13513513513514,29.72972972972973,2.7027027027027026,0.0,0.0,0.0,0.0,33.33333333333333,66.66666666666666,0.0,0.0,36.936936936936945
E0389,0.0,22.388059701492537,49.25373134328358,23.88059701492537,0.0,1.4925373134328357,2.9850746268656714,0.0,33.33333333333333,44.44444444444444,22.22222222222222,0.0,0.0,0.0,10.945273631840793
E0391,25.64102564102564,43.58974358974359,23.076923076923077,2.564102564102564,0.0,0.0,5.128205128205128,0.0,66.66666666666666,33.33333333333333,0.0,0.0,0.0,0.0,33.33333333333332
E0392,2.4390243902439024,2.4390243902439024,2.4390243902439024,14.634146341463413,53.65853658536586,19.51219512195122,4.878048780487805,0.0,0.0,0.0,0.0,100.0,0.0,0.0,46.34146341463414
E0393,6.451612903225806,3.225806451612903,3.225806451612903,6.451612903225806,22.58064516129032,51.61290322580645,6.451612903225806,0.0,0.0,0.0,0.0,50.0,50.0,0.0,27.419354838709676
E0394,2.4390243902439024,2.4390243902439024,2.4390243902439024,6.097560975609756,23.170731707317074,62.19512195121951,1.2195121951219512,0.0,11.11111111111111,0.0,0.0,33.33333333333333,55.55555555555556,0.0,18.834688346883464
E0395,26.31578947368421,50.0,7.894736842105263,5.263157894736842,2.631578947368421,5.263157894736842,2.631578947368421,16.666666666666664,66.66666666666666,0.0,16.666666666666664,0.0,0.0,0.0,28.070175438596483
E0396,2.3255813953488373,0.0,4.651162790697675,4.651162790697675,23.25581395348837,58.139534883720934,6.976744186046512,14.285714285714285,0.0,14.285714285714285,0.0,14.285714285714285,57.14285714285714,0.0,21.59468438538206
E0397,3.4482758620689653,3.4482758620689653,13.793103448275861,41.37931034482759,31.03448275862069,6.896551724137931,0.0,20.0,0.0,20.0,40.0,20.0,0.0,0.0,22.75862068965517
E0398,21.875,54.6875,12.5,1.5625,6.25,1.5625,1.5625,42.857142857142854,42.857142857142854,14.285714285714285,0.0,0.0,0.0,0.0,22.767857142857142
E0399,85.71428571428571,14.285714285714285,0.0,0.0,0.0,0.0,0.0,100.0,0.0,0.0,0.0,0.0,0.0,0.0,14.285714285714288
E0400,21.333333333333336,54.666666666666664,14.666666666666666,1.3333333333333335,2.666666666666667,1.3333333333333335,4.0,25.0,75.0,0.0,0.0,0.0,0.0,0.0,24.0
E0401,3.0303030303030303,3.0303030303030303,6.0606060606060606,6.0606060606060606,18.181818181818183,63.63636363636363,0.0,0.0,0.0,0.0,0.0,66.66666666666666,33.33333333333333,0.0,48.484848484848484
E0402,8.571428571428571,5.714285714285714,20.0,42.857142857142854,14.285714285714285,0.0,8.571428571428571,0.0,0.0,100.0,0.0,0.0,0.0,0.0,80.0
E0403,0.0,3.225806451612903,25.806451612903224,45.16129032258064,22.58064516129032,3.225806451612903,0.0,0.0,0.0,75.0,25.0,0.0,0.0,0.0,49.19354838709677
E0404,14.705882352941178,52.94117647058824,14.705882352941178,8.823529411764707,2.941176470588235,2.941176470588235,2.941176470588235,25.0,75.0,0.0,0.0,0.0,0.0,0.0,32.35294117647058
E0405,2.7027027027027026,5.405405405405405,21.62162162162162,40.54054054054054,16.216216216216218,8.108108108108109,5.405405405405405,0.0,0.0,50.0,0.0,50.0,0.0,0.0,62.16216216216216
E0406,53.191489361702125,27.659574468085108,2.127659574468085,6.382978723404255,6.382978723404255,4.25531914893617,0.0,25.0,75.0,0.0,0.0,0.0,0.0,0.0,47.34042553191488
E0407,16.0,44.0,24.0,12.0,4.0,0.0,0.0,0.0,100.0,0.0,0.0,0.0,0.0,0.0,56.0
E0408,0.0,0.0,28.125,43.75,25.0,0.0,3.125,0.0,0.0,0.0,50.0,50.0,0.0,0.0,31.25
E0409,53.125,26.5625,6.25,1.5625,3.125,6.25,3.125,66.66666666666666,33.33333333333333,0.0,0.0,0.0,0.0,0.0,20.312499999999993
E0411,17.24137931034483,48.275862068965516,24.137931034482758,0.0,3.4482758620689653,6.896551724137931,0.0,100.0,0.0,0.0,0.0,0.0,0.0,0.0,82.75862068965517
E0412,1.36986301369863,1.36986301369863,24.65753424657534,42.465753424657535,20.54794520547945,6.8493150684931505,2.73972602739726,0.0,0.0,14.285714285714285,71.42857142857143,14.285714285714285,0.0,0.0,28.962818003913892
E0413,9.75609756097561,26.82926829268293,43.90243902439025,14.634146341463413,0.0,2.4390243902439024,2.4390243902439024,0.0,100.0,0.0,0.0,0.0,0.0,0.0,73.17073170731707
E0414,2.5,3.75,17.5,52.5,18.75,2.5,2.5,0.0,0.0,14.285714285714285,57.14285714285714,14.285714285714285,14.285714285714285,0.0,16.428571428571427
E0415,52.17391304347826,26.08695652173913,4.3478260869565215,0.0,6.521739130434782,4.3478260869565215,6.521739130434782,62.5,12.5,0.0,0.0,0.0,12.5,12.5,24.456521739130434
E0416,53.191489361702125,21.27659574468085,10.638297872340425,4.25531914893617,2.127659574468085,2.127659574468085,6.382978723404255,33.33333333333333,33.33333333333333,33.33333333333333,0.0,0.0,0.0,0.0,34.75177304964538
E0417,0.0,1.3513513513513513,4.054054054054054,6.756756756756757,28.37837837837838,58.108108108108105,1.3513513513513513,0.0,0.0,12.5,0.0,50.0,37.5,0.0,30.06756756756757
E0418,22.950819672131146,40.98360655737705,22.950819672131146,3.278688524590164,3.278688524590164,3.278688524590164,3.278688524590164,75.0,0.0,25.0,0.0,0.0,0.0,0.0,54.098360655737714
E0419,2.5316455696202533,2.5316455696202533,2.5316455696202533,12.658227848101266,54.43037974683544,21.518987341772153,3.79746835443038,0.0,0.0,0.0,25.0,37.5,12.5,25.0,33.54430379746836
E0420,2.5,5.0,2.5,5.0,0.0,2.5,82.5,0.0,33.33333333333333,0.0,0.0,0.0,0.0,66.66666666666666,28.333333333333336
E0421,22.857142857142858,45.714285714285715,22.857142857142858,0.0,0.0,5.714285714285714,2.857142857142857,0.0,0.0,50.0,0.0,0.0,50.0,0.0,71.42857142857143
E0422,25.0,47.5,20.0,2.5,0.0,2.5,2.5,50.0,50.0,0.0,0.0,0.0,0.0,0.0,27.5
E0423,6.0606060606060606,3.0303030303030303,27.27272727272727,57.57575757575758,3.0303030303030303,0.0,3.0303030303030303,0.0,0.0,50.0,50.0,0.0,0.0,0.0,22.72727272727273
E0425,2.272727272727273,2.272727272727273,4.545454545454546,4.545454545454546,13.636363636363635,68.18181818181817,4.545454545454546,0.0,0.0,0.0,50.0,0.0,50.0,0.0,45.45454545454545
E0427,0.0,2.7027027027027026,2.7027027027027026,27.027027027027028,43.24324324324324,21.62162162162162,2.7027027027027026,0.0,0.0,0.0,50.0,50.0,0.0,0.0,29.72972972972973
E0428,60.71428571428571,32.142857142857146,0.0,7.142857142857142,0.0,0.0,0.0,100.0,0.0,0.0,0.0,0.0,0.0,0.0,39.28571428571429
E0429,7.894736842105263,2.631578947368421,7.894736842105263,5.263157894736842,2.631578947368421,5.263157894736842,68.42105263157895,0.0,0.0,0.0,0.0,0.0,0.0,100.0,31.578947368421055
E0430,11.11111111111111,0.0,11.11111111111111,11.11111111111111,11.11111111111111,22.22222222222222,33.33333333333333,0.0,0.0,0.0,0.0,0.0,0.0,100.0,66.66666666666666
E0431,32.87671232876712,46.57534246575342,10.95890410958904,1.36986301369863,2.73972602739726,0.0,5.47945205479452,25.0,0.0,75.0,0.0,0.0,0.0,0.0,64.04109589041094
E0432,22.388059701492537,50.74626865671642,20.8955223880597,1.4925373134328357,2.9850746268656714,0.0,1.4925373134328357,25.0,50.0,25.0,0.0,0.0,0.0,0.0,6.7164179104477615
E0433,70.12987012987013,15.584415584415584,5.194805194805195,2.5974025974025974,1.2987012987012987,5.194805194805195,0.0,100.0,0.0,0.0,0.0,0.0,0.0,0.0,29.870129870129873
E0434,13.333333333333334,63.33333333333333,10.0,1.6666666666666667,3.3333333333333335,6.666666666666667,1.6666666666666667,16.666666666666664,66.66666666666666,0.0,16.666666666666664,0.0,0.0,0.0,21.66666666666666
E0435,3.0303030303030303,4.545454545454546,1.5151515151515151,16.666666666666664,56.060606060606055,15.151515151515152,3.0303030303030303,20.0,0.0,0.0,40.0,20.0,20.0,0.0,45.15151515151515
E0436,18.181818181818183,59.09090909090909,15.909090909090908,2.272727272727273,2.272727272727273,2.272727272727273,0.0,0.0,100.0,0.0,0.0,0.0,0.0,0.0,40.9090909090909
E0437,52.77777777777778,36.11111111111111,2.7777777777777777,0.0,0.0,5.555555555555555,2.7777777777777777,100.0,0.0,0.0,0.0,0.0,0.0,0.0,47.222222222222214
E0438,32.35294117647059,35.294117647058826,23.52941176470588,5.88235294117647,2.941176470588235,0.0,0.0,40.0,40.0,20.0,0.0,0.0,0.0,0.0,12.352941176470587
E0440,0.0,0.0,18.181818181818183,63.63636363636363,9.090909090909092,0.0,9.090909090909092,0.0,0.0,0.0,100.0,0.0,0.0,0.0,36.36363636363637
E0441,3.3333333333333335,13.333333333333334,53.333333333333336,30.0,0.0,0.0,0.0,0.0,0.0,100.0,0.0,0.0,0.0,0.0,46.666666666666664
E0442,14.285714285714285,66.07142857142857,5.357142857142857,3.571428571428571,7.142857142857142,1.7857142857142856,1.7857142857142856,33.33333333333333,66.66666666666666,0.0,0.0,0.0,0.0,0.0,19.64285714285714
E0443,0.0,0.0,0.0,0.0,0.0,0.0,100.0,0.0,0.0,0.0,0.0,0.0,0.0,100.0,0.0
E0444,4.651162790697675,4.651162790697675,0.0,9.30232558139535,58.139534883720934,20.930232558139537,2.3255813953488373,0.0,0.0,0.0,50.0,0.0,50.0,0.0,69.76744186046513
E0445,28.57142857142857,55.10204081632652,12.244897959183673,0.0,2.0408163265306123,0.0,2.0408163265306123,33.33333333333333,33.33333333333333,0.0,0.0,0.0,0.0,33.33333333333333,36.05442176870748
E0446,55.55555555555556,44.44444444444444,0.0,0.0,0.0,0.0,0.0,50.0,50.0,0.0,0.0,0.0,0.0,0.0,5.555555555555557
E0447,58.620689655172406,27.586206896551722,3.4482758620689653,3.4482758620689653,3.4482758620689653,0.0,3.4482758620689653,100.0,0.0,0.0,0.0,0.0,0.0,0.0,41.379310344827594
E0448,57.14285714285714,26.53061224489796,0.0,4.081632653061225,10.204081632653061,0.0,2.0408163265306123,50.0,50.0,0.0,0.0,0.0,0.0,0.0,23.469387755102037
E0452,0.0,0.0,10.0,10.0,60.0,20.0,0.0,0.0,0.0,100.0,0.0,0.0,0.0,0.0,90.0
E0453,0.0,21.62162162162162,51.35135135135135,24.324324324324326,0.0,2.7027027027027026,0.0,0.0,0.0,50.0,50.0,0.0,0.0,0.0,25.675675675675674
E0455,1.7857142857142856,5.357142857142857,8.928571428571429,51.78571428571429,28.57142857142857,1.7857142857142856,1.7857142857142856,0.0,0.0,16.666666666666664,50.0,33.33333333333333,0.0,0.0,12.5
E0456,17.857142857142858,46.42857142857143,25.0,3.571428571428571,0.0,3.571428571428571,3.571428571428571,50.0,0.0,50.0,0.0,0.0,0.0,0.0,57.14285714285714
E0457,11.940298507462686,50.74626865671642,22.388059701492537,1.4925373134328357,1.4925373134328357,4.477611940298507,7.462686567164178,0.0,25.0,25.0,0.0,0.0,0.0,50.0,45.14925373134328
E0458,2.857142857142857,0.0,22.857142857142858,51.42857142857142,14.285714285714285,5.714285714285714,2.857142857142857,0.0,0.0,0.0,33.33333333333333,66.66666666666666,0.0,0.0,52.38095238095237
E0459,67.85714285714286,28.57142857142857,0.0,0.0,0.0,3.571428571428571,0.0,33.33333333333333,33.33333333333333,0.0,0.0,0.0,33.33333333333333,0.0,34.523809523809526
E0460,18.6046511627907,55.81395348837209,23.25581395348837,0.0,0.0,0.0,2.3255813953488373,0.0,100.0,0.0,0.0,0.0,0.0,0.0,44.18604651162791
E0461,2.857142857142857,14.285714285714285,54.285714285714285,22.857142857142858,0.0,5.714285714285714,0.0,0.0,0.0,75.0,25.0,0.0,0.0,0.0,22.857142857142858
E0463,5.333333333333334,21.333333333333336,52.0,13.333333333333334,2.666666666666667,1.3333333333333335,4.0,0.0,20.0,60.0,20.0,0.0,0.0,0.0,14.666666666666668
E0464,0.0,2.7777777777777777,0.0,25.0,47.22222222222222,13.88888888888889,11.11111111111111,0.0,0.0,0.0,50.0,50.0,0.0,0.0,27.77777777777778
E0465,1.5873015873015872,19.047619047619047,50.79365079365079,23.809523809523807,0.0,3.1746031746031744,1.5873015873015872,0.0,12.5,62.5,25.0,0.0,0.0,0.0,12.896825396825399
E0466,0.0,0.0,2.857142857142857,28.57142857142857,45.714285714285715,22.857142857142858,0.0,0.0,0.0,0.0,0.0,66.66666666666666,33.33333333333333,0.0,31.428571428571416
E0467,0.0,5.263157894736842,26.31578947368421,50.0,18.421052631578945,0.0,0.0,0.0,0.0,33.33333333333333,33.33333333333333,33.33333333333333,0.0,0.0,21.929824561403507
E0468,5.128205128205128,2.564102564102564,2.564102564102564,2.564102564102564,35.8974358974359,48.717948717948715,2.564102564102564,0.0,0.0,0.0,0.0,50.0,50.0,0.0,15.384615384615383
E0469,0.0,21.666666666666668,46.666666666666664,26.666666666666668,3.3333333333333335,0.0,1.6666666666666667,0.0,0.0,60.0,20.0,20.0,0.0,0.0,30.000000000000004
E0470,2.7777777777777777,0.0,27.77777777777778,38.88888888888889,25.0,2.7777777777777777,2.7777777777777777,0.0,0.0,50.0,50.0,0.0,0.0,0.0,33.33333333333333
E0471,1.5384615384615385,0.0,20.0,49.23076923076923,23.076923076923077,1.5384615384615385,4.615384615384616,0.0,0.0,20.0,40.0,40.0,0.0,0.0,16.923076923076923
E0472,9.090909090909092,18.181818181818183,63.63636363636363,0.0,0.0,9.090909090909092,0.0,0.0,0.0,100.0,0.0,0.0,0.0,0.0,36.36363636363637
E0473,51.515151515151516,25.757575757575758,1.5151515151515151,6.0606060606060606,6.0606060606060606,4.545454545454546,4.545454545454546,45.45454545454545,9.090909090909092,0.0,9.090909090909092,9.090909090909092,27.27272727272727,0.0,28.78787878787879
E0474,58.69565217391305,21.73913043478261,2.1739130434782608,2.1739130434782608,4.3478260869565215,6.521739130434782,4.3478260869565215,33.33333333333333,33.33333333333333,33.33333333333333,0.0,0.0,0.0,0.0,42.75362318840579
E0475,60.60606060606061,30.303030303030305,0.0,6.0606060606060606,0.0,0.0,3.0303030303030303,50.0,25.0,0.0,25.0,0.0,0.0,0.0,18.93939393939394
E0477,19.51219512195122,51.21951219512195,24.390243902439025,4.878048780487805,0.0,0.0,0.0,0.0,100.0,0.0,0.0,0.0,0.0,0.0,48.78048780487805
E0478,33.33333333333333,66.66666666666666,0.0,0.0,0.0,0.0,0.0,0.0,100.0,0.0,0.0,0.0,0.0,0.0,33.333333333333336
E0479,6.521739130434782,2.1739130434782608,21.73913043478261,56.52173913043478,13.043478260869565,0.0,0.0,0.0,0.0,33.33333333333333,33.33333333333333,33.33333333333333,0.0,0.0,31.884057971014492
E0481,5.714285714285714,17.142857142857142,50.0,18.571428571428573,1.4285714285714286,4.285714285714286,2.857142857142857,16.666666666666664,0.0,66.66666666666666,16.666666666666664,0.0,0.0,0.0,27.619047619047613
E0482,36.36363636363637,36.36363636363637,9.090909090909092,0.0,18.181818181818183,0.0,0.0,0.0,100.0,0.0,0.0,0.0,0.0,0.0,63.63636363636364
E0483,0.0,0.0,0.0,4.545454545454546,9.090909090909092,0.0,86.36363636363636,0.0,0.0,0.0,0.0,33.33333333333333,0.0,66.66666666666666,24.242424242424242
E0484,3.614457831325301,2.4096385542168677,2.4096385542168677,3.614457831325301,24.096385542168676,61.44578313253012,2.4096385542168677,0.0,0.0,0.0,25.0,0.0,75.0,0.0,34.939759036144586
E0485,2.564102564102564,2.564102564102564,0.0,2.564102564102564,20.51282051282051,64.1025641025641,7.6923076923076925,0.0,33.33333333333333,0.0,0.0,33.33333333333333,33.33333333333333,0.0,43.589743589743584
E0486,2.857142857142857,14.285714285714285,42.857142857142854,22.857142857142858,8.571428571428571,8.571428571428571,0.0,0.0,20.0,40.0,20.0,20.0,0.0,0.0,17.142857142857142
E0487,4.615384615384616,4.615384615384616,1.5384615384615385,20.0,52.307692307692314,15.384615384615385,1.5384615384615385,0.0,0.0,0.0,0.0,100.0,0.0,0.0,47.692307692307686
E0488,57.14285714285714,42.857142857142854,0.0,0.0,0.0,0.0,0.0,0.0,100.0,0.0,0.0,0.0,0.0,0.0,57.14285714285714
E0490,63.63636363636363,27.27272727272727,0.0,4.545454545454546,0.0,3.0303030303030303,1.5151515151515151,66.66666666666666,22.22222222222222,0.0,0.0,0.0,11.11111111111111,0.0,11.111111111111107
E0491,0.0,0.0,17.647058823529413,64.70588235294117,17.647058823529413,0.0,0.0,0.0,0.0,33.33333333333333,66.66666666666666,0.0,0.0,0.0,17.647058823529406
E0492,2.857142857142857,8.571428571428571,60.0,25.71428571428571,2.857142857142857,0.0,0.0,0.0,0.0,60.0,40.0,0.0,0.0,0.0,14.285714285714286
E0493,0.0,25.0,50.0,13.333333333333334,5.0,5.0,1.6666666666666667,0.0,0.0,100.0,0.0,0.0,0.0,0.0,50.0
E0494,64.70588235294117,23.52941176470588,0.0,2.941176470588235,0.0,2.941176470588235,5.88235294117647,100.0,0.0,0.0,0.0,0.0,0.0,0.0,35.29411764705882
E0495,0.0,29.411764705882355,38.23529411764706,23.52941176470588,0.0,2.941176470588235,5.88235294117647,0.0,100.0,0.0,0.0,0.0,0.0,0.0,70.58823529411764
E0496,0.0,4.545454545454546,34.090909090909086,40.909090909090914,15.909090909090908,2.272727272727273,2.272727272727273,0.0,0.0,0.0,0.0,100.0,0.0,0.0,84.0909090909091
E0497,2.941176470588235,32.35294117647059,35.294117647058826,20.588235294117645,0.0,5.88235294117647,2.941176470588235,0.0,100.0,0.0,0.0,0.0,0.0,0.0,67.6470588235294
E0498,2.7027027027027026,2.7027027027027026,24.324324324324326,48.64864864864865,16.216216216216218,0.0,5.405405405405405,0.0,0.0,0.0,50.0,0.0,0.0,50.0,45.94594594594595
E0499,15.384615384615385,51.28205128205128,28.205128205128204,0.0,2.564102564102564,0.0,2.564102564102564,50.0,0.0,50.0,0.0,0.0,0.0,0.0,56.41025641025641
E0500,8.108108108108109,2.7027027027027026,2.7027027027027026,21.62162162162162,37.83783783783784,27.027027027027028,0.0,0.0,0.0,0.0,0.0,100.0,0.0,0.0,62.16216216216216
E0501,5.555555555555555,11.11111111111111,27.77777777777778,36.11111111111111,11.11111111111111,2.7777777777777777,5.555555555555555,0.0,0.0,20.0,60.0,0.0,20.0,0.0,41.11111111111111
E0503,17.94871794871795,64.1025641025641,10.256410256410255,5.128205128205128,0.0,2.564102564102564,0.0,0.0,100.0,0.0,0.0,0.0,0.0,0.0,35.8974358974359
E0504,6.896551724137931,3.4482758620689653,24.137931034482758,44.827586206896555,17.24137931034483,3.4482758620689653,0.0,0.0,0.0,50.0,50.0,0.0,0.0,0.0,31.03448275862069
E0505,4.10958904109589,1.36986301369863,4.10958904109589,19.17808219178082,56.16438356164384,10.95890410958904,4.10958904109589,0.0,0.0,12.5,12.5,62.5,12.5,0.0,16.26712328767123
E0506,7.142857142857142,25.0,46.42857142857143,14.285714285714285,3.571428571428571,3.571428571428571,0.0,50.0,25.0,25.0,0.0,0.0,0.0,0.0,42.85714285714286
E0507,12.5,50.0,12.5,0.0,12.5,0.0,12.5,100.0,0.0,0.0,0.0,0.0,0.0,0.0,87.5
E0508,3.75,2.5,2.5,1.25,30.0,56.25,3.75,0.0,0.0,0.0,0.0,44.44444444444444,55.55555555555556,0.0,14.444444444444443
E0509,3.0303030303030303,0.0,15.151515151515152,51.515151515151516,21.21212121212121,3.0303030303030303,6.0606060606060606,0.0,0.0,25.0,75.0,0.0,0.0,0.0,33.33333333333333
E0510,2.1739130434782608,30.434782608695656,34.78260869565217,28.26086956521739,0.0,2.1739130434782608,2.1739130434782608,0.0,33.33333333333333,66.66666666666666,0.0,0.0,0.0,0.0,34.78260869565217
E0513,4.651162790697675,0.0,27.906976744186046,60.46511627906976,6.976744186046512,0.0,0.0,0.0,0.0,33.33333333333333,66.66666666666666,0.0,0.0,0.0,11.627906976744182
E0514,21.333333333333336,44.0,25.333333333333336,1.3333333333333335,5.333333333333334,0.0,2.666666666666667,0.0,100.0,0.0,0.0,0.0,0.0,0.0,56.00000000000001
E0515,2.564102564102564,2.564102564102564,2.564102564102564,5.128205128205128,5.128205128205128,2.564102564102564,79.48717948717949,0.0,0.0,0.0,0.0,0.0,0.0,100.0,20.51282051282051
E0516,11.11111111111111,11.11111111111111,33.33333333333333,22.22222222222222,11.11111111111111,11.11111111111111,0.0,0.0,0.0,0.0,0.0,0.0,100.0,0.0,88.88888888888889
E0517,2.272727272727273,18.181818181818183,52.27272727272727,15.909090909090908,2.272727272727273,4.545454545454546,4.545454545454546,0.0,33.33333333333333,33.33333333333333,0.0,0.0,33.33333333333333,0.0,43.93939393939393
E0518,0.0,0.0,14.285714285714285,57.14285714285714,28.57142857142857,0.0,0.0,0.0,0.0,0.0,100.0,0.0,0.0,0.0,42.85714285714286
E0519,1.2987012987012987,1.2987012987012987,5.194805194805195,2.5974025974025974,18.181818181818183,71.42857142857143,0.0,0.0,0.0,16.666666666666664,0.0,16.666666666666664,66.66666666666666,0.0,11.471861471861478
E0520,1.3888888888888888,1.3888888888888888,4.166666666666666,13.88888888888889,52.77777777777778,23.61111111111111,2.7777777777777777,16.666666666666664,0.0,0.0,33.33333333333333,33.33333333333333,16.666666666666664,0.0,34.72222222222222
E0521,2.4390243902439024,19.51219512195122,48.78048780487805,19.51219512195122,2.4390243902439024,2.4390243902439024,4.878048780487805,0.0,0.0,50.0,50.0,0.0,0.0,0.0,31.707317073170728
E0522,0.0,6.25,21.875,53.125,12.5,6.25,0.0,0.0,0.0,0.0,50.0,25.0,25.0,0.0,31.25
E0523,0.0,7.317073170731707,31.70731707317073,31.70731707317073,26.82926829268293,2.4390243902439024,0.0,0.0,0.0,33.33333333333333,0.0,66.66666666666666,0.0,0.0,41.46341463414633
E0524,0.0,22.58064516129032,38.70967741935484,29.03225806451613,0.0,9.67741935483871,0.0,0.0,0.0,0.0,100.0,0.0,0.0,0.0,70.96774193548387
E0525,19.148936170212767,61.702127659574465,14.893617021276595,4.25531914893617,0.0,0.0,0.0,0.0,100.0,0.0,0.0,0.0,0.0,0.0,38.297872340425535
E0526,2.7027027027027026,16.216216216216218,56.75675675675676,18.91891891891892,0.0,4.054054054054054,1.3513513513513513,0.0,0.0,100.0,0.0,0.0,0.0,0.0,43.24324324324324
E0527,28.57142857142857,52.38095238095239,14.285714285714285,0.0,4.761904761904762,0.0,0.0,0.0,50.0,50.0,0.0,0.0,0.0,0.0,35.714285714285715
E0528,0.0,3.125,3.125,6.25,15.625,65.625,6.25,0.0,0.0,0.0,0.0,100.0,0.0,0.0,84.375
E0531,10.0,20.0,50.0,20.0,0.0,0.0,0.0,0.0,0.0,100.0,0.0,0.0,0.0,0.0,50.0
E0534,56.41025641025641,33.33333333333333,0.0,2.564102564102564,0.0,5.128205128205128,2.564102564102564,75.0,25.0,0.0,0.0,0.0,0.0,0.0,18.589743589743588
E0535,25.0,45.3125,28.125,1.5625,0.0,0.0,0.0,14.285714285714285,14.285714285714285,71.42857142857143,0.0,0.0,0.0,0.0,43.30357142857143
E0536,58.333333333333336,20.833333333333336,2.7777777777777777,6.944444444444445,5.555555555555555,4.166666666666666,1.3888888888888888,66.66666666666666,33.33333333333333,0.0,0.0,0.0,0.0,0.0,20.83333333333332
E0537,0.0,0.0,24.0,52.0,16.0,4.0,4.0,0.0,0.0,0.0,50.0,50.0,0.0,0.0,34.0
E0538,0.0,22.058823529411764,50.0,22.058823529411764,1.4705882352941175,2.941176470588235,1.4705882352941175,0.0,55.55555555555556,33.33333333333333,11.11111111111111,0.0,0.0,0.0,33.49673202614379
E0539,7.6923076923076925,0.0,2.564102564102564,20.51282051282051,48.717948717948715,15.384615384615385,5.128205128205128,0.0,0.0,20.0,20.0,40.0,20.0,0.0,22.05128205128205
E0541,16.666666666666664,58.333333333333336,25.0,0.0,0.0,0.0,0.0,0.0,100.0,0.0,0.0,0.0,0.0,0.0,41.666666666666664
E0542,0.0,20.0,63.33333333333333,10.0,3.3333333333333335,0.0,3.3333333333333335,0.0,16.666666666666664,50.0,33.33333333333333,0.0,0.0,0.0,23.333333333333332
E0543,2.5,0.0,2.5,2.5,20.0,67.5,5.0,0.0,0.0,0.0,0.0,50.0,50.0,0.0,30.0
E0544,2.5,0.0,15.0,57.49999999999999,22.5,2.5,0.0,25.0,0.0,0.0,75.0,0.0,0.0,0.0,40.0
E0545,0.0,15.384615384615385,46.15384615384615,23.076923076923077,7.6923076923076925,7.6923076923076925,0.0,0.0,0.0,0.0,100.0,0.0,0.0,0.0,76.9230769230769
E0546,0.0,31.25,34.375,21.875,6.25,0.0,6.25,0.0,66.66666666666666,33.33333333333333,0.0,0.0,0.0,0.0,35.416666666666664
E0547,85.29411764705883,11.76470588235294,0.0,0.0,0.0,0.0,2.941176470588235,100.0,0.0,0.0,0.0,0.0,0.0,0.0,14.705882352941176
E0548,0.0,0.0,0.0,0.0,20.0,0.0,80.0,0.0,0.0,0.0,0.0,0.0,0.0,100.0,20.0
E0550,14.285714285714285,28.57142857142857,28.57142857142857,0.0,0.0,14.285714285714285,14.285714285714285,0.0,0.0,0.0,0.0,0.0,100.0,0.0,85.71428571428571
E0551,5.084745762711865,0.0,15.254237288135593,47.45762711864407,28.8135593220339,0.0,3.389830508474576,33.33333333333333,0.0,0.0,66.66666666666666,0.0,0.0,0.0,47.45762711864406
E0552,59.42028985507246,21.73913043478261,4.3478260869565215,4.3478260869565215,2.898550724637681,2.898550724637681,4.3478260869565215,62.5,25.0,0.0,12.5,0.0,0.0,0.0,14.492753623188406
E0553,0.0,8.571428571428571,11.428571428571429,8.571428571428571,0.0,2.857142857142857,68.57142857142857,0.0,0.0,100.0,0.0,0.0,0.0,0.0,88.57142857142857
E0554,33.33333333333333,41.66666666666667,16.666666666666664,0.0,5.555555555555555,2.7777777777777777,0.0,50.0,25.0,25.0,0.0,0.0,0.0,0.0,25.000000000000007
E0555,0.0,5.263157894736842,23.684210526315788,50.0,18.421052631578945,0.0,2.631578947368421,0.0,16.666666666666664,33.33333333333333,50.0,0.0,0.0,0.0,21.052631578947363
E0556,40.0,34.285714285714285,17.142857142857142,0.0,2.857142857142857,2.857142857142857,2.857142857142857,0.0,100.0,0.0,0.0,0.0,0.0,0.0,65.71428571428572
E0557,8.333333333333332,5.555555555555555,13.88888888888889,58.333333333333336,11.11111111111111,0.0,2.7777777777777777,0.0,0.0,0.0,50.0,50.0,0.0,0.0,38.888888888888886
E0558,1.4492753623188406,2.898550724637681,0.0,13.043478260869565,62.31884057971014,18.84057971014493,1.4492753623188406,0.0,0.0,0.0,16.666666666666664,50.0,33.33333333333333,0.0,18.1159420289855
E0559,0.0,5.555555555555555,19.444444444444446,61.111111111111114,11.11111111111111,2.7777777777777777,0.0,0.0,0.0,50.0,50.0,0.0,0.0,0.0,30.555555555555554
E0560,2.7777777777777777,2.7777777777777777,13.88888888888889,58.333333333333336,16.666666666666664,2.7777777777777777,2.7777777777777777,0.0,0.0,0.0,100.0,0.0,0.0,0.0,41.66666666666666
E0561,0.0,0.0,5.555555555555555,2.7777777777777777,19.444444444444446,66.66666666666666,5.555555555555555,0.0,0.0,0.0,0.0,0.0,100.0,0.0,33.333333333333336
E0562,57.333333333333336,25.333333333333336,5.333333333333334,2.666666666666667,4.0,1.3333333333333335,4.0,80.0,0.0,20.0,0.0,0.0,0.0,0.0,37.33333333333333
E0563,20.0,45.0,15.0,0.0,5.0,5.0,10.0,0.0,50.0,0.0,0.0,0.0,0.0,50.0,45.0
E0565,0.0,0.0,12.5,0.0,9.375,6.25,71.875,0.0,0.0,0.0,0.0,0.0,0.0,100.0,28.125
E0566,17.073170731707318,48.78048780487805,24.390243902439025,0.0,4.878048780487805,4.878048780487805,0.0,0.0,66.66666666666666,0.0,0.0,0.0,33.33333333333333,0.0,46.34146341463414
E0567,5.405405405405405,2.7027027027027026,18.91891891891892,48.64864864864865,18.91891891891892,0.0,5.405405405405405,0.0,0.0,0.0,50.0,50.0,0.0,0.0,32.43243243243243
E0568,0.0,4.411764705882353,26.47058823529412,50.0,16.176470588235293,2.941176470588235,0.0,0.0,0.0,0.0,0.0,100.0,0.0,0.0,83.8235294117647
E0569,13.88888888888889,72.22222222222221,5.555555555555555,0.0,5.555555555555555,2.7777777777777777,0.0,0.0,75.0,0.0,0.0,25.0,0.0,0.0,22.222222222222225
E0570,28.57142857142857,47.61904761904761,12.698412698412698,6.349206349206349,3.1746031746031744,0.0,1.5873015873015872,33.33333333333333,50.0,16.666666666666664,0.0,0.0,0.0,0.0,11.111111111111112
E0571,19.444444444444446,50.0,25.0,5.555555555555555,0.0,0.0,0.0,0.0,0.0,100.0,0.0,0.0,0.0,0.0,75.0
E0572,0.0,18.181818181818183,47.72727272727273,18.181818181818183,4.545454545454546,9.090909090909092,2.272727272727273,0.0,16.666666666666664,33.33333333333333,50.0,0.0,0.0,0.0,31.818181818181824
E0573,18.181818181818183,27.27272727272727,36.36363636363637,0.0,9.090909090909092,0.0,9.090909090909092,50.0,50.0,0.0,0.0,0.0,0.0,0.0,54.54545454545455
E0574,60.0,26.153846153846157,1.5384615384615385,3.076923076923077,0.0,3.076923076923077,6.153846153846154,75.0,25.0,0.0,0.0,0.0,0.0,0.0,15.000000000000002
E0575,1.6666666666666667,0.0,1.6666666666666667,5.0,31.666666666666664,56.666666666666664,3.3333333333333335,0.0,0.0,0.0,0.0,25.0,75.0,0.0,18.333333333333336
E0576,22.22222222222222,11.11111111111111,0.0,0.0,0.0,0.0,66.66666666666666,0.0,0.0,0.0,0.0,0.0,0.0,100.0,33.333333333333336
E0578,33.33333333333333,36.36363636363637,19.696969696969695,3.0303030303030303,1.5151515151515151,3.0303030303030303,3.0303030303030303,42.857142857142854,14.285714285714285,42.857142857142854,0.0,0.0,0.0,0.0,32.683982683982684
E0579,66.66666666666666,16.666666666666664,6.41025641025641,2.564102564102564,1.282051282051282,2.564102564102564,3.8461538461538463,57.14285714285714,28.57142857142857,0.0,0.0,0.0,0.0,14.285714285714285,22.34432234432234
E0580,1.8181818181818181,5.454545454545454,21.818181818181817,40.0,23.636363636363637,3.6363636363636362,3.6363636363636362,0.0,20.0,20.0,40.0,20.0,0.0,0.0,14.545454545454545
E0581,7.017543859649122,1.7543859649122806,1.7543859649122806,29.82456140350877,38.59649122807017,15.789473684210526,5.263157894736842,0.0,9.090909090909092,0.0,9.090909090909092,45.45454545454545,27.27272727272727,9.090909090909092,29.505582137161085
E0582,72.41379310344827,20.689655172413794,1.7241379310344827,3.4482758620689653,0.0,0.0,1.7241379310344827,75.0,0.0,0.0,25.0,0.0,0.0,0.0,24.137931034482765
E0583,23.684210526315788,46.05263157894737,19.736842105263158,3.9473684210526314,3.9473684210526314,0.0,2.631578947368421,0.0,66.66666666666666,33.33333333333333,0.0,0.0,0.0,0.0,34.210526315789465
E0584,0.0,4.761904761904762,2.380952380952381,28.57142857142857,40.476190476190474,21.428571428571427,2.380952380952381,0.0,0.0,0.0,33.33333333333333,33.33333333333333,33.33333333333333,0.0,16.666666666666664
E0585,9.090909090909092,9.090909090909092,27.27272727272727,45.45454545454545,9.090909090909092,0.0,0.0,50.0,0.0,50.0,0.0,0.0,0.0,0.0,63.63636363636364
E0587,2.380952380952381,2.380952380952381,19.047619047619047,50.0,19.047619047619047,2.380952380952381,4.761904761904762,0.0,0.0,0.0,100.0,0.0,0.0,0.0,50.0
E0588,18.181818181818183,45.45454545454545,23.636363636363637,3.6363636363636362,3.6363636363636362,0.0,5.454545454545454,33.33333333333333,33.33333333333333,33.33333333333333,0.0,0.0,0.0,0.0,24.84848484848484
E0589,24.390243902439025,46.34146341463415,21.951219512195124,2.4390243902439024,0.0,2.4390243902439024,2.4390243902439024,0.0,66.66666666666666,16.666666666666664,0.0,0.0,0.0,16.666666666666664,34.55284552845528
E0590,0.0,2.7027027027027026,2.7027027027027026,13.513513513513514,62.16216216216216,16.216216216216218,2.7027027027027026,0.0,0.0,0.0,14.285714285714285,71.42857142857143,14.285714285714285,0.0,10.03861003861004
E0591,1.25,2.5,2.5,20.0,57.49999999999999,16.25,0.0,0.0,9.090909090909092,0.0,18.181818181818183,63.63636363636363,9.090909090909092,0.0,12.727272727272727
E0592,0.0,11.76470588235294,58.82352941176471,23.52941176470588,5.88235294117647,0.0,0.0,0.0,0.0,66.66666666666666,33.33333333333333,0.0,0.0,0.0,17.647058823529402
E0593,8.064516129032258,3.225806451612903,1.6129032258064515,3.225806451612903,29.03225806451613,48.38709677419355,6.451612903225806,14.285714285714285,0.0,0.0,0.0,42.857142857142854,42.857142857142854,0.0,20.046082949308754
E0594,0.0,21.53846153846154,50.76923076923077,20.0,1.5384615384615385,4.615384615384616,1.5384615384615385,0.0,25.0,50.0,12.5,0.0,12.5,0.0,11.346153846153845
E0595,0.0,0.0,5.128205128205128,12.82051282051282,53.84615384615385,28.205128205128204,0.0,0.0,0.0,0.0,0.0,100.0,0.0,0.0,46.15384615384615
E0597,10.256410256410255,0.0,0.0,7.6923076923076925,12.82051282051282,66.66666666666666,2.564102564102564,0.0,0.0,0.0,0.0,0.0,100.0,0.0,33.33333333333334
E0598,2.898550724637681,5.797101449275362,2.898550724637681,0.0,28.985507246376812,57.971014492753625,1.4492753623188406,0.0,0.0,0.0,0.0,0.0,100.0,0.0,42.028985507246375
E0599,72.72727272727273,18.181818181818183,0.0,9.090909090909092,0.0,0.0,0.0,0.0,100.0,0.0,0.0,0.0,0.0,0.0,81.81818181818183
E0600,5.797101449275362,5.797101449275362,1.4492753623188406,0.0,21.73913043478261,63.76811594202898,1.4492753623188406,0.0,0.0,0.0,0.0,50.0,50.0,0.0,28.260869565217387
E0601,8.0,0.0,8.0,16.0,48.0,20.0,0.0,0.0,0.0,0.0,0.0,100.0,0.0,0.0,52.0
E0602,2.857142857142857,2.857142857142857,2.857142857142857,12.857142857142856,52.85714285714286,24.285714285714285,1.4285714285714286,0.0,33.33333333333333,0.0,33.33333333333333,33.33333333333333,0.0,0.0,50.952380952380956
E0603,28.57142857142857,51.42857142857142,14.285714285714285,0.0,0.0,2.857142857142857,2.857142857142857,0.0,100.0,0.0,0.0,0.0,0.0,0.0,48.57142857142857
E0604,3.1746031746031744,6.349206349206349,1.5873015873015872,23.809523809523807,38.095238095238095,23.809523809523807,3.1746031746031744,0.0,0.0,0.0,0.0,50.0,50.0,0.0,38.095238095238095
E0605,0.0,2.380952380952381,7.142857142857142,0.0,14.285714285714285,71.42857142857143,4.761904761904762,0.0,0.0,0.0,0.0,33.33333333333333,66.66666666666666,0.0,19.04761904761905
E0606,19.047619047619047,50.79365079365079,17.46031746031746,3.1746031746031744,3.1746031746031744,4.761904761904762,1.5873015873015872,0.0,66.66666666666666,33.33333333333333,0.0,0.0,0.0,0.0,31.746031746031743
E0607,2.857142857142857,5.714285714285714,2.857142857142857,0.0,14.285714285714285,2.857142857142857,71.42857142857143,0.0,0.0,0.0,0.0,0.0,0.0,100.0,28.57142857142857
E0609,56.75675675675676,27.027027027027028,0.0,8.108108108108109,2.7027027027027026,0.0,5.405405405405405,50.0,25.0,0.0,25.0,0.0,0.0,0.0,16.89189189189189
E0610,1.5625,17.1875,45.3125,25.0,6.25,4.6875,0.0,0.0,0.0,0.0,100.0,0.0,0.0,0.0,75.0
E0613,100.0,0.0,0.0,0.0,0.0,0.0,0.0,100.0,0.0,0.0,0.0,0.0,0.0,0.0,0.0
E0614,3.278688524590164,1.639344262295082,1.639344262295082,4.918032786885246,4.918032786885246,6.557377049180328,77.04918032786885,33.33333333333333,0.0,16.666666666666664,0.0,0.0,0.0,50.0,45.08196721311475
E0615,58.333333333333336,27.083333333333332,2.083333333333333,8.333333333333332,4.166666666666666,0.0,0.0,85.71428571428571,0.0,0.0,14.285714285714285,0.0,0.0,0.0,33.333333333333336
E0616,71.42857142857143,19.047619047619047,2.380952380952381,2.380952380952381,0.0,4.761904761904762,0.0,100.0,0.0,0.0,0.0,0.0,0.0,0.0,28.57142857142857
E0617,58.139534883720934,23.25581395348837,3.488372093023256,2.3255813953488373,4.651162790697675,3.488372093023256,4.651162790697675,62.5,12.5,0.0,12.5,0.0,0.0,12.5,22.383720930232556
E0618,0.0,2.380952380952381,21.428571428571427,35.714285714285715,33.33333333333333,7.142857142857142,0.0,0.0,0.0,33.33333333333333,33.33333333333333,33.33333333333333,0.0,0.0,11.904761904761907
E0619,0.0,3.225806451612903,0.0,3.225806451612903,25.806451612903224,64.51612903225806,3.225806451612903,0.0,0.0,0.0,25.0,0.0,75.0,0.0,32.25806451612903
E0620,2.380952380952381,2.380952380952381,33.33333333333333,52.38095238095239,9.523809523809524,0.0,0.0,0.0,0.0,50.0,50.0,0.0,0.0,0.0,16.66666666666667
E0621,1.36986301369863,2.73972602739726,2.73972602739726,15.068493150684931,52.054794520547944,23.28767123287671,2.73972602739726,0.0,0.0,0.0,16.666666666666664,50.0,33.33333333333333,0.0,11.643835616438352
E0622,68.75,18.75,6.25,6.25,0.0,0.0,0.0,66.66666666666666,33.33333333333333,0.0,0.0,0.0,0.0,0.0,14.583333333333336
E0623,0.0,11.11111111111111,44.44444444444444,11.11111111111111,0.0,11.11111111111111,22.22222222222222,0.0,100.0,0.0,0.0,0.0,0.0,0.0,88.88888888888889
E0624,0.0,33.33333333333333,46.666666666666664,6.666666666666667,6.666666666666667,6.666666666666667,0.0,0.0,0.0,100.0,0.0,0.0,0.0,0.0,53.333333333333336
E0625,0.0,40.0,20.0,30.0,10.0,0.0,0.0,0.0,0.0,50.0,50.0,0.0,0.0,0.0,50.0
E0626,64.7887323943662,14.084507042253522,2.8169014084507045,8.450704225352112,2.8169014084507045,2.8169014084507045,4.225352112676056,100.0,0.0,0.0,0.0,0.0,0.0,0.0,35.21126760563379
E0627,2.7777777777777777,13.88888888888889,16.666666666666664,44.44444444444444,22.22222222222222,0.0,0.0,16.666666666666664,0.0,0.0,33.33333333333333,50.0,0.0,0.0,41.66666666666667
E0628,1.7241379310344827,15.517241379310345,50.0,25.862068965517242,0.0,1.7241379310344827,5.172413793103448,0.0,0.0,75.0,25.0,0.0,0.0,0.0,25.0
E0629,0.0,2.631578947368421,5.263157894736842,18.421052631578945,50.0,23.684210526315788,0.0,0.0,0.0,0.0,0.0,100.0,0.0,0.0,50.0
E0630,6.666666666666667,23.333333333333332,40.0,23.333333333333332,3.3333333333333335,3.3333333333333335,0.0,0.0,33.33333333333333,33.33333333333333,33.33333333333333,0.0,0.0,0.0,20.0
E0632,0.0,0.0,25.64102564102564,38.46153846153847,25.64102564102564,2.564102564102564,7.6923076923076925,0.0,0.0,100.0,0.0,0.0,0.0,0.0,74.35897435897436
E0633,19.736842105263158,55.26315789473685,15.789473684210526,2.631578947368421,5.263157894736842,0.0,1.3157894736842104,33.33333333333333,33.33333333333333,16.666666666666664,0.0,16.666666666666664,0.0,0.0,25.87719298245614
E0634,0.0,4.477611940298507,1.4925373134328357,1.4925373134328357,26.865671641791046,64.17910447761194,1.4925373134328357,0.0,0.0,14.285714285714285,0.0,28.57142857142857,57.14285714285714,0.0,14.498933901918978
E0635,2.564102564102564,2.564102564102564,12.82051282051282,64.1025641025641,17.94871794871795,0.0,0.0,0.0,0.0,0.0,100.0,0.0,0.0,0.0,35.8974358974359
E0636,21.21212121212121,60.60606060606061,9.090909090909092,3.0303030303030303,3.0303030303030303,0.0,3.0303030303030303,0.0,100.0,0.0,0.0,0.0,0.0,0.0,39.39393939393939
E0637,0.0,0.0,0.0,10.0,10.0,0.0,80.0,0.0,0.0,0.0,0.0,0.0,0.0,100.0,20.0
E0638,0.0,18.421052631578945,52.63157894736842,15.789473684210526,2.631578947368421,5.263157894736842,5.263157894736842,0.0,0.0,66.66666666666666,33.33333333333333,0.0,0.0,0.0,31.578947368421044
E0639,48.93617021276596,27.659574468085108,8.51063829787234,2.127659574468085,6.382978723404255,4.25531914893617,2.127659574468085,100.0,0.0,0.0,0.0,0.0,0.0,0.0,51.06382978723404
E0640,0.0,5.0,22.5,47.5,22.5,2.5,0.0,0.0,0.0,33.33333333333333,66.66666666666666,0.0,0.0,0.0,29.999999999999993
E0641,19.298245614035086,49.122807017543856,17.543859649122805,3.508771929824561,0.0,8.771929824561402,1.7543859649122806,0.0,25.0,50.0,0.0,0.0,25.0,0.0,48.68421052631578
E0642,1.5625,3.125,1.5625,26.5625,46.875,20.3125,0.0,0.0,0.0,0.0,100.0,0.0,0.0,0.0,73.4375
E0643,3.225806451612903,6.451612903225806,3.225806451612903,9.67741935483871,64.51612903225806,12.903225806451612,0.0,0.0,40.0,0.0,20.0,40.0,0.0,0.0,43.87096774193549
E0644,0.0,5.714285714285714,5.714285714285714,2.857142857142857,2.857142857142857,8.571428571428571,74.28571428571429,0.0,0.0,0.0,0.0,0.0,33.33333333333333,66.66666666666666,24.761904761904766
E0645,1.5625,21.875,40.625,28.125,3.125,4.6875,0.0,0.0,0.0,50.0,25.0,0.0,25.0,0.0,29.6875
E0646,5.263157894736842,21.052631578947366,49.122807017543856,22.807017543859647,0.0,1.7543859649122806,0.0,0.0,22.22222222222222,33.33333333333333,44.44444444444444,0.0,0.0,0.0,22.80701754385965
E0647,0.0,0.0,2.941176470588235,26.47058823529412,52.94117647058824,14.705882352941178,2.941176470588235,0.0,0.0,0.0,57.14285714285714,42.857142857142854,0.0,0.0,30.672268907563023
E0649,0.0,17.142857142857142,57.14285714285714,20.0,2.857142857142857,2.857142857142857,0.0,0.0,33.33333333333333,66.66666666666666,0.0,0.0,0.0,0.0,25.714285714285708
E0650,2.272727272727273,11.363636363636363,56.81818181818182,25.0,0.0,4.545454545454546,0.0,0.0,28.57142857142857,57.14285714285714,0.0,0.0,14.285714285714285,0.0,27.27272727272727
E0652,4.25531914893617,14.893617021276595,68.08510638297872,10.638297872340425,0.0,2.127659574468085,0.0,0.0,0.0,40.0,60.0,0.0,0.0,0.0,49.36170212765957
E0653,2.73972602739726,1.36986301369863,4.10958904109589,2.73972602739726,24.65753424657534,60.273972602739725,4.10958904109589,0.0,0.0,0.0,0.0,20.0,60.0,20.0,15.89041095890411
E0654,4.0,6.0,6.0,0.0,20.0,64.0,0.0,25.0,0.0,0.0,0.0,25.0,50.0,0.0,26.0
E0655,62.5,18.75,0.0,3.125,6.25,3.125,6.25,66.66666666666666,0.0,0.0,0.0,16.666666666666664,16.666666666666664,0.0,28.124999999999993
E0657,16.216216216216218,59.45945945945946,13.513513513513514,0.0,2.7027027027027026,5.405405405405405,2.7027027027027026,0.0,100.0,0.0,0.0,0.0,0.0,0.0,40.54054054054055
E0659,61.76470588235294,26.47058823529412,0.0,2.941176470588235,2.941176470588235,5.88235294117647,0.0,50.0,50.0,0.0,0.0,0.0,0.0,0.0,23.52941176470588
E0660,0.0,3.0303030303030303,30.303030303030305,39.39393939393939,18.181818181818183,6.0606060606060606,3.0303030303030303,0.0,0.0,100.0,0.0,0.0,0.0,0.0,69.69696969696969
E0661,46.15384615384615,35.8974358974359,2.564102564102564,2.564102564102564,2.564102564102564,5.128205128205128,5.128205128205128,66.66666666666666,33.33333333333333,0.0,0.0,0.0,0.0,0.0,20.512820512820504
E0662,1.2195121951219512,1.2195121951219512,20.73170731707317,47.5609756097561,23.170731707317074,4.878048780487805,1.2195121951219512,0.0,0.0,0.0,50.0,50.0,0.0,0.0,29.268292682926827
E0663,11.904761904761903,54.761904761904766,21.428571428571427,0.0,0.0,9.523809523809524,2.380952380952381,0.0,66.66666666666666,16.666666666666664,0.0,0.0,16.666666666666664,0.0,19.04761904761904
E0664,0.0,0.0,0.0,8.333333333333332,75.0,16.666666666666664,0.0,0.0,0.0,0.0,0.0,100.0,0.0,0.0,24.999999999999996
E0665,30.952380952380953,42.857142857142854,19.047619047619047,2.380952380952381,0.0,0.0,4.761904761904762,0.0,100.0,0.0,0.0,0.0,0.0,0.0,57.142857142857146
E0667,22.5,47.5,25.0,0.0,0.0,5.0,0.0,25.0,25.0,25.0,0.0,0.0,25.0,0.0,22.5
E0669,4.285714285714286,2.857142857142857,2.857142857142857,1.4285714285714286,37.142857142857146,51.42857142857142,0.0,12.5,0.0,0.0,0.0,75.0,12.5,0.0,46.07142857142857
E0670,59.45945945945946,29.72972972972973,5.405405405405405,2.7027027027027026,1.3513513513513513,1.3513513513513513,0.0,83.33333333333334,16.666666666666664,0.0,0.0,0.0,0.0,0.0,23.87387387387388
E0671,2.73972602739726,4.10958904109589,2.73972602739726,1.36986301369863,17.80821917808219,68.4931506849315,2.73972602739726,12.5,0.0,0.0,0.0,50.0,25.0,12.5,51.71232876712328
E0672,1.4925373134328357,2.9850746268656714,20.8955223880597,49.25373134328358,20.8955223880597,2.9850746268656714,1.4925373134328357,0.0,0.0,33.33333333333333,33.33333333333333,33.33333333333333,0.0,0.0,24.875621890547258
E0673,60.0,23.636363636363637,3.6363636363636362,3.6363636363636362,5.454545454545454,1.8181818181818181,1.8181818181818181,50.0,33.33333333333333,0.0,0.0,0.0,16.666666666666664,0.0,24.545454545454543
E0674,0.0,21.21212121212121,51.515151515151516,15.151515151515152,0.0,9.090909090909092,3.0303030303030303,0.0,25.0,50.0,25.0,0.0,0.0,0.0,13.636363636363637
E0675,27.77777777777778,58.333333333333336,11.11111111111111,0.0,0.0,0.0,2.7777777777777777,0.0,50.0,50.0,0.0,0.0,0.0,0.0,38.888888888888886
E0677,3.75,0.0,2.5,18.75,41.25,30.0,3.75,0.0,0.0,0.0,22.22222222222222,44.44444444444444,33.33333333333333,0.0,9.999999999999996
E0678,57.534246575342465,23.28767123287671,4.10958904109589,5.47945205479452,4.10958904109589,2.73972602739726,2.73972602739726,57.14285714285714,14.285714285714285,14.285714285714285,0.0,14.285714285714285,0.0,0.0,20.35225048923679
E0679,0.0,23.52941176470588,38.23529411764706,29.411764705882355,2.941176470588235,2.941176470588235,2.941176470588235,0.0,50.0,0.0,50.0,0.0,0.0,0.0,47.058823529411754
E0681,6.451612903225806,3.225806451612903,9.67741935483871,0.0,22.58064516129032,58.06451612903226,0.0,50.0,0.0,0.0,0.0,0.0,50.0,0.0,43.54838709677419
E0682,3.79746835443038,11.39240506329114,49.36708860759494,24.050632911392405,3.79746835443038,3.79746835443038,3.79746835443038,0.0,20.0,60.0,10.0,10.0,0.0,0.0,25.443037974683545
E0683,3.571428571428571,0.0,3.571428571428571,3.571428571428571,3.571428571428571,0.0,85.71428571428571,0.0,0.0,0.0,0.0,0.0,0.0,100.0,14.285714285714288
E0684,2.857142857142857,5.714285714285714,54.285714285714285,28.57142857142857,2.857142857142857,0.0,5.714285714285714,0.0,0.0,100.0,0.0,0.0,0.0,0.0,45.714285714285715
E0685,21.875,53.125,9.375,3.125,6.25,0.0,6.25,33.33333333333333,33.33333333333333,33.33333333333333,0.0,0.0,0.0,0.0,35.416666666666664
E0686,0.0,6.521739130434782,0.0,17.391304347826086,47.82608695652174,28.26086956521739,0.0,0.0,0.0,0.0,0.0,33.33333333333333,66.66666666666666,0.0,38.405797101449274
E0687,2.3255813953488373,30.23255813953488,41.86046511627907,25.581395348837212,0.0,0.0,0.0,0.0,40.0,60.0,0.0,0.0,0.0,0.0,27.906976744186046
E0688,2.7777777777777777,25.0,36.11111111111111,27.77777777777778,2.7777777777777777,5.555555555555555,0.0,0.0,0.0,33.33333333333333,33.33333333333333,0.0,33.33333333333333,0.0,33.33333333333333
E0689,1.36986301369863,13.698630136986301,52.054794520547944,21.91780821917808,6.8493150684931505,1.36986301369863,2.73972602739726,0.0,14.285714285714285,28.57142857142857,28.57142857142857,14.285714285714285,0.0,14.285714285714285,26.22309197651663
E0690,0.0,4.651162790697675,2.3255813953488373,16.27906976744186,53.48837209302325,20.930232558139537,2.3255813953488373,0.0,0.0,0.0,0.0,100.0,0.0,0.0,46.51162790697674
E0691,0.0,2.7027027027027026,0.0,24.324324324324326,48.64864864864865,18.91891891891892,5.405405405405405,0.0,0.0,0.0,0.0,100.0,0.0,0.0,51.35135135135135
E0692,0.0,14.814814814814813,59.25925925925925,14.814814814814813,3.7037037037037033,7.4074074074074066,0.0,0.0,0.0,66.66666666666666,33.33333333333333,0.0,0.0,0.0,25.92592592592592
E0693,9.090909090909092,45.45454545454545,30.303030303030305,6.0606060606060606,3.0303030303030303,6.0606060606060606,0.0,16.666666666666664,0.0,66.66666666666666,16.666666666666664,0.0,0.0,0.0,54.54545454545454
E0694,4.761904761904762,16.666666666666664,61.904761904761905,16.666666666666664,0.0,0.0,0.0,0.0,0.0,50.0,50.0,0.0,0.0,0.0,33.33333333333333
E0695,2.857142857142857,2.857142857142857,20.0,45.714285714285715,25.71428571428571,0.0,2.857142857142857,0.0,0.0,33.33333333333333,33.33333333333333,33.33333333333333,0.0,0.0,20.952380952380953
E0696,25.675675675675674,56.75675675675676,13.513513513513514,2.7027027027027026,0.0,0.0,1.3513513513513513,50.0,25.0,25.0,0.0,0.0,0.0,0.0,35.810810810810814
E0697,3.0303030303030303,3.0303030303030303,0.0,42.42424242424242,36.36363636363637,15.151515151515152,0.0,0.0,0.0,0.0,0.0,100.0,0.0,0.0,63.63636363636364
E0698,0.0,18.96551724137931,62.06896551724138,10.344827586206897,1.7241379310344827,3.4482758620689653,3.4482758620689653,0.0,0.0,80.0,0.0,0.0,20.0,0.0,34.48275862068966
E0699,25.0,62.5,12.5,0.0,0.0,0.0,0.0,100.0,0.0,0.0,0.0,0.0,0.0,0.0,75.0
E0700,66.17647058823529,19.11764705882353,5.88235294117647,1.4705882352941175,1.4705882352941175,4.411764705882353,1.4705882352941175,50.0,50.0,0.0,0.0,0.0,0.0,0.0,30.882352941176467
E0701,27.083333333333332,50.0,14.583333333333334,0.0,4.166666666666666,0.0,4.166666666666666,20.0,80.0,0.0,0.0,0.0,0.0,0.0,29.999999999999996
E0702,2.7777777777777777,2.7777777777777777,2.7777777777777777,0.0,25.0,61.111111111111114,5.555555555555555,0.0,0.0,0.0,0.0,100.0,0.0,0.0,75.0
E0703,22.58064516129032,45.16129032258064,25.806451612903224,3.225806451612903,3.225806451612903,0.0,0.0,0.0,25.0,75.0,0.0,0.0,0.0,0.0,49.19354838709677
E0704,24.390243902439025,36.58536585365854,26.82926829268293,2.4390243902439024,2.4390243902439024,2.4390243902439024,4.878048780487805,0.0,33.33333333333333,33.33333333333333,0.0,33.33333333333333,0.0,0.0,37.39837398373983
E0705,0.0,27.27272727272727,54.54545454545454,18.181818181818183,0.0,0.0,0.0,0.0,0.0,100.0,0.0,0.0,0.0,0.0,45.45454545454546
E0706,16.27906976744186,55.81395348837209,18.6046511627907,2.3255813953488373,6.976744186046512,0.0,0.0,0.0,75.0,0.0,0.0,25.0,0.0,0.0,37.20930232558139
E0707,54.285714285714285,34.285714285714285,2.857142857142857,8.571428571428571,0.0,0.0,0.0,100.0,0.0,0.0,0.0,0.0,0.0,0.0,45.714285714285715
E0708,16.666666666666664,51.85185185185185,25.925925925925924,1.8518518518518516,1.8518518518518516,0.0,1.8518518518518516,0.0,0.0,100.0,0.0,0.0,0.0,0.0,74.07407407407406
E0709,1.639344262295082,11.475409836065573,55.73770491803278,29.508196721311474,0.0,1.639344262295082,0.0,0.0,0.0,66.66666666666666,33.33333333333333,0.0,0.0,0.0,14.754098360655734
E0710,0.0,0.0,32.25806451612903,38.70967741935484,19.35483870967742,6.451612903225806,3.225806451612903,0.0,0.0,55.55555555555556,11.11111111111111,22.22222222222222,11.11111111111111,0.0,30.824372759856633
E0711,19.51219512195122,46.34146341463415,24.390243902439025,4.878048780487805,2.4390243902439024,2.4390243902439024,0.0,25.0,50.0,25.0,0.0,0.0,0.0,0.0,9.756097560975608
E0713,2.0,2.0,2.0,4.0,4.0,2.0,84.0,0.0,0.0,0.0,20.0,20.0,0.0,60.0,32.0
E0714,17.391304347826086,39.130434782608695,34.78260869565217,0.0,0.0,8.695652173913043,0.0,0.0,0.0,100.0,0.0,0.0,0.0,0.0,65.21739130434783
E0715,22.5,57.49999999999999,12.5,0.0,5.0,0.0,2.5,0.0,75.0,25.0,0.0,0.0,0.0,0.0,30.000000000000004
E0717,2.7027027027027026,13.513513513513514,54.054054054054056,21.62162162162162,0.0,5.405405405405405,2.7027027027027026,0.0,100.0,0.0,0.0,0.0,0.0,0.0,86.4864864864865
E0718,0.0,4.3478260869565215,8.695652173913043,0.0,69.56521739130434,13.043478260869565,4.3478260869565215,0.0,50.0,0.0,0.0,50.0,0.0,0.0,45.65217391304347
E0719,25.64102564102564,48.717948717948715,25.64102564102564,0.0,0.0,0.0,0.0,33.33333333333333,0.0,66.66666666666666,0.0,0.0,0.0,0.0,48.717948717948715
E0720,3.4482758620689653,3.4482758620689653,27.586206896551722,48.275862068965516,13.793103448275861,0.0,3.4482758620689653,0.0,0.0,0.0,100.0,0.0,0.0,0.0,51.72413793103448
E0721,58.730158730158735,19.047619047619047,3.1746031746031744,1.5873015873015872,6.349206349206349,6.349206349206349,4.761904761904762,0.0,100.0,0.0,0.0,0.0,0.0,0.0,80.95238095238096
E0722,2.73972602739726,17.80821917808219,54.794520547945204,17.80821917808219,0.0,0.0,6.8493150684931505,0.0,0.0,50.0,16.666666666666664,0.0,0.0,33.33333333333333,26.48401826484018
E0723,2.564102564102564,2.564102564102564,0.0,15.384615384615385,38.46153846153847,35.8974358974359,5.128205128205128,14.285714285714285,0.0,0.0,28.57142857142857,42.857142857142854,14.285714285714285,0.0,29.3040293040293
E0724,12.195121951219512,41.46341463414634,34.146341463414636,2.4390243902439024,4.878048780487805,4.878048780487805,0.0,0.0,0.0,100.0,0.0,0.0,0.0,0.0,65.85365853658536
E0725,2.7027027027027026,0.0,29.72972972972973,40.54054054054054,21.62162162162162,2.7027027027027026,2.7027027027027026,0.0,0.0,25.0,25.0,50.0,0.0,0.0,28.37837837837838
E0726,13.432835820895523,59.70149253731343,17.91044776119403,2.9850746268656714,4.477611940298507,0.0,1.4925373134328357,12.5,75.0,0.0,0.0,12.5,0.0,0.0,23.32089552238806
E0727,1.4925373134328357,2.9850746268656714,17.91044776119403,49.25373134328358,25.37313432835821,1.4925373134328357,1.4925373134328357,0.0,0.0,0.0,50.0,50.0,0.0,0.0,25.373134328358205
E0728,62.16216216216216,18.91891891891892,0.0,5.405405405405405,5.405405405405405,2.7027027027027026,5.405405405405405,60.0,20.0,0.0,0.0,20.0,0.0,0.0,15.675675675675674
E0729,8.333333333333332,0.0,8.333333333333332,16.666666666666664,25.0,41.66666666666667,0.0,0.0,0.0,33.33333333333333,0.0,33.33333333333333,33.33333333333333,0.0,33.33333333333333
E0730,24.324324324324326,54.054054054054056,13.513513513513514,5.405405405405405,0.0,0.0,2.7027027027027026,66.66666666666666,33.33333333333333,0.0,0.0,0.0,0.0,0.0,42.34234234234234
E0731,4.761904761904762,4.761904761904762,4.761904761904762,0.0,21.428571428571427,61.904761904761905,2.380952380952381,0.0,0.0,0.0,0.0,0.0,100.0,0.0,38.09523809523809
E0732,30.64516129032258,45.16129032258064,14.516129032258066,0.0,6.451612903225806,3.225806451612903,0.0,25.0,25.0,50.0,0.0,0.0,0.0,0.0,35.48387096774193
E0733,16.666666666666664,33.33333333333333,0.0,16.666666666666664,33.33333333333333,0.0,0.0,0.0,100.0,0.0,0.0,0.0,0.0,0.0,66.66666666666666
E0734,13.580246913580247,56.79012345679012,24.691358024691358,0.0,1.2345679012345678,1.2345679012345678,2.4691358024691357,40.0,50.0,10.0,0.0,0.0,0.0,0.0,26.41975308641975
E0735,4.761904761904762,3.1746031746031744,0.0,6.349206349206349,12.698412698412698,68.25396825396825,4.761904761904762,0.0,0.0,0.0,0.0,0.0,100.0,0.0,31.746031746031743
E0736,65.85365853658537,24.390243902439025,2.4390243902439024,0.0,2.4390243902439024,2.4390243902439024,2.4390243902439024,100.0,0.0,0.0,0.0,0.0,0.0,0.0,34.14634146341463
E0737,11.940298507462686,55.223880597014926,22.388059701492537,1.4925373134328357,5.970149253731343,2.9850746268656714,0.0,0.0,50.0,33.33333333333333,0.0,0.0,16.666666666666664,0.0,24.626865671641788
E0738,0.0,27.586206896551722,51.724137931034484,17.24137931034483,0.0,0.0,3.4482758620689653,0.0,50.0,0.0,50.0,0.0,0.0,0.0,55.17241379310345
E0740,22.5,47.5,15.0,5.0,2.5,0.0,7.5,50.0,0.0,0.0,0.0,0.0,0.0,50.0,70.0
E0741,1.4285714285714286,4.285714285714286,5.714285714285714,5.714285714285714,25.71428571428571,54.285714285714285,2.857142857142857,0.0,0.0,0.0,0.0,33.33333333333333,50.0,16.666666666666664,21.428571428571423
E0742,2.857142857142857,5.714285714285714,2.857142857142857,0.0,5.714285714285714,5.714285714285714,77.14285714285715,0.0,0.0,0.0,0.0,0.0,0.0,100.0,22.857142857142854
E0743,19.402985074626866,55.223880597014926,14.925373134328357,1.4925373134328357,5.970149253731343,2.9850746268656714,0.0,12.5,87.5,0.0,0.0,0.0,0.0,0.0,32.276119402985074
E0744,7.4074074074074066,7.4074074074074066,3.7037037037037033,0.0,14.814814814814813,62.96296296296296,3.7037037037037033,0.0,25.0,0.0,0.0,50.0,25.0,0.0,52.77777777777778
E0745,1.7241379310344827,27.586206896551722,41.37931034482759,24.137931034482758,0.0,3.4482758620689653,1.7241379310344827,0.0,33.33333333333333,66.66666666666666,0.0,0.0,0.0,0.0,31.034482758620687
E0746,23.52941176470588,38.23529411764706,23.52941176470588,8.823529411764707,0.0,0.0,5.88235294117647,40.0,40.0,0.0,20.0,0.0,0.0,0.0,29.41176470588235
E0747,3.8461538461538463,7.6923076923076925,30.76923076923077,42.30769230769231,7.6923076923076925,7.6923076923076925,0.0,0.0,0.0,0.0,100.0,0.0,0.0,0.0,57.69230769230769
E0748,0.0,0.0,13.157894736842104,73.68421052631578,13.157894736842104,0.0,0.0,0.0,0.0,0.0,100.0,0.0,0.0,0.0,26.315789473684212
E0749,0.0,0.0,2.380952380952381,9.523809523809524,14.285714285714285,0.0,73.80952380952381,0.0,0.0,0.0,0.0,0.0,0.0,100.0,26.19047619047619
E0750,26.666666666666668,46.666666666666664,6.666666666666667,6.666666666666667,6.666666666666667,0.0,6.666666666666667,25.0,50.0,0.0,0.0,25.0,0.0,0.0,21.666666666666668
E0751,0.0,3.0303030303030303,18.181818181818183,57.57575757575758,18.181818181818183,0.0,3.0303030303030303,0.0,0.0,25.0,75.0,0.0,0.0,0.0,24.242424242424242
E0753,68.29268292682927,21.951219512195124,2.4390243902439024,0.0,2.4390243902439024,4.878048780487805,0.0,50.0,50.0,0.0,0.0,0.0,0.0,0.0,28.048780487804876
E0754,73.68421052631578,21.052631578947366,0.0,0.0,2.631578947368421,2.631578947368421,0.0,100.0,0.0,0.0,0.0,0.0,0.0,0.0,26.315789473684212
E0755,13.043478260869565,2.898550724637681,4.3478260869565215,0.0,2.898550724637681,4.3478260869565215,72.46376811594203,0.0,0.0,28.57142857142857,0.0,14.285714285714285,14.285714285714285,42.857142857142854,45.54865424430642
E0756,6.0606060606060606,3.0303030303030303,1.5151515151515151,15.151515151515152,53.03030303030303,21.21212121212121,0.0,18.181818181818183,0.0,9.090909090909092,27.27272727272727,36.36363636363637,9.090909090909092,0.0,31.818181818181813
E0757,0.0,0.0,7.6923076923076925,23.076923076923077,48.717948717948715,17.94871794871795,2.564102564102564,0.0,0.0,0.0,0.0,100.0,0.0,0.0,51.282051282051285
E0758,0.0,18.421052631578945,57.89473684210527,18.421052631578945,0.0,2.631578947368421,2.631578947368421,0.0,33.33333333333333,33.33333333333333,33.33333333333333,0.0,0.0,0.0,29.82456140350877
E0759,6.153846153846154,60.0,18.461538461538463,1.5384615384615385,3.076923076923077,7.6923076923076925,3.076923076923077,0.0,50.0,0.0,0.0,0.0,50.0,0.0,42.307692307692314
E0760,15.151515151515152,51.515151515151516,18.181818181818183,3.0303030303030303,3.0303030303030303,3.0303030303030303,6.0606060606060606,25.0,50.0,0.0,0.0,0.0,0.0,25.0,28.78787878787879
E0763,5.714285714285714,4.285714285714286,2.857142857142857,17.142857142857142,48.57142857142857,20.0,1.4285714285714286,16.666666666666664,16.666666666666664,0.0,16.666666666666664,50.0,0.0,0.0,24.761904761904763
E0764,2.857142857142857,17.142857142857142,51.42857142857142,17.142857142857142,5.714285714285714,2.857142857142857,2.857142857142857,0.0,33.33333333333333,33.33333333333333,33.33333333333333,0.0,0.0,0.0,32.38095238095238
E0765,53.40909090909091,30.681818181818183,2.272727272727273,3.4090909090909087,2.272727272727273,5.681818181818182,2.272727272727273,100.0,0.0,0.0,0.0,0.0,0.0,0.0,46.590909090909086
E0766,60.97560975609756,17.073170731707318,2.4390243902439024,4.878048780487805,4.878048780487805,4.878048780487805,4.878048780487805,33.33333333333333,33.33333333333333,16.666666666666664,0.0,0.0,16.666666666666664,0.0,42.27642276422764
E0767,64.51612903225806,19.35483870967742,0.0,0.0,6.451612903225806,3.225806451612903,6.451612903225806,75.0,25.0,0.0,0.0,0.0,0.0,0.0,16.129032258064516
E0768,0.0,20.0,60.0,14.285714285714285,0.0,2.857142857142857,2.857142857142857,0.0,14.285714285714285,85.71428571428571,0.0,0.0,0.0,0.0,25.714285714285708
E0769,2.7027027027027026,2.7027027027027026,8.108108108108109,2.7027027027027026,27.027027027027028,51.35135135135135,5.405405405405405,0.0,0.0,0.0,25.0,25.0,50.0,0.0,22.297297297297295
E0771,0.0,0.0,1.8518518518518516,29.629629629629626,46.2962962962963,20.37037037037037,1.8518518518518516,0.0,0.0,0.0,28.57142857142857,28.57142857142857,42.857142857142854,0.0,22.486772486772487
E0772,1.6129032258064515,22.58064516129032,46.774193548387096,24.193548387096776,0.0,1.6129032258064515,3.225806451612903,0.0,0.0,25.0,75.0,0.0,0.0,0.0,50.806451612903224
E0775,0.0,2.1739130434782608,6.521739130434782,8.695652173913043,8.695652173913043,67.3913043478261,6.521739130434782,0.0,0.0,0.0,0.0,0.0,100.0,0.0,32.60869565217391
E0777,27.500000000000004,40.0,17.5,7.5,2.5,0.0,5.0,0.0,66.66666666666666,0.0,0.0,0.0,0.0,33.33333333333333,54.99999999999999
E0779,0.0,6.666666666666667,64.44444444444444,20.0,2.2222222222222223,0.0,6.666666666666667,0.0,33.33333333333333,50.0,16.666666666666664,0.0,0.0,0.0,26.66666666666666
E0780,2.380952380952381,2.380952380952381,11.904761904761903,45.23809523809524,26.190476190476193,4.761904761904762,7.142857142857142,20.0,0.0,20.0,40.0,0.0,0.0,20.0,38.57142857142858
E0781,1.6129032258064515,1.6129032258064515,1.6129032258064515,0.0,25.806451612903224,64.51612903225806,4.838709677419355,0.0,0.0,0.0,0.0,0.0,100.0,0.0,35.483870967741936
E0782,0.0,6.896551724137931,24.137931034482758,55.172413793103445,6.896551724137931,6.896551724137931,0.0,0.0,0.0,66.66666666666666,33.33333333333333,0.0,0.0,0.0,42.52873563218391
E0783,0.0,0.0,44.44444444444444,55.55555555555556,0.0,0.0,0.0,0.0,0.0,0.0,100.0,0.0,0.0,0.0,44.44444444444444
E0785,54.761904761904766,26.190476190476193,7.142857142857142,2.380952380952381,2.380952380952381,4.761904761904762,2.380952380952381,50.0,25.0,25.0,0.0,0.0,0.0,0.0,17.857142857142858
E0786,10.0,47.5,37.5,0.0,0.0,2.5,2.5,0.0,80.0,20.0,0.0,0.0,0.0,0.0,32.5
E0787,61.53846153846154,25.64102564102564,2.564102564102564,2.564102564102564,2.564102564102564,2.564102564102564,2.564102564102564,100.0,0.0,0.0,0.0,0.0,0.0,0.0,38.461538461538474
E0788,0.0,12.5,12.5,37.5,37.5,0.0,0.0,0.0,0.0,0.0,100.0,0.0,0.0,0.0,62.5
E0789,0.0,2.7027027027027026,16.216216216216218,64.86486486486487,13.513513513513514,0.0,2.7027027027027026,0.0,0.0,0.0,66.66666666666666,33.33333333333333,0.0,0.0,21.62162162162161
E0790,64.28571428571429,18.571428571428573,2.857142857142857,5.714285714285714,4.285714285714286,4.285714285714286,0.0,50.0,0.0,0.0,50.0,0.0,0.0,0.0,44.28571428571429
E0791,1.5151515151515151,1.5151515151515151,6.0606060606060606,19.696969696969695,54.54545454545454,13.636363636363635,3.0303030303030303,0.0,0.0,50.0,0.0,50.0,0.0,0.0,43.93939393939393
E0792,16.666666666666664,46.96969696969697,25.757575757575758,0.0,4.545454545454546,3.0303030303030303,3.0303030303030303,16.666666666666664,33.33333333333333,33.33333333333333,0.0,0.0,0.0,16.666666666666664,21.21212121212121
E0793,15.625,34.375,21.875,15.625,0.0,12.5,0.0,0.0,33.33333333333333,0.0,66.66666666666666,0.0,0.0,0.0,51.041666666666664
E0794,16.867469879518072,48.19277108433735,19.27710843373494,1.2048192771084338,8.433734939759036,4.819277108433735,1.2048192771084338,0.0,25.0,50.0,0.0,0.0,25.0,0.0,50.90361445783132
E0796,20.0,52.5,17.5,2.5,2.5,2.5,2.5,0.0,100.0,0.0,0.0,0.0,0.0,0.0,47.5
E0797,0.0,19.51219512195122,56.09756097560976,19.51219512195122,2.4390243902439024,0.0,2.4390243902439024,0.0,33.33333333333333,33.33333333333333,0.0,0.0,0.0,33.33333333333333,44.71544715447155
E0799,0.0,12.121212121212121,12.121212121212121,0.0,3.0303030303030303,3.0303030303030303,69.6969696969697,0.0,20.0,20.0,0.0,0.0,0.0,60.0,15.757575757575761
E0801,72.97297297297297,13.513513513513514,5.405405405405405,0.0,2.7027027027027026,2.7027027027027026,2.7027027027027026,100.0,0.0,0.0,0.0,0.0,0.0,0.0,27.027027027027028
E0804,67.64705882352942,20.588235294117645,2.941176470588235,0.0,2.941176470588235,0.0,5.88235294117647,50.0,50.0,0.0,0.0,0.0,0.0,0.0,29.411764705882355
E0805,2.4390243902439024,2.4390243902439024,2.4390243902439024,17.073170731707318,46.34146341463415,26.82926829268293,2.4390243902439024,0.0,0.0,0.0,75.0,25.0,0.0,0.0,57.92682926829268
E0806,2.5,30.0,42.5,17.5,2.5,5.0,0.0,0.0,66.66666666666666,0.0,33.33333333333333,0.0,0.0,0.0,52.49999999999999
E0807,0.0,12.121212121212121,51.515151515151516,21.21212121212121,3.0303030303030303,9.090909090909092,3.0303030303030303,0.0,0.0,33.33333333333333,33.33333333333333,0.0,33.33333333333333,0.0,36.36363636363636
E0808,14.285714285714285,0.0,21.428571428571427,46.42857142857143,14.285714285714285,0.0,3.571428571428571,50.0,0.0,0.0,50.0,0.0,0.0,0.0,39.285714285714285
E0809,13.793103448275861,51.724137931034484,17.24137931034483,10.344827586206897,0.0,3.4482758620689653,3.4482758620689653,0.0,50.0,16.666666666666664,16.666666666666664,0.0,16.666666666666664,0.0,19.54022988505747
E0811,14.285714285714285,52.38095238095239,23.809523809523807,2.380952380952381,2.380952380952381,4.761904761904762,0.0,0.0,50.0,0.0,50.0,0.0,0.0,0.0,47.61904761904762
E0812,3.0303030303030303,0.0,27.27272727272727,48.484848484848484,16.666666666666664,3.0303030303030303,1.5151515151515151,0.0,0.0,40.0,20.0,40.0,0.0,0.0,36.06060606060607
E0813,21.428571428571427,47.61904761904761,26.190476190476193,0.0,2.380952380952381,0.0,2.380952380952381,50.0,50.0,0.0,0.0,0.0,0.0,0.0,30.952380952380956
E0814,66.66666666666666,17.543859649122805,5.263157894736842,3.508771929824561,0.0,3.508771929824561,3.508771929824561,75.0,25.0,0.0,0.0,0.0,0.0,0.0,15.789473684210533
E0815,3.225806451612903,0.0,0.0,0.0,9.67741935483871,3.225806451612903,83.87096774193549,0.0,0.0,0.0,0.0,0.0,0.0,100.0,16.129032258064512
E0816,44.44444444444444,44.44444444444444,0.0,0.0,11.11111111111111,0.0,0.0,100.0,0.0,0.0,0.0,0.0,0.0,0.0,55.55555555555556
E0817,3.7037037037037033,0.0,11.11111111111111,18.51851851851852,55.55555555555556,11.11111111111111,0.0,0.0,0.0,25.0,25.0,50.0,0.0,0.0,20.37037037037037
E0818,3.125,6.25,3.125,15.625,50.0,12.5,9.375,0.0,0.0,0.0,0.0,100.0,0.0,0.0,50.0
E0819,7.142857142857142,59.523809523809526,21.428571428571427,4.761904761904762,2.380952380952381,2.380952380952381,2.380952380952381,0.0,100.0,0.0,0.0,0.0,0.0,0.0,40.476190476190474
E0820,61.53846153846154,25.64102564102564,2.564102564102564,2.564102564102564,0.0,5.128205128205128,2.564102564102564,66.66666666666666,33.33333333333333,0.0,0.0,0.0,0.0,0.0,12.820512820512814
E0821,71.42857142857143,17.857142857142858,0.0,3.571428571428571,0.0,0.0,7.142857142857142,66.66666666666666,33.33333333333333,0.0,0.0,0.0,0.0,0.0,15.47619047619048
E0822,8.108108108108109,0.0,27.027027027027028,43.24324324324324,18.91891891891892,2.7027027027027026,0.0,0.0,0.0,33.33333333333333,0.0,66.66666666666666,0.0,0.0,54.05405405405405
E0823,2.7777777777777777,2.7777777777777777,19.444444444444446,52.77777777777778,15.277777777777779,6.944444444444445,0.0,0.0,0.0,50.0,25.0,25.0,0.0,0.0,40.27777777777778
E0824,5.88235294117647,0.0,2.941176470588235,26.47058823529412,44.11764705882353,17.647058823529413,2.941176470588235,0.0,0.0,50.0,0.0,50.0,0.0,0.0,52.941176470588246
E0825,2.7777777777777777,0.0,5.555555555555555,2.7777777777777777,30.555555555555557,58.333333333333336,0.0,0.0,0.0,0.0,0.0,0.0,100.0,0.0,41.66666666666667
E0826,1.2658227848101267,3.79746835443038,39.24050632911392,35.44303797468354,15.18987341772152,2.5316455696202533,2.5316455696202533,0.0,0.0,50.0,25.0,0.0,0.0,25.0,33.22784810126582
E0827,18.84057971014493,42.028985507246375,28.985507246376812,2.898550724637681,4.3478260869565215,2.898550724637681,0.0,0.0,50.0,50.0,0.0,0.0,0.0,0.0,28.985507246376812
E0828,28.205128205128204,48.717948717948715,15.384615384615385,2.564102564102564,5.128205128205128,0.0,0.0,40.0,20.0,40.0,0.0,0.0,0.0,0.0,36.41025641025641
E0829,0.0,0.0,5.0,20.0,47.5,25.0,2.5,0.0,0.0,0.0,0.0,66.66666666666666,33.33333333333333,0.0,27.499999999999993
E0830,16.0,50.0,18.0,2.0,4.0,0.0,10.0,0.0,100.0,0.0,0.0,0.0,0.0,0.0,50.0
E0831,69.64285714285714,10.714285714285714,3.571428571428571,7.142857142857142,1.7857142857142856,1.7857142857142856,5.357142857142857,40.0,20.0,0.0,40.0,0.0,0.0,0.0,42.14285714285715
E0832,7.547169811320755,1.8867924528301887,18.867924528301888,39.62264150943396,26.41509433962264,5.660377358490567,0.0,0.0,0.0,0.0,100.0,0.0,0.0,0.0,60.37735849056604
E0833,0.0,23.91304347826087,50.0,19.565217391304348,2.1739130434782608,4.3478260869565215,0.0,0.0,0.0,50.0,50.0,0.0,0.0,0.0,30.434782608695652
E0834,3.076923076923077,1.5384615384615385,4.615384615384616,3.076923076923077,24.615384615384617,61.53846153846154,1.5384615384615385,0.0,0.0,0.0,0.0,0.0,100.0,0.0,38.46153846153846
E0835,2.7777777777777777,2.7777777777777777,22.22222222222222,48.61111111111111,20.833333333333336,1.3888888888888888,1.3888888888888888,0.0,0.0,14.285714285714285,57.14285714285714,14.285714285714285,0.0,14.285714285714285,21.42857142857143
E0836,55.26315789473685,28.947368421052634,0.0,5.263157894736842,0.0,0.0,10.526315789473683,100.0,0.0,0.0,0.0,0.0,0.0,0.0,44.73684210526315
E0838,18.75,53.125,15.625,6.25,0.0,3.125,3.125,20.0,40.0,40.0,0.0,0.0,0.0,0.0,25.625
E0839,16.216216216216218,54.054054054054056,18.91891891891892,2.7027027027027026,5.405405405405405,2.7027027027027026,0.0,0.0,50.0,0.0,50.0,0.0,0.0,0.0,47.2972972972973
E0841,60.0,28.57142857142857,2.857142857142857,2.857142857142857,5.714285714285714,0.0,0.0,66.66666666666666,0.0,0.0,0.0,33.33333333333333,0.0,0.0,34.28571428571428
E0842,2.564102564102564,20.51282051282051,41.02564102564102,25.64102564102564,2.564102564102564,2.564102564102564,5.128205128205128,0.0,0.0,100.0,0.0,0.0,0.0,0.0,58.97435897435897
E0843,50.0,50.0,0.0,0.0,0.0,0.0,0.0,0.0,100.0,0.0,0.0,0.0,0.0,0.0,50.0
E0844,0.0,12.121212121212121,60.60606060606061,18.181818181818183,3.0303030303030303,0.0,6.0606060606060606,0.0,0.0,66.66666666666666,0.0,0.0,0.0,33.33333333333333,33.33333333333333
E0845,22.22222222222222,57.77777777777777,8.88888888888889,2.2222222222222223,0.0,4.444444444444445,4.444444444444445,50.0,50.0,0.0,0.0,0.0,0.0,0.0,27.777777777777775
E0846,0.0,4.0,0.0,16.0,56.00000000000001,20.0,4.0,0.0,0.0,0.0,0.0,100.0,0.0,0.0,44.0
E0847,0.0,0.0,0.0,0.0,57.14285714285714,28.57142857142857,14.285714285714285,0.0,0.0,0.0,0.0,0.0,100.0,0.0,71.42857142857142
E0848,21.21212121212121,63.63636363636363,9.090909090909092,3.0303030303030303,3.0303030303030303,0.0,0.0,0.0,66.66666666666666,33.33333333333333,0.0,0.0,0.0,0.0,27.272727272727266
E0850,29.411764705882355,52.94117647058824,14.705882352941178,0.0,0.0,0.0,2.941176470588235,25.0,75.0,0.0,0.0,0.0,0.0,0.0,22.05882352941176
E0851,18.421052631578945,50.0,18.421052631578945,0.0,5.263157894736842,5.263157894736842,2.631578947368421,50.0,50.0,0.0,0.0,0.0,0.0,0.0,31.57894736842105
E0854,27.77777777777778,55.55555555555556,13.88888888888889,2.7777777777777777,0.0,0.0,0.0,0.0,100.0,0.0,0.0,0.0,0.0,0.0,44.44444444444444
E0856,64.17910447761194,20.8955223880597,1.4925373134328357,1.4925373134328357,0.0,4.477611940298507,7.462686567164178,57.14285714285714,28.57142857142857,14.285714285714285,0.0,0.0,0.0,0.0,20.46908315565032
E0858,60.526315789473685,26.31578947368421,5.263157894736842,0.0,5.263157894736842,0.0,2.631578947368421,60.0,40.0,0.0,0.0,0.0,0.0,0.0,13.684210526315791
E0859,2.631578947368421,2.631578947368421,0.0,2.631578947368421,5.263157894736842,2.631578947368421,84.21052631578947,0.0,0.0,0.0,0.0,0.0,0.0,100.0,15.78947368421053
E0860,0.0,2.631578947368421,5.263157894736842,21.052631578947366,50.0,18.421052631578945,2.631578947368421,0.0,0.0,0.0,12.5,75.0,0.0,12.5,34.868421052631575
E0861,17.333333333333336,54.666666666666664,18.666666666666668,1.3333333333333335,2.666666666666667,2.666666666666667,2.666666666666667,20.0,60.0,20.0,0.0,0.0,0.0,0.0,9.333333333333334
E0862,0.0,2.941176470588235,14.705882352941178,52.94117647058824,20.588235294117645,5.88235294117647,2.941176470588235,0.0,0.0,20.0,60.0,20.0,0.0,0.0,12.352941176470585
E0863,2.272727272727273,9.090909090909092,2.272727272727273,2.272727272727273,25.0,59.09090909090909,0.0,0.0,0.0,0.0,0.0,20.0,80.0,0.0,20.90909090909091
E0864,0.0,5.714285714285714,25.71428571428571,40.0,22.857142857142858,0.0,5.714285714285714,0.0,16.666666666666664,0.0,66.66666666666666,16.666666666666664,0.0,0.0,37.619047619047606
E0865,23.61111111111111,58.333333333333336,12.5,1.3888888888888888,4.166666666666666,0.0,0.0,25.0,62.5,12.5,0.0,0.0,0.0,0.0,5.5555555555555545
E0866,5.714285714285714,62.857142857142854,17.142857142857142,5.714285714285714,2.857142857142857,0.0,5.714285714285714,0.0,66.66666666666666,33.33333333333333,0.0,0.0,0.0,0.0,19.999999999999996
E0867,4.411764705882353,1.4705882352941175,4.411764705882353,20.588235294117645,50.0,17.647058823529413,1.4705882352941175,0.0,0.0,12.5,12.5,62.5,12.5,0.0,20.588235294117645
E0869,4.3478260869565215,0.0,26.08695652173913,56.52173913043478,13.043478260869565,0.0,0.0,0.0,0.0,0.0,100.0,0.0,0.0,0.0,43.47826086956522
E0870,5.952380952380952,1.1904761904761905,3.571428571428571,1.1904761904761905,25.0,61.904761904761905,1.1904761904761905,25.0,0.0,0.0,0.0,50.0,25.0,0.0,44.047619047619044
E0871,5.714285714285714,2.857142857142857,0.0,0.0,17.142857142857142,68.57142857142857,5.714285714285714,33.33333333333333,0.0,0.0,0.0,33.33333333333333,33.33333333333333,0.0,43.8095238095238
E0872,0.0,0.0,0.0,10.0,20.0,70.0,0.0,0.0,0.0,0.0,0.0,0.0,100.0,0.0,30.0
E0873,52.5,30.0,2.5,7.5,2.5,2.5,2.5,100.0,0.0,0.0,0.0,0.0,0.0,0.0,47.5
E0874,1.5873015873015872,26.984126984126984,55.55555555555556,15.873015873015872,0.0,0.0,0.0,0.0,20.0,80.0,0.0,0.0,0.0,0.0,24.444444444444443
E0875,0.0,1.4705882352941175,19.11764705882353,50.0,22.058823529411764,2.941176470588235,4.411764705882353,0.0,25.0,0.0,50.0,25.0,0.0,0.0,26.47058823529412
E0876,0.0,0.0,12.5,12.5,50.0,12.5,12.5,0.0,0.0,25.0,0.0,50.0,25.0,0.0,25.0
E0877,8.51063829787234,2.127659574468085,21.27659574468085,44.680851063829785,17.02127659574468,4.25531914893617,2.127659574468085,14.285714285714285,0.0,14.285714285714285,42.857142857142854,14.285714285714285,14.285714285714285,0.0,15.805471124620063
E0878,24.242424242424242,36.36363636363637,18.181818181818183,6.0606060606060606,6.0606060606060606,6.0606060606060606,3.0303030303030303,66.66666666666666,0.0,0.0,33.33333333333333,0.0,0.0,0.0,69.69696969696969
E0879,5.797101449275362,1.4492753623188406,0.0,14.492753623188406,46.3768115942029,27.536231884057973,4.3478260869565215,0.0,0.0,0.0,14.285714285714285,71.42857142857143,14.285714285714285,0.0,25.051759834368536
E0881,55.26315789473685,23.684210526315788,2.631578947368421,2.631578947368421,7.894736842105263,5.263157894736842,2.631578947368421,50.0,0.0,0.0,25.0,25.0,0.0,0.0,39.473684210526315
E0882,2.564102564102564,35.8974358974359,43.58974358974359,12.82051282051282,0.0,2.564102564102564,2.564102564102564,0.0,50.0,0.0,50.0,0.0,0.0,0.0,51.282051282051285
E0884,21.53846153846154,52.307692307692314,24.615384615384617,1.5384615384615385,0.0,0.0,0.0,25.0,75.0,0.0,0.0,0.0,0.0,0.0,26.15384615384615
E0885,67.64705882352942,20.588235294117645,2.941176470588235,2.941176470588235,1.4705882352941175,1.4705882352941175,2.941176470588235,100.0,0.0,0.0,0.0,0.0,0.0,0.0,32.35294117647058
E0886,2.5,22.5,45.0,25.0,2.5,2.5,0.0,0.0,0.0,66.66666666666666,33.33333333333333,0.0,0.0,0.0,29.999999999999993
E0887,3.1746031746031744,11.11111111111111,55.55555555555556,25.396825396825395,3.1746031746031744,0.0,1.5873015873015872,0.0,33.33333333333333,16.666666666666664,50.0,0.0,0.0,0.0,46.82539682539682
E0888,0.0,0.0,5.714285714285714,68.57142857142857,25.71428571428571,0.0,0.0,0.0,0.0,0.0,75.0,25.0,0.0,0.0,6.428571428571429
E0889,1.4084507042253522,0.0,15.492957746478872,61.97183098591549,16.901408450704224,1.4084507042253522,2.8169014084507045,0.0,0.0,16.666666666666664,66.66666666666666,16.666666666666664,0.0,0.0,5.868544600938964
E0890,0.0,0.0,5.0,17.5,45.0,30.0,2.5,0.0,0.0,33.33333333333333,0.0,66.66666666666666,0.0,0.0,49.99999999999999
E0891,20.0,46.15384615384615,18.461538461538463,3.076923076923077,1.5384615384615385,3.076923076923077,7.6923076923076925,37.5,50.0,12.5,0.0,0.0,0.0,0.0,21.34615384615385
E0893,7.142857142857142,2.380952380952381,0.0,2.380952380952381,19.047619047619047,64.28571428571429,4.761904761904762,50.0,0.0,0.0,0.0,0.0,50.0,0.0,42.85714285714286
E0895,6.896551724137931,3.4482758620689653,10.344827586206897,3.4482758620689653,10.344827586206897,6.896551724137931,58.620689655172406,0.0,0.0,20.0,20.0,0.0,20.0,40.0,39.310344827586206
E0897,1.36986301369863,16.43835616438356,45.20547945205479,19.17808219178082,9.58904109589041,6.8493150684931505,1.36986301369863,0.0,0.0,0.0,0.0,100.0,0.0,0.0,90.41095890410958
E0898,1.7543859649122806,3.508771929824561,5.263157894736842,1.7543859649122806,5.263157894736842,3.508771929824561,78.94736842105263,0.0,0.0,20.0,0.0,20.0,20.0,40.0,45.96491228070175
E0899,65.85365853658537,21.951219512195124,4.878048780487805,1.2195121951219512,3.6585365853658534,0.0,2.4390243902439024,57.14285714285714,14.285714285714285,14.285714285714285,0.0,0.0,0.0,14.285714285714285,21.25435540069687
E0902,20.0,42.857142857142854,20.0,2.857142857142857,8.571428571428571,2.857142857142857,2.857142857142857,0.0,100.0,0.0,0.0,0.0,0.0,0.0,57.142857142857146
E0903,7.462686567164178,1.4925373134328357,4.477611940298507,0.0,25.37313432835821,61.19402985074627,0.0,12.5,0.0,0.0,0.0,12.5,75.0,0.0,18.84328358208955
E0904,58.108108108108105,24.324324324324326,1.3513513513513513,4.054054054054054,0.0,6.756756756756757,5.405405405405405,75.0,25.0,0.0,0.0,0.0,0.0,0.0,17.56756756756757
E0905,0.0,27.586206896551722,41.37931034482759,24.137931034482758,1.7241379310344827,1.7241379310344827,3.4482758620689653,0.0,25.0,25.0,50.0,0.0,0.0,0.0,25.862068965517246
E0906,0.0,1.4285714285714286,18.571428571428573,55.714285714285715,17.142857142857142,1.4285714285714286,5.714285714285714,0.0,0.0,14.285714285714285,57.14285714285714,14.285714285714285,0.0,14.285714285714285,9.999999999999998
E0907,0.0,2.941176470588235,26.47058823529412,52.94117647058824,14.705882352941178,2.941176470588235,0.0,0.0,0.0,0.0,100.0,0.0,0.0,0.0,47.05882352941176
E0908,20.27027027027027,54.054054054054056,14.864864864864865,2.7027027027027026,2.7027027027027026,2.7027027027027026,2.7027027027027026,25.0,50.0,0.0,0.0,12.5,0.0,12.5,24.324324324324326
E0909,14.705882352941178,58.82352941176471,20.588235294117645,2.941176470588235,0.0,0.0,2.941176470588235,0.0,100.0,0.0,0.0,0.0,0.0,0.0,41.17647058823529
E0910,2.5,2.5,2.5,22.5,52.5,12.5,5.0,0.0,0.0,0.0,0.0,33.33333333333333,66.66666666666666,0.0,54.166666666666664
E0911,28.57142857142857,42.857142857142854,19.047619047619047,0.0,2.380952380952381,0.0,7.142857142857142,66.66666666666666,0.0,33.33333333333333,0.0,0.0,0.0,0.0,52.380952380952365
E0912,0.0,0.0,0.0,14.285714285714285,57.14285714285714,22.857142857142858,5.714285714285714,0.0,0.0,0.0,0.0,75.0,25.0,0.0,20.000000000000004
E0913,8.571428571428571,0.0,22.857142857142858,54.285714285714285,5.714285714285714,2.857142857142857,5.714285714285714,28.57142857142857,0.0,14.285714285714285,42.857142857142854,14.285714285714285,0.0,0.0,28.57142857142857
E0914,2.941176470588235,2.941176470588235,8.823529411764707,11.76470588235294,47.05882352941176,20.588235294117645,5.88235294117647,0.0,0.0,0.0,0.0,100.0,0.0,0.0,52.94117647058823
E0917,2.4390243902439024,2.4390243902439024,14.634146341463413,63.41463414634146,14.634146341463413,0.0,2.4390243902439024,0.0,0.0,50.0,50.0,0.0,0.0,0.0,35.36585365853658
E0918,8.823529411764707,2.941176470588235,5.88235294117647,2.941176470588235,5.88235294117647,70.58823529411765,2.941176470588235,0.0,0.0,20.0,0.0,0.0,80.0,0.0,23.529411764705877
E0919,2.5,12.5,60.0,22.5,2.5,0.0,0.0,0.0,20.0,60.0,20.0,0.0,0.0,0.0,7.5
E0920,0.0,0.0,5.88235294117647,5.88235294117647,0.0,5.88235294117647,82.35294117647058,0.0,0.0,0.0,0.0,0.0,0.0,100.0,17.647058823529413
E0921,1.8867924528301887,22.641509433962266,37.735849056603776,30.18867924528302,1.8867924528301887,3.7735849056603774,1.8867924528301887,0.0,0.0,66.66666666666666,33.33333333333333,0.0,0.0,0.0,32.0754716981132
E0922,58.82352941176471,32.35294117647059,0.0,4.411764705882353,0.0,2.941176470588235,1.4705882352941175,71.42857142857143,14.285714285714285,0.0,14.285714285714285,0.0,0.0,0.0,22.47899159663865
E0923,17.1875,42.1875,23.4375,4.6875,4.6875,3.125,4.6875,25.0,50.0,25.0,0.0,0.0,0.0,0.0,17.1875
E0924,4.285714285714286,5.714285714285714,5.714285714285714,2.857142857142857,5.714285714285714,5.714285714285714,70.0,0.0,0.0,14.285714285714285,0.0,0.0,0.0,85.71428571428571,24.28571428571428
E0925,10.526315789473683,55.26315789473685,26.31578947368421,0.0,7.894736842105263,0.0,0.0,20.0,80.0,0.0,0.0,0.0,0.0,0.0,34.210526315789465
E0926,2.7027027027027026,0.0,5.405405405405405,2.7027027027027026,29.72972972972973,59.45945945945946,0.0,0.0,0.0,0.0,0.0,0.0,100.0,0.0,40.54054054054054
E0927,0.0,0.0,0.0,0.0,33.33333333333333,66.66666666666666,0.0,0.0,0.0,0.0,0.0,0.0,100.0,0.0,33.333333333333336
E0928,29.72972972972973,40.54054054054054,27.027027027027028,0.0,2.7027027027027026,0.0,0.0,50.0,50.0,0.0,0.0,0.0,0.0,0.0,29.72972972972973
E0929,61.29032258064516,25.806451612903224,3.225806451612903,6.451612903225806,3.225806451612903,0.0,0.0,50.0,50.0,0.0,0.0,0.0,0.0,0.0,24.193548387096776
E0930,8.108108108108109,2.7027027027027026,18.91891891891892,43.24324324324324,18.91891891891892,5.405405405405405,2.7027027027027026,0.0,0.0,50.0,50.0,0.0,0.0,0.0,37.83783783783784
E0931,30.76923076923077,42.30769230769231,26.923076923076923,0.0,0.0,0.0,0.0,0.0,100.0,0.0,0.0,0.0,0.0,0.0,57.69230769230769
E0932,4.444444444444445,4.444444444444445,6.666666666666667,26.666666666666668,31.11111111111111,26.666666666666668,0.0,12.5,0.0,0.0,37.5,25.0,25.0,0.0,18.888888888888893
E0933,5.0,22.5,35.0,22.5,7.5,5.0,2.5,0.0,25.0,50.0,0.0,0.0,25.0,0.0,37.5
E0934,2.857142857142857,11.428571428571429,42.857142857142854,28.57142857142857,5.714285714285714,0.0,8.571428571428571,0.0,0.0,100.0,0.0,0.0,0.0,0.0,57.14285714285714
E0935,4.761904761904762,2.380952380952381,0.0,26.190476190476193,50.0,14.285714285714285,2.380952380952381,0.0,0.0,0.0,0.0,100.0,0.0,0.0,50.0
E0936,16.901408450704224,52.112676056338024,15.492957746478872,2.8169014084507045,4.225352112676056,5.633802816901409,2.8169014084507045,10.0,60.0,10.0,0.0,10.0,10.0,0.0,18.028169014084508
E0937,1.25,18.75,46.25,21.25,5.0,6.25,1.25,0.0,0.0,28.57142857142857,57.14285714285714,14.285714285714285,0.0,0.0,45.17857142857143
E0938,13.580246913580247,64.19753086419753,18.51851851851852,0.0,1.2345679012345678,0.0,2.4691358024691357,20.0,60.0,20.0,0.0,0.0,0.0,0.0,7.901234567901235
E0939,25.0,48.529411764705884,17.647058823529413,1.4705882352941175,1.4705882352941175,4.411764705882353,1.4705882352941175,0.0,83.33333333333334,16.666666666666664,0.0,0.0,0.0,0.0,34.80392156862745
E0941,5.555555555555555,0.0,0.0,19.444444444444446,44.44444444444444,25.0,5.555555555555555,0.0,0.0,0.0,0.0,0.0,100.0,0.0,75.0
E0942,21.052631578947366,55.26315789473685,21.052631578947366,0.0,2.631578947368421,0.0,0.0,50.0,0.0,50.0,0.0,0.0,0.0,0.0,57.89473684210527
E0943,2.941176470588235,14.705882352941178,55.88235294117647,14.705882352941178,8.823529411764707,0.0,2.941176470588235,0.0,0.0,66.66666666666666,33.33333333333333,0.0,0.0,0.0,29.411764705882348
E0944,3.6363636363636362,1.8181818181818181,14.545454545454545,58.18181818181818,18.181818181818183,1.8181818181818181,1.8181818181818181,0.0,0.0,0.0,100.0,0.0,0.0,0.0,41.81818181818181
E0945,11.11111111111111,66.66666666666666,11.11111111111111,0.0,11.11111111111111,0.0,0.0,0.0,100.0,0.0,0.0,0.0,0.0,0.0,33.33333333333334
E0946,20.0,46.666666666666664,30.0,0.0,0.0,3.3333333333333335,0.0,50.0,0.0,50.0,0.0,0.0,0.0,0.0,49.99999999999999
E0948,5.263157894736842,2.631578947368421,13.157894736842104,55.26315789473685,15.789473684210526,5.263157894736842,2.631578947368421,0.0,0.0,0.0,50.0,50.0,0.0,0.0,34.21052631578947
E0950,0.0,2.380952380952381,28.57142857142857,42.857142857142854,19.047619047619047,7.142857142857142,0.0,0.0,0.0,25.0,75.0,0.0,0.0,0.0,32.14285714285714
E0951,64.86486486486487,24.324324324324326,0.0,0.0,5.405405405405405,5.405405405405405,0.0,50.0,50.0,0.0,0.0,0.0,0.0,0.0,25.675675675675677
E0952,0.0,2.7777777777777777,25.0,50.0,19.444444444444446,2.7777777777777777,0.0,0.0,0.0,50.0,0.0,50.0,0.0,0.0,55.55555555555555
E0953,8.88888888888889,13.333333333333334,48.888888888888886,22.22222222222222,4.444444444444445,0.0,2.2222222222222223,0.0,0.0,75.0,25.0,0.0,0.0,0.0,28.88888888888889
E0954,3.0303030303030303,30.303030303030305,51.515151515151516,9.090909090909092,0.0,6.0606060606060606,0.0,0.0,0.0,66.66666666666666,33.33333333333333,0.0,0.0,0.0,39.39393939393939
E0955,10.526315789473683,57.89473684210527,21.052631578947366,0.0,2.631578947368421,0.0,7.894736842105263,0.0,80.0,20.0,0.0,0.0,0.0,0.0,22.10526315789473
E0956,60.0,25.0,1.6666666666666667,5.0,0.0,5.0,3.3333333333333335,33.33333333333333,33.33333333333333,33.33333333333333,0.0,0.0,0.0,0.0,39.99999999999999
E0957,18.91891891891892,40.54054054054054,24.324324324324326,2.7027027027027026,8.108108108108109,2.7027027027027026,2.7027027027027026,50.0,50.0,0.0,0.0,0.0,0.0,0.0,40.540540540540555
E0958,3.0303030303030303,3.0303030303030303,0.0,0.0,3.0303030303030303,6.0606060606060606,84.84848484848484,25.0,0.0,0.0,0.0,0.0,25.0,50.0,40.90909090909091
E0959,2.197802197802198,24.175824175824175,49.45054945054945,15.384615384615385,3.296703296703297,4.395604395604396,1.098901098901099,0.0,10.0,80.0,0.0,0.0,10.0,0.0,36.15384615384615
E0960,0.0,24.561403508771928,47.368421052631575,17.543859649122805,3.508771929824561,3.508771929824561,3.508771929824561,0.0,50.0,25.0,25.0,0.0,0.0,0.0,32.89473684210526
E0961,51.21951219512195,26.82926829268293,4.878048780487805,2.4390243902439024,4.878048780487805,4.878048780487805,4.878048780487805,33.33333333333333,33.33333333333333,0.0,0.0,0.0,0.0,33.33333333333333,34.95934959349593
E0962,58.139534883720934,27.906976744186046,4.651162790697675,2.3255813953488373,2.3255813953488373,4.651162790697675,0.0,71.42857142857143,28.57142857142857,0.0,0.0,0.0,0.0,0.0,13.953488372093023
E0963,2.564102564102564,0.0,20.51282051282051,53.84615384615385,20.51282051282051,0.0,2.564102564102564,0.0,0.0,0.0,66.66666666666666,33.33333333333333,0.0,0.0,25.64102564102563
E0964,0.0,32.35294117647059,41.17647058823529,20.588235294117645,0.0,2.941176470588235,2.941176470588235,0.0,0.0,0.0,100.0,0.0,0.0,0.0,79.41176470588235
E0965,1.7857142857142856,17.857142857142858,58.92857142857143,16.071428571428573,0.0,1.7857142857142856,3.571428571428571,0.0,25.0,50.0,25.0,0.0,0.0,0.0,16.07142857142857
E0966,11.76470588235294,55.88235294117647,20.588235294117645,5.88235294117647,2.941176470588235,0.0,2.941176470588235,0.0,33.33333333333333,33.33333333333333,33.33333333333333,0.0,0.0,0.0,40.19607843137254
E0967,0.0,3.3333333333333335,26.666666666666668,36.666666666666664,26.666666666666668,6.666666666666667,0.0,0.0,25.0,25.0,25.0,25.0,0.0,0.0,21.666666666666668
E0968,20.0,50.76923076923077,12.307692307692308,1.5384615384615385,3.076923076923077,6.153846153846154,6.153846153846154,20.0,80.0,0.0,0.0,0.0,0.0,0.0,29.230769230769234
E0969,23.684210526315788,44.73684210526316,26.31578947368421,0.0,0.0,0.0,5.263157894736842,0.0,66.66666666666666,33.33333333333333,0.0,0.0,0.0,0.0,28.947368421052627
E0970,0.0,29.03225806451613,48.38709677419355,12.903225806451612,6.451612903225806,0.0,3.225806451612903,0.0,57.14285714285714,42.857142857142854,0.0,0.0,0.0,0.0,28.110599078341014
E0971,21.62162162162162,45.94594594594595,24.324324324324326,0.0,2.7027027027027026,2.7027027027027026,2.7027027027027026,0.0,80.0,20.0,0.0,0.0,0.0,0.0,34.054054054054056
E0973,3.0303030303030303,0.0,21.21212121212121,57.57575757575758,12.121212121212121,6.0606060606060606,0.0,0.0,0.0,0.0,80.0,0.0,20.0,0.0,36.36363636363636
E0974,10.144927536231885,2.898550724637681,28.985507246376812,37.68115942028986,14.492753623188406,2.898550724637681,2.898550724637681,0.0,0.0,33.33333333333333,50.0,16.666666666666664,0.0,0.0,18.840579710144922
E0975,0.0,2.0,2.0,18.0,50.0,26.0,2.0,0.0,0.0,0.0,0.0,33.33333333333333,66.66666666666666,0.0,40.666666666666664
E0976,0.0,18.75,47.91666666666667,22.916666666666664,0.0,8.333333333333332,2.083333333333333,0.0,0.0,100.0,0.0,0.0,0.0,0.0,52.08333333333333
E0977,56.36363636363636,29.09090909090909,3.6363636363636362,0.0,0.0,3.6363636363636362,7.2727272727272725,60.0,40.0,0.0,0.0,0.0,0.0,0.0,14.545454545454549
E0978,40.0,40.0,20.0,0.0,0.0,0.0,0.0,100.0,0.0,0.0,0.0,0.0,0.0,0.0,60.0
E0979,6.153846153846154,1.5384615384615385,3.076923076923077,1.5384615384615385,1.5384615384615385,4.615384615384616,81.53846153846153,0.0,0.0,0.0,0.0,0.0,0.0,100.0,18.461538461538467
E0980,1.5625,3.125,12.5,57.8125,17.1875,6.25,1.5625,0.0,0.0,12.5,87.5,0.0,0.0,0.0,29.6875
E0982,62.5,28.125,0.0,6.25,3.125,0.0,0.0,66.66666666666666,33.33333333333333,0.0,0.0,0.0,0.0,0.0,9.374999999999993
E0983,2.941176470588235,14.705882352941178,55.88235294117647,26.47058823529412,0.0,0.0,0.0,0.0,0.0,0.0,100.0,0.0,0.0,0.0,73.52941176470588
E0984,50.90909090909091,36.36363636363637,5.454545454545454,5.454545454545454,0.0,0.0,1.8181818181818181,0.0,100.0,0.0,0.0,0.0,0.0,0.0,63.636363636363626
E0985,5.263157894736842,2.631578947368421,18.421052631578945,50.0,18.421052631578945,2.631578947368421,2.631578947368421,12.5,0.0,25.0,50.0,12.5,0.0,0.0,13.81578947368421
E0986,1.6666666666666667,1.6666666666666667,3.3333333333333335,3.3333333333333335,31.666666666666664,56.666666666666664,1.6666666666666667,0.0,0.0,0.0,0.0,50.0,50.0,0.0,18.333333333333332
E0988,0.0,25.806451612903224,35.483870967741936,29.03225806451613,9.67741935483871,0.0,0.0,0.0,0.0,0.0,0.0,100.0,0.0,0.0,90.3225806451613
E0989,0.0,21.818181818181817,49.09090909090909,23.636363636363637,1.8181818181818181,3.6363636363636362,0.0,0.0,0.0,60.0,40.0,0.0,0.0,0.0,27.272727272727266
E0990,0.0,0.0,1.7241379310344827,0.0,22.413793103448278,70.6896551724138,5.172413793103448,0.0,0.0,0.0,0.0,40.0,60.0,0.0,17.586206896551722
E0991,2.857142857142857,0.0,17.142857142857142,48.57142857142857,25.71428571428571,2.857142857142857,2.857142857142857,0.0,0.0,33.33333333333333,0.0,66.66666666666666,0.0,0.0,57.142857142857146
E0992,61.8421052631579,25.0,3.9473684210526314,5.263157894736842,2.631578947368421,0.0,1.3157894736842104,50.0,25.0,25.0,0.0,0.0,0.0,0.0,21.05263157894737
E0993,5.88235294117647,17.647058823529413,47.05882352941176,17.647058823529413,0.0,2.941176470588235,8.823529411764707,0.0,50.0,16.666666666666664,16.666666666666664,0.0,0.0,16.666666666666664,40.19607843137255
E0994,28.205128205128204,39.743589743589745,21.794871794871796,3.8461538461538463,3.8461538461538463,0.0,2.564102564102564,66.66666666666666,33.33333333333333,0.0,0.0,0.0,0.0,0.0,38.46153846153845
E0995,4.651162790697675,13.953488372093023,51.162790697674424,20.930232558139537,4.651162790697675,2.3255813953488373,2.3255813953488373,0.0,50.0,50.0,0.0,0.0,0.0,0.0,36.04651162790698
E0996,3.225806451612903,17.741935483870968,48.38709677419355,29.03225806451613,1.6129032258064515,0.0,0.0,0.0,0.0,0.0,100.0,0.0,0.0,0.0,70.96774193548387
E0997,2.3255813953488373,0.0,25.581395348837212,48.837209302325576,18.6046511627907,2.3255813953488373,2.3255813953488373,0.0,0.0,66.66666666666666,0.0,33.33333333333333,0.0,0.0,55.81395348837207
E0998,20.454545454545457,45.45454545454545,20.454545454545457,0.0,6.8181818181818175,4.545454545454546,2.272727272727273,16.666666666666664,16.666666666666664,33.33333333333333,0.0,0.0,33.33333333333333,0.0,41.666666666666664
E0999,18.6046511627907,53.48837209302325,18.6046511627907,0.0,6.976744186046512,2.3255813953488373,0.0,20.0,40.0,40.0,0.0,0.0,0.0,0.0,22.7906976744186
E1000,4.545454545454546,22.727272727272727,43.93939393939394,18.181818181818183,4.545454545454546,4.545454545454546,1.5151515151515151,0.0,11.11111111111111,55.55555555555556,22.22222222222222,0.0,11.11111111111111,0.0,22.222222222222225
