employee_id,floor_1_pct_long_term,floor_2_pct_long_term,floor_3_pct_long_term,floor_4_pct_long_term,floor_5_pct_long_term,floor_1_pct_recent,floor_2_pct_recent,floor_3_pct_recent,floor_4_pct_recent,floor_5_pct_recent,floor_shift_pct
E0001,13.846153846153847,75.38461538461539,4.615384615384616,1.5384615384615385,4.615384615384616,25.0,75.0,0.0,0.0,0.0,11.153846153846157
E0002,100.0,0.0,0.0,0.0,0.0,100.0,0.0,0.0,0.0,0.0,0.0
E0003,0.0,0.0,0.0,0.0,100.0,0.0,0.0,0.0,0.0,100.0,0.0
E0004,92.85714285714286,3.571428571428571,3.571428571428571,0.0,0.0,100.0,0.0,0.0,0.0,0.0,7.142857142857141
E0005,0.0,0.0,0.0,0.0,100.0,0.0,0.0,0.0,0.0,100.0,0.0
E0006,4.878048780487805,4.878048780487805,78.04878048780488,4.878048780487805,7.317073170731707,0.0,25.0,50.0,0.0,25.0,37.80487804878049
E0007,0.0,0.0,3.125,96.875,0.0,0.0,0.0,0.0,100.0,0.0,3.125
E0008,0.0,0.0,100.0,0.0,0.0,0.0,0.0,100.0,0.0,0.0,0.0
E0009,22.22222222222222,77.77777777777779,0.0,0.0,0.0,0.0,100.0,0.0,0.0,0.0,22.222222222222218
E0010,63.33333333333333,10.0,16.666666666666664,10.0,0.0,60.0,40.0,0.0,0.0,0.0,29.999999999999996
E0011,3.0303030303030303,3.0303030303030303,6.0606060606060606,15.151515151515152,72.72727272727273,0.0,0.0,16.666666666666664,0.0,83.33333333333334,21.21212121212121
E0012,2.5316455696202533,5.063291139240507,3.79746835443038,17.72151898734177,70.88607594936708,0.0,0.0,0.0,11.11111111111111,88.88888888888889,18.002812939521803
E0013,89.1891891891892,8.108108108108109,2.7027027027027026,0.0,0.0,100.0,0.0,0.0,0.0,0.0,10.810810810810809
E0014,68.42105263157895,10.526315789473683,7.894736842105263,10.526315789473683,2.631578947368421,75.0,0.0,0.0,0.0,25.0,28.94736842105263
E0015,2.631578947368421,97.36842105263158,0.0,0.0,0.0,100.0,0.0,0.0,0.0,0.0,97.36842105263158
E0017,0.0,0.0,2.941176470588235,8.823529411764707,88.23529411764706,0.0,0.0,0.0,16.666666666666664,83.33333333333334,7.843137254901954
E0018,6.0606060606060606,90.9090909090909,0.0,3.0303030303030303,0.0,0.0,100.0,0.0,0.0,0.0,9.090909090909092
E0019,0.0,1.5873015873015872,96.82539682539682,1.5873015873015872,0.0,0.0,0.0,100.0,0.0,0.0,3.1746031746031758
E0020,0.0,95.1219512195122,4.878048780487805,0.0,0.0,0.0,100.0,0.0,0.0,0.0,4.878048780487804
E0021,0.0,2.564102564102564,0.0,7.6923076923076925,89.74358974358975,0.0,0.0,0.0,0.0,100.0,10.256410256410252
E0023,88.37209302325581,4.651162790697675,2.3255813953488373,2.3255813953488373,2.3255813953488373,33.33333333333333,66.66666666666666,0.0,0.0,0.0,62.01550387596898
E0024,0.0,7.042253521126761,90.14084507042254,1.4084507042253522,1.4084507042253522,0.0,0.0,100.0,0.0,0.0,9.85915492957746
E0025,0.0,4.878048780487805,0.0,87.8048780487805,7.317073170731707,0.0,0.0,0.0,100.0,0.0,12.195121951219509
E0026,2.272727272727273,2.272727272727273,90.9090909090909,4.545454545454546,0.0,0.0,0.0,100.0,0.0,0.0,9.090909090909093
E0027,0.0,3.3333333333333335,3.3333333333333335,83.33333333333334,10.0,0.0,0.0,0.0,100.0,0.0,16.666666666666664
E0029,10.81081081081081,78.37837837837837,5.405405405405405,2.7027027027027026,2.7027027027027026,0.0,100.0,0.0,0.0,0.0,21.62162162162162
E0030,0.0,0.0,8.571428571428571,5.714285714285714,85.71428571428571,0.0,0.0,0.0,0.0,100.0,14.285714285714288
E0031,3.0303030303030303,0.0,6.0606060606060606,90.9090909090909,0.0,33.33333333333333,0.0,0.0,66.66666666666666,0.0,30.303030303030305
E0032,8.16326530612245,0.0,0.0,14.285714285714285,77.55102040816327,33.33333333333333,0.0,0.0,0.0,66.66666666666666,25.17006802721089
E0033,90.625,6.25,0.0,3.125,0.0,100.0,0.0,0.0,0.0,0.0,9.375
E0034,0.0,2.1739130434782608,0.0,97.82608695652173,0.0,0.0,0.0,0.0,100.0,0.0,2.173913043478263
E0035,0.0,0.0,96.875,3.125,0.0,0.0,0.0,100.0,0.0,0.0,3.125
E0036,80.64516129032258,6.451612903225806,9.67741935483871,3.225806451612903,0.0,100.0,0.0,0.0,0.0,0.0,19.354838709677423
E0037,95.16129032258065,1.6129032258064515,0.0,1.6129032258064515,1.6129032258064515,100.0,0.0,0.0,0.0,0.0,4.8387096774193505
E0038,0.0,0.0,100.0,0.0,0.0,0.0,0.0,100.0,0.0,0.0,0.0
E0039,67.16417910447761,13.432835820895523,11.940298507462686,5.970149253731343,1.4925373134328357,40.0,0.0,40.0,20.0,0.0,42.08955223880597
E0040,0.0,1.9607843137254901,1.9607843137254901,90.19607843137256,5.88235294117647,0.0,0.0,0.0,66.66666666666666,33.33333333333333,27.45098039215687
E0041,5.555555555555555,5.555555555555555,8.333333333333332,19.444444444444446,61.111111111111114,0.0,0.0,0.0,0.0,100.0,38.888888888888886
E0042,77.77777777777779,22.22222222222222,0.0,0.0,0.0,100.0,0.0,0.0,0.0,0.0,22.222222222222218
E0044,4.25531914893617,82.97872340425532,8.51063829787234,4.25531914893617,0.0,0.0,85.71428571428571,14.285714285714285,0.0,0.0,8.510638297872337
E0045,0.0,3.7037037037037033,3.7037037037037033,92.5925925925926,0.0,0.0,25.0,0.0,75.0,0.0,21.296296296296298
E0046,0.0,0.0,1.1627906976744187,3.488372093023256,95.34883720930233,0.0,0.0,0.0,0.0,100.0,4.651162790697672
E0047,2.73972602739726,0.0,5.47945205479452,87.67123287671232,4.10958904109589,0.0,0.0,0.0,100.0,0.0,12.328767123287674
E0048,2.941176470588235,2.941176470588235,76.47058823529412,11.76470588235294,5.88235294117647,0.0,0.0,0.0,100.0,0.0,88.23529411764704
E0049,0.0,0.0,0.0,9.523809523809524,90.47619047619048,0.0,0.0,0.0,0.0,100.0,9.523809523809522
E0050,0.0,88.23529411764706,0.0,8.823529411764707,2.941176470588235,0.0,100.0,0.0,0.0,0.0,11.764705882352942
E0051,0.0,0.0,100.0,0.0,0.0,0.0,0.0,100.0,0.0,0.0,0.0
E0052,1.4705882352941175,1.4705882352941175,4.411764705882353,91.17647058823529,1.4705882352941175,0.0,0.0,0.0,100.0,0.0,8.823529411764707
E0053,0.0,5.88235294117647,0.0,0.0,94.11764705882352,0.0,0.0,0.0,0.0,100.0,5.882352941176475
E0054,3.0303030303030303,87.87878787878788,3.0303030303030303,3.0303030303030303,3.0303030303030303,0.0,50.0,0.0,25.0,25.0,43.93939393939394
E0055,2.941176470588235,4.411764705882353,80.88235294117648,8.823529411764707,2.941176470588235,20.0,0.0,80.0,0.0,0.0,17.058823529411768
E0056,5.263157894736842,92.10526315789474,0.0,0.0,2.631578947368421,0.0,100.0,0.0,0.0,0.0,7.894736842105262
E0058,1.6666666666666667,85.0,6.666666666666667,6.666666666666667,0.0,0.0,60.0,0.0,40.0,0.0,33.333333333333336
E0059,75.0,25.0,0.0,0.0,0.0,100.0,0.0,0.0,0.0,0.0,25.0
E0060,2.564102564102564,5.128205128205128,87.17948717948718,5.128205128205128,0.0,0.0,0.0,100.0,0.0,0.0,12.82051282051282
E0061,2.7027027027027026,94.5945945945946,2.7027027027027026,0.0,0.0,0.0,100.0,0.0,0.0,0.0,5.4054054054054035
E0062,2.5,2.5,7.5,85.0,2.5,0.0,0.0,0.0,100.0,0.0,15.0
E0063,0.0,0.0,2.7777777777777777,91.66666666666666,5.555555555555555,0.0,0.0,0.0,66.66666666666666,33.33333333333333,27.777777777777775
E0064,11.363636363636363,81.81818181818183,2.272727272727273,2.272727272727273,2.272727272727273,0.0,80.0,0.0,0.0,20.0,17.727272727272734
E0065,0.0,8.823529411764707,2.941176470588235,88.23529411764706,0.0,0.0,0.0,0.0,100.0,0.0,11.764705882352942
E0066,0.0,2.631578947368421,5.263157894736842,7.894736842105263,84.21052631578947,0.0,0.0,0.0,0.0,100.0,15.78947368421053
E0067,2.3255813953488373,2.3255813953488373,2.3255813953488373,9.30232558139535,83.72093023255815,0.0,0.0,0.0,33.33333333333333,66.66666666666666,24.031007751937988
E0069,93.93939393939394,3.0303030303030303,3.0303030303030303,0.0,0.0,100.0,0.0,0.0,0.0,0.0,6.060606060606062
E0070,5.88235294117647,85.29411764705883,5.88235294117647,2.941176470588235,0.0,0.0,66.66666666666666,33.33333333333333,0.0,0.0,27.450980392156865
E0071,91.17647058823529,0.0,0.0,8.823529411764707,0.0,100.0,0.0,0.0,0.0,0.0,8.823529411764708
E0072,0.0,0.0,5.405405405405405,91.8918918918919,2.7027027027027026,0.0,0.0,0.0,100.0,0.0,8.108108108108103
E0074,0.0,0.0,10.526315789473683,81.57894736842105,7.894736842105263,0.0,0.0,0.0,100.0,0.0,18.421052631578945
E0075,1.6129032258064515,0.0,1.6129032258064515,96.7741935483871,0.0,0.0,0.0,0.0,100.0,0.0,3.2258064516129
E0077,2.0,4.0,2.0,8.0,84.0,0.0,0.0,0.0,0.0,100.0,16.0
E0078,0.0,0.0,0.0,94.73684210526315,5.263157894736842,0.0,0.0,0.0,100.0,0.0,5.263157894736846
E0079,3.125,0.0,87.5,6.25,3.125,0.0,0.0,100.0,0.0,0.0,12.5
E0080,2.5,0.0,5.0,7.5,85.0,0.0,0.0,0.0,0.0,100.0,15.0
E0081,0.0,3.9473684210526314,3.9473684210526314,88.1578947368421,3.9473684210526314,0.0,0.0,0.0,100.0,0.0,11.8421052631579
E0082,2.857142857142857,2.857142857142857,5.714285714285714,85.71428571428571,2.857142857142857,16.666666666666664,0.0,0.0,66.66666666666666,16.666666666666664,27.61904761904762
E0083,89.47368421052632,5.263157894736842,2.631578947368421,0.0,2.631578947368421,100.0,0.0,0.0,0.0,0.0,10.526315789473685
E0084,86.20689655172413,6.896551724137931,6.896551724137931,0.0,0.0,100.0,0.0,0.0,0.0,0.0,13.793103448275865
E0086,0.0,0.0,1.5873015873015872,95.23809523809523,3.1746031746031744,0.0,0.0,0.0,100.0,0.0,4.761904761904767
E0087,5.0,87.5,2.5,5.0,0.0,0.0,100.0,0.0,0.0,0.0,12.5
E0088,85.36585365853658,2.4390243902439024,4.878048780487805,4.878048780487805,2.4390243902439024,66.66666666666666,0.0,0.0,33.33333333333333,0.0,28.455284552845526
E0090,0.0,1.2658227848101267,3.79746835443038,94.9367088607595,0.0,0.0,0.0,16.666666666666664,83.33333333333334,0.0,12.869198312236282
E0091,8.108108108108109,5.405405405405405,2.7027027027027026,75.67567567567568,8.108108108108109,66.66666666666666,0.0,0.0,33.33333333333333,0.0,58.55855855855856
E0092,2.5,87.5,7.5,2.5,0.0,0.0,100.0,0.0,0.0,0.0,12.5
E0093,0.0,2.083333333333333,4.166666666666666,10.416666666666668,83.33333333333334,0.0,25.0,0.0,50.0,25.0,62.5
E0094,0.0,0.0,0.0,100.0,0.0,0.0,0.0,0.0,100.0,0.0,0.0
E0095,100.0,0.0,0.0,0.0,0.0,100.0,0.0,0.0,0.0,0.0,0.0
E0096,0.0,97.22222222222221,2.7777777777777777,0.0,0.0,0.0,100.0,0.0,0.0,0.0,2.7777777777777817
E0097,0.0,0.0,2.5,2.5,95.0,0.0,0.0,0.0,0.0,100.0,5.0
E0098,0.0,97.72727272727273,0.0,0.0,2.272727272727273,0.0,100.0,0.0,0.0,0.0,2.27272727272727
E0100,5.405405405405405,0.0,0.0,2.7027027027027026,91.8918918918919,0.0,0.0,0.0,0.0,100.0,8.108108108108103
E0101,9.375,81.25,6.25,3.125,0.0,0.0,100.0,0.0,0.0,0.0,18.75
E0102,0.0,0.0,92.3076923076923,5.128205128205128,2.564102564102564,0.0,0.0,100.0,0.0,0.0,7.6923076923076925
E0104,88.63636363636364,6.8181818181818175,2.272727272727273,0.0,2.272727272727273,100.0,0.0,0.0,0.0,0.0,11.363636363636362
E0105,90.69767441860465,2.3255813953488373,2.3255813953488373,2.3255813953488373,2.3255813953488373,100.0,0.0,0.0,0.0,0.0,9.302325581395351
E0108,1.4925373134328357,7.462686567164178,5.970149253731343,82.08955223880598,2.9850746268656714,0.0,0.0,0.0,100.0,0.0,17.91044776119402
E0109,0.0,100.0,0.0,0.0,0.0,0.0,100.0,0.0,0.0,0.0,0.0
E0110,2.631578947368421,0.0,0.0,94.73684210526315,2.631578947368421,0.0,0.0,0.0,100.0,0.0,5.263157894736846
E0111,3.488372093023256,88.37209302325581,2.3255813953488373,3.488372093023256,2.3255813953488373,0.0,100.0,0.0,0.0,0.0,11.627906976744185
E0113,7.894736842105263,5.263157894736842,76.31578947368422,7.894736842105263,2.631578947368421,0.0,0.0,100.0,0.0,0.0,23.68421052631578
E0114,2.5,0.0,5.0,82.5,10.0,0.0,0.0,0.0,100.0,0.0,17.5
E0115,2.631578947368421,5.263157894736842,2.631578947368421,2.631578947368421,86.8421052631579,0.0,0.0,0.0,0.0,100.0,13.157894736842099
E0116,2.7777777777777777,1.3888888888888888,6.944444444444445,76.38888888888889,12.5,0.0,0.0,16.666666666666664,66.66666666666666,16.666666666666664,13.88888888888889
E0117,10.256410256410255,84.61538461538461,5.128205128205128,0.0,0.0,0.0,33.33333333333333,66.66666666666666,0.0,0.0,61.53846153846153
E0118,0.0,5.555555555555555,2.7777777777777777,86.11111111111111,5.555555555555555,0.0,0.0,0.0,50.0,50.0,44.44444444444444
E0119,100.0,0.0,0.0,0.0,0.0,100.0,0.0,0.0,0.0,0.0,0.0
E0120,0.0,100.0,0.0,0.0,0.0,0.0,100.0,0.0,0.0,0.0,0.0
E0121,13.953488372093023,69.76744186046511,0.0,13.953488372093023,2.3255813953488373,0.0,100.0,0.0,0.0,0.0,30.23255813953488
E0122,6.666666666666667,6.666666666666667,0.0,20.0,66.66666666666666,0.0,0.0,0.0,0.0,100.0,33.33333333333334
E0123,4.6875,6.25,85.9375,3.125,0.0,16.666666666666664,16.666666666666664,66.66666666666666,0.0,0.0,22.395833333333336
E0124,2.7027027027027026,91.8918918918919,0.0,5.405405405405405,0.0,0.0,100.0,0.0,0.0,0.0,8.108108108108102
E0125,6.451612903225806,3.225806451612903,83.87096774193549,3.225806451612903,3.225806451612903,0.0,33.33333333333333,66.66666666666666,0.0,0.0,30.107526881720435
E0126,0.0,5.555555555555555,2.7777777777777777,88.88888888888889,2.7777777777777777,0.0,0.0,0.0,100.0,0.0,11.111111111111112
E0127,86.11111111111111,2.7777777777777777,2.7777777777777777,5.555555555555555,2.7777777777777777,100.0,0.0,0.0,0.0,0.0,13.88888888888889
E0128,0.0,2.631578947368421,2.631578947368421,5.263157894736842,89.47368421052632,0.0,0.0,0.0,0.0,100.0,10.526315789473685
E0129,2.564102564102564,5.128205128205128,87.17948717948718,2.564102564102564,2.564102564102564,0.0,16.666666666666664,83.33333333333334,0.0,0.0,11.538461538461533
E0130,9.090909090909092,66.66666666666666,9.090909090909092,6.0606060606060606,9.090909090909092,0.0,0.0,0.0,100.0,0.0,93.93939393939394
E0131,0.0,10.344827586206897,82.75862068965517,0.0,6.896551724137931,0.0,0.0,100.0,0.0,0.0,17.241379310344826
E0132,8.88888888888889,82.22222222222221,6.666666666666667,0.0,2.2222222222222223,0.0,87.5,0.0,0.0,12.5,15.55555555555556
E0134,9.523809523809524,66.66666666666666,11.904761904761903,2.380952380952381,9.523809523809524,0.0,50.0,25.0,0.0,25.0,28.571428571428566
E0135,1.6666666666666667,5.0,6.666666666666667,83.33333333333334,3.3333333333333335,0.0,28.57142857142857,0.0,71.42857142857143,0.0,23.571428571428577
E0136,12.5,81.25,6.25,0.0,0.0,33.33333333333333,66.66666666666666,0.0,0.0,0.0,20.833333333333336
E0137,0.0,97.26027397260275,0.0,2.73972602739726,0.0,0.0,100.0,0.0,0.0,0.0,2.739726027397257
E0138,78.68852459016394,4.918032786885246,9.836065573770492,4.918032786885246,1.639344262295082,71.42857142857143,14.285714285714285,14.285714285714285,0.0,0.0,13.817330210772832
E0139,9.090909090909092,78.78787878787878,6.0606060606060606,6.0606060606060606,0.0,0.0,0.0,100.0,0.0,0.0,93.93939393939394
E0140,82.35294117647058,11.76470588235294,2.941176470588235,2.941176470588235,0.0,100.0,0.0,0.0,0.0,0.0,17.647058823529413
E0141,2.7777777777777777,5.555555555555555,2.7777777777777777,8.333333333333332,80.55555555555556,0.0,50.0,0.0,0.0,50.0,44.44444444444444
E0142,67.56756756756756,13.513513513513514,8.108108108108109,8.108108108108109,2.7027027027027026,0.0,33.33333333333333,0.0,33.33333333333333,33.33333333333333,75.67567567567566
E0144,74.13793103448276,10.344827586206897,6.896551724137931,5.172413793103448,3.4482758620689653,100.0,0.0,0.0,0.0,0.0,25.86206896551724
E0146,0.0,2.564102564102564,5.128205128205128,87.17948717948718,5.128205128205128,0.0,0.0,50.0,0.0,50.0,89.74358974358975
E0147,1.5625,6.25,90.625,1.5625,0.0,10.0,0.0,90.0,0.0,0.0,8.4375
E0148,0.0,0.0,100.0,0.0,0.0,0.0,0.0,100.0,0.0,0.0,0.0
E0149,82.5,12.5,2.5,2.5,0.0,100.0,0.0,0.0,0.0,0.0,17.5
E0150,80.0,10.0,0.0,6.666666666666667,3.3333333333333335,100.0,0.0,0.0,0.0,0.0,20.0
E0151,0.0,1.2195121951219512,2.4390243902439024,3.6585365853658534,92.6829268292683,0.0,0.0,16.666666666666664,0.0,83.33333333333334,14.22764227642276
E0152,2.7027027027027026,2.7027027027027026,0.0,8.108108108108109,86.48648648648648,0.0,0.0,0.0,0.0,100.0,13.513513513513516
E0154,0.0,0.0,0.0,2.0408163265306123,97.95918367346938,0.0,0.0,0.0,0.0,100.0,2.0408163265306145
E0155,6.349206349206349,65.07936507936508,15.873015873015872,6.349206349206349,6.349206349206349,25.0,75.0,0.0,0.0,0.0,28.571428571428573
E0156,3.0303030303030303,0.0,6.0606060606060606,87.87878787878788,3.0303030303030303,0.0,0.0,0.0,100.0,0.0,12.121212121212123
E0157,83.33333333333334,5.555555555555555,0.0,8.333333333333332,2.7777777777777777,100.0,0.0,0.0,0.0,0.0,16.66666666666666
E0158,0.0,3.225806451612903,6.451612903225806,87.09677419354838,3.225806451612903,0.0,0.0,0.0,100.0,0.0,12.903225806451614
E0159,0.0,0.0,0.0,0.0,100.0,0.0,0.0,0.0,0.0,100.0,0.0
E0160,1.5625,4.6875,9.375,73.4375,10.9375,25.0,0.0,0.0,75.0,0.0,25.0
E0161,5.714285714285714,0.0,11.428571428571429,80.0,2.857142857142857,0.0,0.0,0.0,100.0,0.0,19.999999999999996
E0162,0.0,5.405405405405405,0.0,86.48648648648648,8.108108108108109,0.0,0.0,0.0,100.0,0.0,13.513513513513514
E0163,0.0,0.0,12.5,0.0,87.5,0.0,0.0,0.0,0.0,100.0,12.5
E0164,4.545454545454546,6.8181818181818175,6.8181818181818175,79.54545454545455,2.272727272727273,0.0,0.0,0.0,100.0,0.0,20.454545454545453
E0165,5.970149253731343,83.5820895522388,8.955223880597014,1.4925373134328357,0.0,0.0,87.5,12.5,0.0,0.0,7.462686567164183
E0166,0.0,0.0,2.564102564102564,10.256410256410255,87.17948717948718,0.0,0.0,0.0,0.0,100.0,12.820512820512818
E0167,0.0,9.090909090909092,3.0303030303030303,81.81818181818183,6.0606060606060606,0.0,0.0,0.0,100.0,0.0,18.181818181818176
E0168,0.0,3.571428571428571,10.714285714285714,14.285714285714285,71.42857142857143,0.0,50.0,0.0,0.0,50.0,46.42857142857143
E0169,0.0,0.0,83.33333333333334,11.11111111111111,5.555555555555555,0.0,0.0,80.0,20.0,0.0,8.888888888888893
E0170,4.166666666666666,86.11111111111111,4.166666666666666,4.166666666666666,1.3888888888888888,12.5,75.0,0.0,12.5,0.0,16.666666666666668
E0171,0.0,12.5,3.125,71.875,12.5,0.0,50.0,0.0,50.0,0.0,37.5
E0172,4.444444444444445,4.444444444444445,84.44444444444444,6.666666666666667,0.0,0.0,0.0,80.0,20.0,0.0,13.333333333333332
E0174,2.7777777777777777,2.7777777777777777,0.0,5.555555555555555,88.88888888888889,0.0,0.0,0.0,14.285714285714285,85.71428571428571,8.730158730158731
E0175,0.0,2.631578947368421,94.73684210526315,2.631578947368421,0.0,0.0,0.0,100.0,0.0,0.0,5.263157894736846
E0176,0.0,100.0,0.0,0.0,0.0,0.0,100.0,0.0,0.0,0.0,0.0
E0177,2.73972602739726,89.04109589041096,6.8493150684931505,0.0,1.36986301369863,0.0,100.0,0.0,0.0,0.0,10.958904109589042
E0180,2.941176470588235,4.411764705882353,83.82352941176471,4.411764705882353,4.411764705882353,25.0,0.0,75.0,0.0,0.0,22.058823529411768
E0181,5.128205128205128,84.61538461538461,7.6923076923076925,0.0,2.564102564102564,0.0,100.0,0.0,0.0,0.0,15.384615384615387
E0182,0.0,6.451612903225806,0.0,3.225806451612903,90.32258064516128,0.0,0.0,0.0,0.0,100.0,9.677419354838714
E0183,85.07462686567165,11.940298507462686,1.4925373134328357,1.4925373134328357,0.0,100.0,0.0,0.0,0.0,0.0,14.925373134328353
E0184,4.545454545454546,6.0606060606060606,75.75757575757575,6.0606060606060606,7.575757575757576,20.0,0.0,80.0,0.0,0.0,19.696969696969703
E0185,96.96969696969697,3.0303030303030303,0.0,0.0,0.0,100.0,0.0,0.0,0.0,0.0,3.0303030303030307
E0186,0.0,0.0,100.0,0.0,0.0,0.0,0.0,100.0,0.0,0.0,0.0
E0187,3.1746031746031744,3.1746031746031744,12.698412698412698,14.285714285714285,66.66666666666666,0.0,0.0,33.33333333333333,16.666666666666664,50.0,23.01587301587301
E0188,94.44444444444444,2.7777777777777777,2.7777777777777777,0.0,0.0,100.0,0.0,0.0,0.0,0.0,5.555555555555557
E0189,0.0,0.0,2.7027027027027026,94.5945945945946,2.7027027027027026,0.0,0.0,0.0,100.0,0.0,5.4054054054054035
E0190,0.0,1.9230769230769231,88.46153846153845,5.769230769230769,3.8461538461538463,0.0,0.0,100.0,0.0,0.0,11.538461538461544
E0191,0.0,0.0,0.0,100.0,0.0,0.0,0.0,0.0,100.0,0.0,0.0
E0192,78.37837837837837,10.81081081081081,5.405405405405405,2.7027027027027026,2.7027027027027026,66.66666666666666,33.33333333333333,0.0,0.0,0.0,22.52252252252252
E0193,2.631578947368421,0.0,2.631578947368421,81.57894736842105,13.157894736842104,0.0,0.0,0.0,0.0,100.0,86.84210526315789
E0194,1.4705882352941175,1.4705882352941175,5.88235294117647,86.76470588235294,4.411764705882353,0.0,0.0,50.0,50.0,0.0,44.11764705882352
E0195,81.81818181818183,9.090909090909092,9.090909090909092,0.0,0.0,100.0,0.0,0.0,0.0,0.0,18.18181818181818
E0196,0.0,0.0,4.444444444444445,2.2222222222222223,93.33333333333333,0.0,0.0,0.0,0.0,100.0,6.66666666666667
E0197,3.1746031746031744,4.761904761904762,7.936507936507936,82.53968253968253,1.5873015873015872,12.5,25.0,12.5,50.0,0.0,34.12698412698412
E0198,0.0,0.0,0.0,100.0,0.0,0.0,0.0,0.0,100.0,0.0,0.0
E0199,0.0,1.9230769230769231,3.8461538461538463,3.8461538461538463,90.38461538461539,0.0,0.0,0.0,0.0,100.0,9.615384615384613
E0200,0.0,0.0,8.333333333333332,88.88888888888889,2.7777777777777777,0.0,0.0,0.0,100.0,0.0,11.111111111111112
E0201,0.0,5.405405405405405,2.7027027027027026,91.8918918918919,0.0,0.0,0.0,50.0,50.0,0.0,47.297297297297305
E0202,1.639344262295082,3.278688524590164,1.639344262295082,90.1639344262295,3.278688524590164,0.0,0.0,0.0,66.66666666666666,33.33333333333333,30.05464480874317
E0203,3.571428571428571,85.71428571428571,7.142857142857142,3.571428571428571,0.0,0.0,100.0,0.0,0.0,0.0,14.285714285714288
E0205,0.0,1.4925373134328357,2.9850746268656714,94.02985074626866,1.4925373134328357,0.0,0.0,0.0,100.0,0.0,5.970149253731339
E0206,0.0,0.0,1.7543859649122806,1.7543859649122806,96.49122807017544,0.0,0.0,0.0,0.0,100.0,3.5087719298245617
E0207,0.0,3.6363636363636362,92.72727272727272,0.0,3.6363636363636362,0.0,0.0,100.0,0.0,0.0,7.272727272727277
E0208,0.0,2.9850746268656714,88.05970149253731,5.970149253731343,2.9850746268656714,0.0,0.0,71.42857142857143,28.57142857142857,0.0,22.601279317697227
E0209,0.0,0.0,5.714285714285714,94.28571428571428,0.0,0.0,0.0,0.0,100.0,0.0,5.714285714285719
E0210,2.380952380952381,0.0,4.761904761904762,4.761904761904762,88.09523809523809,0.0,0.0,20.0,0.0,80.0,15.238095238095234
E0211,3.125,3.125,0.0,3.125,90.625,0.0,0.0,0.0,100.0,0.0,96.875
E0212,2.2222222222222223,0.0,0.0,2.2222222222222223,95.55555555555556,0.0,0.0,0.0,0.0,100.0,4.444444444444444
E0213,38.46153846153847,46.15384615384615,0.0,7.6923076923076925,7.6923076923076925,50.0,25.0,0.0,25.0,0.0,28.846153846153843
E0214,4.0,0.0,90.0,4.0,2.0,0.0,0.0,100.0,0.0,0.0,10.0
E0215,6.521739130434782,4.3478260869565215,4.3478260869565215,19.565217391304348,65.21739130434783,0.0,0.0,25.0,50.0,25.0,51.08695652173913
E0216,0.0,0.0,0.0,8.823529411764707,91.17647058823529,0.0,0.0,0.0,40.0,60.0,31.17647058823529
E0217,15.384615384615385,76.92307692307693,0.0,0.0,7.6923076923076925,50.0,50.0,0.0,0.0,0.0,34.61538461538462
E0218,0.0,97.5609756097561,0.0,0.0,2.4390243902439024,0.0,100.0,0.0,0.0,0.0,2.439024390243902
E0219,5.405405405405405,0.0,2.7027027027027026,24.324324324324326,67.56756756756756,0.0,0.0,0.0,25.0,75.0,8.108108108108109
E0220,91.17647058823529,2.941176470588235,0.0,2.941176470588235,2.941176470588235,100.0,0.0,0.0,0.0,0.0,8.823529411764708
E0221,0.0,2.4390243902439024,1.2195121951219512,0.0,96.34146341463415,0.0,0.0,0.0,0.0,100.0,3.6585365853658525
E0222,2.272727272727273,4.545454545454546,2.272727272727273,4.545454545454546,86.36363636363636,0.0,50.0,0.0,0.0,50.0,45.45454545454545
E0223,0.0,75.0,12.5,0.0,12.5,0.0,100.0,0.0,0.0,0.0,25.0
E0224,0.0,100.0,0.0,0.0,0.0,0.0,100.0,0.0,0.0,0.0,0.0
E0225,0.0,0.0,0.0,4.444444444444445,95.55555555555556,0.0,0.0,0.0,25.0,75.0,20.555555555555557
E0226,0.0,2.941176470588235,4.411764705882353,4.411764705882353,88.23529411764706,0.0,0.0,0.0,11.11111111111111,88.88888888888889,7.352941176470587
E0228,3.3333333333333335,85.0,3.3333333333333335,5.0,3.3333333333333335,0.0,100.0,0.0,0.0,0.0,14.999999999999998
E0230,0.0,0.0,3.225806451612903,9.67741935483871,87.09677419354838,0.0,0.0,0.0,0.0,100.0,12.903225806451614
E0231,2.7027027027027026,2.7027027027027026,2.7027027027027026,89.1891891891892,2.7027027027027026,0.0,0.0,0.0,100.0,0.0,10.810810810810809
E0232,95.1219512195122,0.0,0.0,2.4390243902439024,2.4390243902439024,83.33333333333334,0.0,0.0,16.666666666666664,0.0,14.22764227642276
E0233,0.0,7.5,87.5,3.75,1.25,0.0,0.0,87.5,12.5,0.0,8.75
E0235,0.0,0.0,0.0,87.5,12.5,0.0,0.0,0.0,100.0,0.0,12.5
E0236,2.857142857142857,11.428571428571429,77.14285714285715,5.714285714285714,2.857142857142857,0.0,50.0,50.0,0.0,0.0,38.57142857142858
E0237,2.0408163265306123,2.0408163265306123,6.122448979591836,2.0408163265306123,87.75510204081633,0.0,0.0,0.0,0.0,100.0,12.244897959183675
E0239,1.3333333333333335,0.0,1.3333333333333335,5.333333333333334,92.0,0.0,0.0,50.0,0.0,50.0,48.66666666666667
E0240,5.88235294117647,79.41176470588235,5.88235294117647,5.88235294117647,2.941176470588235,0.0,100.0,0.0,0.0,0.0,20.58823529411765
E0243,0.0,4.444444444444445,11.11111111111111,80.0,4.444444444444445,0.0,0.0,0.0,100.0,0.0,20.0
E0244,2.5,2.5,2.5,90.0,2.5,0.0,0.0,0.0,50.0,50.0,47.5
E0245,6.25,81.25,6.25,6.25,0.0,0.0,75.0,25.0,0.0,0.0,18.75
E0246,2.7027027027027026,2.7027027027027026,91.8918918918919,2.7027027027027026,0.0,0.0,0.0,100.0,0.0,0.0,8.108108108108103
E0247,92.85714285714286,3.571428571428571,0.0,3.571428571428571,0.0,100.0,0.0,0.0,0.0,0.0,7.142857142857141
E0248,0.0,2.631578947368421,2.631578947368421,1.3157894736842104,93.42105263157895,0.0,0.0,0.0,0.0,100.0,6.578947368421053
E0249,0.0,2.7027027027027026,2.7027027027027026,86.48648648648648,8.108108108108109,0.0,0.0,0.0,100.0,0.0,13.513513513513514
E0250,2.7777777777777777,0.0,0.0,0.0,97.22222222222221,0.0,0.0,0.0,0.0,100.0,2.7777777777777817
E0251,11.428571428571429,68.57142857142857,2.857142857142857,11.428571428571429,5.714285714285714,0.0,0.0,0.0,0.0,100.0,94.28571428571429
E0252,0.0,4.0,8.0,16.0,72.0,0.0,0.0,0.0,0.0,100.0,28.0
E0254,3.571428571428571,0.0,0.0,7.142857142857142,89.28571428571429,0.0,0.0,0.0,0.0,100.0,10.714285714285712
E0255,68.57142857142857,22.857142857142858,8.571428571428571,0.0,0.0,80.0,20.0,0.0,0.0,0.0,11.42857142857143
E0256,66.21621621621621,12.162162162162163,9.45945945945946,6.756756756756757,5.405405405405405,71.42857142857143,0.0,28.57142857142857,0.0,0.0,24.324324324324326
E0257,95.45454545454545,4.545454545454546,0.0,0.0,0.0,75.0,25.0,0.0,0.0,0.0,20.454545454545453
E0258,83.33333333333334,11.11111111111111,2.7777777777777777,2.7777777777777777,0.0,66.66666666666666,33.33333333333333,0.0,0.0,0.0,22.22222222222223
E0259,84.84848484848484,3.0303030303030303,9.090909090909092,3.0303030303030303,0.0,100.0,0.0,0.0,0.0,0.0,15.151515151515156
E0260,84.375,6.25,3.125,3.125,3.125,80.0,0.0,0.0,20.0,0.0,16.875
E0261,0.0,94.73684210526315,2.631578947368421,2.631578947368421,0.0,0.0,100.0,0.0,0.0,0.0,5.263157894736846
E0262,4.166666666666666,0.0,0.0,95.83333333333334,0.0,0.0,0.0,0.0,100.0,0.0,4.166666666666662
E0263,5.88235294117647,0.0,5.88235294117647,5.88235294117647,82.35294117647058,0.0,0.0,0.0,0.0,100.0,17.647058823529413
E0264,37.5,37.5,12.5,12.5,0.0,0.0,100.0,0.0,0.0,0.0,62.5
E0266,2.4390243902439024,78.04878048780488,14.634146341463413,2.4390243902439024,2.4390243902439024,0.0,0.0,66.66666666666666,0.0,33.33333333333333,82.92682926829266
E0267,1.7241379310344827,89.65517241379311,6.896551724137931,1.7241379310344827,0.0,0.0,100.0,0.0,0.0,0.0,10.344827586206893
E0268,0.0,0.0,0.0,100.0,0.0,0.0,0.0,0.0,100.0,0.0,0.0
E0269,7.246376811594203,14.492753623188406,1.4492753623188406,10.144927536231885,66.66666666666666,0.0,37.5,0.0,12.5,50.0,25.362318840579704
E0270,5.128205128205128,7.6923076923076925,5.128205128205128,61.53846153846154,20.51282051282051,0.0,0.0,0.0,100.0,0.0,38.46153846153846
E0272,5.714285714285714,91.42857142857143,2.857142857142857,0.0,0.0,0.0,80.0,20.0,0.0,0.0,17.142857142857146
E0273,5.0,5.0,85.0,5.0,0.0,0.0,25.0,75.0,0.0,0.0,20.0
E0274,83.87096774193549,9.67741935483871,3.225806451612903,0.0,3.225806451612903,75.0,0.0,0.0,0.0,25.0,21.7741935483871
E0275,100.0,0.0,0.0,0.0,0.0,100.0,0.0,0.0,0.0,0.0,0.0
E0276,5.555555555555555,2.7777777777777777,8.333333333333332,80.55555555555556,2.7777777777777777,0.0,33.33333333333333,0.0,66.66666666666666,0.0,30.55555555555556
E0277,6.451612903225806,3.225806451612903,9.67741935483871,6.451612903225806,74.19354838709677,16.666666666666664,0.0,33.33333333333333,0.0,50.0,33.87096774193547
E0278,0.0,0.0,92.85714285714286,7.142857142857142,0.0,0.0,0.0,100.0,0.0,0.0,7.142857142857141
E0279,1.5873015873015872,3.1746031746031744,3.1746031746031744,15.873015873015872,76.19047619047619,0.0,0.0,0.0,20.0,80.0,7.936507936507938
E0282,0.0,0.0,2.4390243902439024,2.4390243902439024,95.1219512195122,0.0,0.0,0.0,0.0,100.0,4.878048780487804
E0283,5.263157894736842,0.0,2.631578947368421,10.526315789473683,81.57894736842105,0.0,0.0,0.0,0.0,100.0,18.421052631578945
E0284,83.33333333333334,2.7777777777777777,5.555555555555555,5.555555555555555,2.7777777777777777,100.0,0.0,0.0,0.0,0.0,16.666666666666664
E0285,6.25,6.25,65.625,18.75,3.125,33.33333333333333,0.0,66.66666666666666,0.0,0.0,28.124999999999993
E0287,2.564102564102564,2.564102564102564,0.0,0.0,94.87179487179486,0.0,0.0,0.0,0.0,100.0,5.128205128205133
E0288,2.7027027027027026,1.3513513513513513,91.8918918918919,2.7027027027027026,1.3513513513513513,0.0,0.0,100.0,0.0,0.0,8.108108108108103
E0289,0.0,9.090909090909092,81.81818181818183,6.0606060606060606,3.0303030303030303,0.0,0.0,100.0,0.0,0.0,18.18181818181818
E0290,78.57142857142857,10.714285714285714,7.142857142857142,3.571428571428571,0.0,33.33333333333333,33.33333333333333,33.33333333333333,0.0,0.0,48.80952380952381
E0291,0.0,2.272727272727273,4.545454545454546,2.272727272727273,90.9090909090909,0.0,0.0,0.0,0.0,100.0,9.090909090909093
E0292,0.0,0.0,0.0,97.72727272727273,2.272727272727273,0.0,0.0,0.0,100.0,0.0,2.27272727272727
E0293,0.0,3.0303030303030303,0.0,0.0,96.96969696969697,0.0,0.0,0.0,0.0,100.0,3.0303030303030307
E0294,0.0,97.36842105263158,0.0,0.0,2.631578947368421,0.0,100.0,0.0,0.0,0.0,2.631578947368423
E0295,0.0,0.0,0.0,100.0,0.0,0.0,0.0,0.0,100.0,0.0,0.0
E0296,0.0,9.090909090909092,90.9090909090909,0.0,0.0,0.0,0.0,100.0,0.0,0.0,9.090909090909093
E0297,0.0,0.0,10.0,90.0,0.0,0.0,0.0,0.0,100.0,0.0,10.0
E0298,2.7027027027027026,2.7027027027027026,86.48648648648648,2.7027027027027026,5.405405405405405,16.666666666666664,0.0,83.33333333333334,0.0,0.0,13.963963963963955
E0299,3.3333333333333335,10.0,76.66666666666667,6.666666666666667,3.3333333333333335,0.0,0.0,100.0,0.0,0.0,23.333333333333332
E0300,0.0,5.617977528089887,2.247191011235955,84.26966292134831,7.865168539325842,0.0,0.0,0.0,100.0,0.0,15.730337078651687
E0301,4.761904761904762,7.142857142857142,78.57142857142857,4.761904761904762,4.761904761904762,0.0,20.0,60.0,0.0,20.0,28.095238095238095
E0302,0.0,2.0,94.0,4.0,0.0,0.0,0.0,100.0,0.0,0.0,6.0
E0303,5.128205128205128,92.3076923076923,2.564102564102564,0.0,0.0,0.0,100.0,0.0,0.0,0.0,7.6923076923076925
E0304,0.0,2.5,6.25,11.25,80.0,0.0,0.0,33.33333333333333,0.0,66.66666666666666,27.083333333333336
E0305,0.0,4.615384615384616,3.076923076923077,10.76923076923077,81.53846153846153,0.0,0.0,16.666666666666664,0.0,83.33333333333334,15.384615384615392
E0306,3.4482758620689653,89.65517241379311,3.4482758620689653,3.4482758620689653,0.0,0.0,100.0,0.0,0.0,0.0,10.344827586206891
E0307,0.0,0.0,10.256410256410255,74.35897435897436,15.384615384615385,0.0,0.0,25.0,75.0,0.0,15.384615384615383
E0308,89.65517241379311,0.0,0.0,3.4482758620689653,6.896551724137931,100.0,0.0,0.0,0.0,0.0,10.344827586206893
E0309,86.20689655172413,6.896551724137931,1.7241379310344827,3.4482758620689653,1.7241379310344827,100.0,0.0,0.0,0.0,0.0,13.793103448275867
E0310,74.35897435897436,17.94871794871795,2.564102564102564,0.0,5.128205128205128,33.33333333333333,66.66666666666666,0.0,0.0,0.0,48.71794871794872
E0311,2.941176470588235,88.23529411764706,2.941176470588235,2.941176470588235,2.941176470588235,0.0,80.0,0.0,0.0,20.0,17.058823529411764
E0312,7.6923076923076925,87.6923076923077,4.615384615384616,0.0,0.0,20.0,80.0,0.0,0.0,0.0,12.307692307692308
E0313,0.0,9.375,84.375,6.25,0.0,0.0,16.666666666666664,66.66666666666666,16.666666666666664,0.0,17.708333333333336
E0314,80.3030303030303,9.090909090909092,4.545454545454546,3.0303030303030303,3.0303030303030303,100.0,0.0,0.0,0.0,0.0,19.696969696969703
E0315,2.380952380952381,7.142857142857142,9.523809523809524,69.04761904761905,11.904761904761903,0.0,0.0,0.0,100.0,0.0,30.952380952380953
E0316,0.0,0.0,2.5,95.0,2.5,0.0,0.0,0.0,100.0,0.0,5.0
E0317,86.11111111111111,8.333333333333332,0.0,2.7777777777777777,2.7777777777777777,100.0,0.0,0.0,0.0,0.0,13.888888888888888
E0318,75.71428571428571,10.0,7.142857142857142,4.285714285714286,2.857142857142857,77.77777777777779,11.11111111111111,0.0,11.11111111111111,0.0,10.000000000000007
E0319,100.0,0.0,0.0,0.0,0.0,100.0,0.0,0.0,0.0,0.0,0.0
E0320,5.263157894736842,78.94736842105263,7.894736842105263,6.578947368421052,1.3157894736842104,0.0,66.66666666666666,0.0,33.33333333333333,0.0,26.754385964912284
E0321,14.285714285714285,69.04761904761905,4.761904761904762,9.523809523809524,2.380952380952381,25.0,50.0,0.0,25.0,0.0,26.19047619047619
E0322,15.517241379310345,77.58620689655173,5.172413793103448,1.7241379310344827,0.0,25.0,75.0,0.0,0.0,0.0,9.482758620689658
E0323,2.7777777777777777,2.7777777777777777,11.11111111111111,8.333333333333332,75.0,0.0,0.0,0.0,0.0,100.0,25.0
E0324,1.9230769230769231,3.8461538461538463,0.0,88.46153846153845,5.769230769230769,0.0,0.0,0.0,100.0,0.0,11.538461538461544
E0326,3.0303030303030303,12.121212121212121,75.75757575757575,6.0606060606060606,3.0303030303030303,0.0,0.0,100.0,0.0,0.0,24.24242424242425
E0327,11.428571428571429,82.85714285714286,2.857142857142857,2.857142857142857,0.0,0.0,85.71428571428571,14.285714285714285,0.0,0.0,14.28571428571428
E0328,0.0,0.0,2.564102564102564,23.076923076923077,74.35897435897436,0.0,0.0,0.0,33.33333333333333,66.66666666666666,10.256410256410263
E0329,6.122448979591836,10.204081632653061,4.081632653061225,6.122448979591836,73.46938775510205,0.0,0.0,20.0,20.0,60.0,29.795918367346943
E0330,0.0,2.7777777777777777,5.555555555555555,88.88888888888889,2.7777777777777777,0.0,0.0,0.0,100.0,0.0,11.111111111111112
E0331,2.5,87.5,5.0,5.0,0.0,0.0,100.0,0.0,0.0,0.0,12.5
E0332,0.0,6.976744186046512,83.72093023255815,6.976744186046512,2.3255813953488373,0.0,0.0,100.0,0.0,0.0,16.279069767441854
E0333,0.0,100.0,0.0,0.0,0.0,0.0,100.0,0.0,0.0,0.0,0.0
E0334,94.36619718309859,2.8169014084507045,2.8169014084507045,0.0,0.0,100.0,0.0,0.0,0.0,0.0,5.633802816901408
E0335,4.081632653061225,93.87755102040816,0.0,0.0,2.0408163265306123,0.0,100.0,0.0,0.0,0.0,6.122448979591836
E0336,97.61904761904762,2.380952380952381,0.0,0.0,0.0,100.0,0.0,0.0,0.0,0.0,2.3809523809523805
E0337,85.0,5.0,5.0,0.0,5.0,66.66666666666666,33.33333333333333,0.0,0.0,0.0,28.333333333333336
E0338,0.0,5.555555555555555,86.11111111111111,5.555555555555555,2.7777777777777777,0.0,16.666666666666664,83.33333333333334,0.0,0.0,11.111111111111107
E0339,2.7777777777777777,2.7777777777777777,5.555555555555555,83.33333333333334,5.555555555555555,0.0,0.0,0.0,75.0,25.0,19.44444444444445
E0340,6.8493150684931505,84.93150684931507,4.10958904109589,2.73972602739726,1.36986301369863,0.0,75.0,25.0,0.0,0.0,20.89041095890411
E0341,68.29268292682927,17.073170731707318,7.317073170731707,4.878048780487805,2.4390243902439024,0.0,0.0,0.0,100.0,0.0,95.1219512195122
E0343,0.0,2.4390243902439024,9.75609756097561,85.36585365853658,2.4390243902439024,0.0,0.0,14.285714285714285,71.42857142857143,14.285714285714285,16.376306620209053
E0344,5.405405405405405,2.7027027027027026,0.0,86.48648648648648,5.405405405405405,25.0,0.0,0.0,75.0,0.0,19.594594594594593
E0346,4.838709677419355,0.0,12.903225806451612,70.96774193548387,11.29032258064516,0.0,0.0,0.0,100.0,0.0,29.032258064516128
E0347,0.0,5.128205128205128,94.87179487179486,0.0,0.0,0.0,0.0,100.0,0.0,0.0,5.128205128205133
E0348,61.53846153846154,15.384615384615385,23.076923076923077,0.0,0.0,75.0,25.0,0.0,0.0,0.0,23.076923076923073
E0349,0.0,2.564102564102564,5.128205128205128,5.128205128205128,87.17948717948718,0.0,0.0,0.0,0.0,100.0,12.820512820512818
E0350,0.0,0.0,100.0,0.0,0.0,0.0,0.0,100.0,0.0,0.0,0.0
E0351,6.666666666666667,75.0,15.0,1.6666666666666667,1.6666666666666667,0.0,50.0,50.0,0.0,0.0,35.00000000000001
E0352,86.66666666666667,6.666666666666667,3.3333333333333335,3.3333333333333335,0.0,100.0,0.0,0.0,0.0,0.0,13.33333333333333
E0353,2.3255813953488373,0.0,2.3255813953488373,93.02325581395348,2.3255813953488373,0.0,0.0,0.0,100.0,0.0,6.976744186046515
E0354,77.27272727272727,13.636363636363635,6.8181818181818175,2.272727272727273,0.0,75.0,25.0,0.0,0.0,0.0,11.363636363636362
E0355,0.0,97.36842105263158,2.631578947368421,0.0,0.0,0.0,100.0,0.0,0.0,0.0,2.631578947368423
E0356,1.2658227848101267,2.5316455696202533,1.2658227848101267,5.063291139240507,89.87341772151899,0.0,10.0,0.0,0.0,90.0,7.594936708860758
E0357,5.555555555555555,2.7777777777777777,0.0,8.333333333333332,83.33333333333334,0.0,0.0,0.0,0.0,100.0,16.66666666666666
E0358,9.67741935483871,0.0,3.225806451612903,6.451612903225806,80.64516129032258,0.0,0.0,0.0,0.0,100.0,19.35483870967742
E0359,0.0,3.4482758620689653,3.4482758620689653,89.65517241379311,3.4482758620689653,0.0,20.0,0.0,80.0,0.0,16.55172413793104
E0360,0.0,0.0,87.5,12.5,0.0,0.0,0.0,100.0,0.0,0.0,12.5
E0361,0.0,0.0,100.0,0.0,0.0,0.0,0.0,100.0,0.0,0.0,0.0
E0362,88.23529411764706,2.941176470588235,2.941176470588235,5.88235294117647,0.0,100.0,0.0,0.0,0.0,0.0,11.764705882352942
E0363,2.4390243902439024,2.4390243902439024,4.878048780487805,85.36585365853658,4.878048780487805,0.0,0.0,0.0,100.0,0.0,14.634146341463419
E0364,0.0,0.0,0.0,6.666666666666667,93.33333333333333,0.0,0.0,0.0,0.0,100.0,6.66666666666667
E0366,10.526315789473683,84.21052631578947,0.0,2.631578947368421,2.631578947368421,0.0,100.0,0.0,0.0,0.0,15.789473684210531
E0367,0.0,100.0,0.0,0.0,0.0,0.0,100.0,0.0,0.0,0.0,0.0
E0368,6.976744186046512,6.976744186046512,11.627906976744185,13.953488372093023,60.46511627906976,50.0,0.0,0.0,0.0,50.0,43.02325581395348
E0369,3.125,0.0,0.0,0.0,96.875,0.0,0.0,0.0,0.0,100.0,3.125
E0370,0.0,0.0,1.4925373134328357,94.02985074626866,4.477611940298507,0.0,0.0,0.0,100.0,0.0,5.970149253731339
E0371,6.557377049180328,3.278688524590164,88.52459016393442,0.0,1.639344262295082,0.0,0.0,100.0,0.0,0.0,11.475409836065577
E0372,2.631578947368421,92.10526315789474,2.631578947368421,2.631578947368421,0.0,0.0,100.0,0.0,0.0,0.0,7.894736842105262
E0373,0.0,0.0,89.65517241379311,3.4482758620689653,6.896551724137931,0.0,0.0,100.0,0.0,0.0,10.344827586206893
E0374,0.0,2.3255813953488373,2.3255813953488373,88.37209302325581,6.976744186046512,0.0,0.0,0.0,100.0,0.0,11.627906976744185
E0375,0.0,0.0,0.0,0.0,100.0,0.0,0.0,0.0,0.0,100.0,0.0
E0378,0.0,0.0,4.444444444444445,8.88888888888889,86.66666666666667,0.0,0.0,0.0,0.0,100.0,13.333333333333332
E0379,80.0,8.333333333333332,1.6666666666666667,3.3333333333333335,6.666666666666667,66.66666666666666,0.0,0.0,0.0,33.33333333333333,26.666666666666668
E0380,2.7027027027027026,2.7027027027027026,94.5945945945946,0.0,0.0,0.0,0.0,100.0,0.0,0.0,5.405405405405404
E0381,0.0,0.0,87.5,0.0,12.5,0.0,0.0,100.0,0.0,0.0,12.5
E0382,2.564102564102564,0.0,2.564102564102564,5.128205128205128,89.74358974358975,0.0,0.0,0.0,0.0,100.0,10.256410256410252
E0383,0.0,0.0,0.0,100.0,0.0,0.0,0.0,0.0,100.0,0.0,0.0
E0384,97.05882352941177,2.941176470588235,0.0,0.0,0.0,100.0,0.0,0.0,0.0,0.0,2.9411764705882337
E0385,0.0,0.0,3.125,0.0,96.875,0.0,0.0,0.0,0.0,100.0,3.125
E0386,2.564102564102564,87.17948717948718,7.6923076923076925,0.0,2.564102564102564,0.0,100.0,0.0,0.0,0.0,12.820512820512818
E0387,11.864406779661017,76.27118644067797,5.084745762711865,1.694915254237288,5.084745762711865,16.666666666666664,75.0,0.0,0.0,8.333333333333332,8.050847457627116
E0388,59.45945945945946,10.81081081081081,8.108108108108109,16.216216216216218,5.405405405405405,66.66666666666666,33.33333333333333,0.0,0.0,0.0,29.729729729729723
E0389,1.4925373134328357,2.9850746268656714,2.9850746268656714,91.04477611940298,1.4925373134328357,11.11111111111111,0.0,0.0,88.88888888888889,0.0,9.618573797678273
E0391,2.564102564102564,7.6923076923076925,82.05128205128204,5.128205128205128,2.564102564102564,0.0,0.0,100.0,0.0,0.0,17.948717948717952
E0392,90.2439024390244,7.317073170731707,0.0,0.0,2.4390243902439024,100.0,0.0,0.0,0.0,0.0,9.756097560975606
E0393,0.0,3.225806451612903,0.0,96.7741935483871,0.0,0.0,0.0,0.0,100.0,0.0,3.2258064516129
E0394,0.0,0.0,96.34146341463415,2.4390243902439024,1.2195121951219512,0.0,0.0,100.0,0.0,0.0,3.658536585365853
E0395,7.894736842105263,81.57894736842105,5.263157894736842,2.631578947368421,2.631578947368421,16.666666666666664,50.0,33.33333333333333,0.0,0.0,36.84210526315789
E0396,13.953488372093023,72.09302325581395,4.651162790697675,6.976744186046512,2.3255813953488373,14.285714285714285,71.42857142857143,0.0,14.285714285714285,0.0,7.641196013289031
E0397,0.0,3.4482758620689653,86.20689655172413,6.896551724137931,3.4482758620689653,0.0,0.0,80.0,20.0,0.0,13.103448275862062
E0398,90.625,6.25,1.5625,0.0,1.5625,100.0,0.0,0.0,0.0,0.0,9.375
E0399,0.0,92.85714285714286,0.0,7.142857142857142,0.0,0.0,100.0,0.0,0.0,0.0,7.142857142857141
E0400,4.0,1.3333333333333335,2.666666666666667,6.666666666666667,85.33333333333334,0.0,0.0,0.0,25.0,75.0,18.333333333333336
E0401,3.0303030303030303,6.0606060606060606,81.81818181818183,6.0606060606060606,3.0303030303030303,0.0,0.0,66.66666666666666,33.33333333333333,0.0,27.27272727272728
E0402,2.857142857142857,2.857142857142857,80.0,2.857142857142857,11.428571428571429,0.0,0.0,100.0,0.0,0.0,20.0
E0403,0.0,100.0,0.0,0.0,0.0,0.0,100.0,0.0,0.0,0.0,0.0
E0404,61.76470588235294,14.705882352941178,11.76470588235294,2.941176470588235,8.823529411764707,75.0,25.0,0.0,0.0,0.0,23.529411764705877
E0405,5.405405405405405,8.108108108108109,13.513513513513514,16.216216216216218,56.75675675675676,0.0,50.0,0.0,0.0,50.0,41.891891891891895
E0406,82.97872340425532,6.382978723404255,8.51063829787234,2.127659574468085,0.0,100.0,0.0,0.0,0.0,0.0,17.02127659574468
E0407,0.0,4.0,12.0,68.0,16.0,0.0,0.0,100.0,0.0,0.0,88.0
E0408,0.0,6.25,3.125,87.5,3.125,0.0,0.0,0.0,100.0,0.0,12.5
E0409,1.5625,96.875,1.5625,0.0,0.0,16.666666666666664,83.33333333333334,0.0,0.0,0.0,15.10416666666666
E0411,0.0,89.65517241379311,6.896551724137931,3.4482758620689653,0.0,0.0,100.0,0.0,0.0,0.0,10.344827586206891
E0412,1.36986301369863,1.36986301369863,1.36986301369863,93.15068493150685,2.73972602739726,0.0,0.0,0.0,100.0,0.0,6.849315068493153
E0413,87.8048780487805,7.317073170731707,4.878048780487805,0.0,0.0,100.0,0.0,0.0,0.0,0.0,12.195121951219509
E0414,73.75,11.25,7.5,1.25,6.25,57.14285714285714,14.285714285714285,14.285714285714285,0.0,14.285714285714285,17.857142857142858
E0415,19.565217391304348,58.69565217391305,8.695652173913043,6.521739130434782,6.521739130434782,12.5,75.0,12.5,0.0,0.0,20.10869565217391
E0416,0.0,4.25531914893617,6.382978723404255,8.51063829787234,80.85106382978722,0.0,33.33333333333333,0.0,0.0,66.66666666666666,29.07801418439716
E0417,94.5945945945946,2.7027027027027026,1.3513513513513513,1.3513513513513513,0.0,87.5,0.0,0.0,12.5,0.0,11.14864864864865
E0418,1.639344262295082,6.557377049180328,6.557377049180328,73.77049180327869,11.475409836065573,0.0,0.0,0.0,100.0,0.0,26.229508196721312
E0419,5.063291139240507,6.329113924050633,69.62025316455697,10.126582278481013,8.860759493670885,12.5,12.5,62.5,12.5,0.0,15.98101265822785
E0420,5.0,2.5,87.5,5.0,0.0,0.0,0.0,83.33333333333334,16.666666666666664,0.0,11.66666666666666
E0421,0.0,0.0,85.71428571428571,8.571428571428571,5.714285714285714,0.0,0.0,50.0,50.0,0.0,41.42857142857142
E0422,0.0,0.0,0.0,5.0,95.0,0.0,0.0,0.0,0.0,100.0,5.0
E0423,3.0303030303030303,90.9090909090909,6.0606060606060606,0.0,0.0,0.0,100.0,0.0,0.0,0.0,9.090909090909093
E0425,0.0,0.0,0.0,4.545454545454546,95.45454545454545,0.0,0.0,0.0,0.0,100.0,4.545454545454547
E0427,2.7027027027027026,0.0,5.405405405405405,78.37837837837837,13.513513513513514,0.0,0.0,0.0,100.0,0.0,21.621621621621625
E0428,3.571428571428571,67.85714285714286,14.285714285714285,10.714285714285714,3.571428571428571,0.0,100.0,0.0,0.0,0.0,32.14285714285714
E0429,0.0,0.0,97.36842105263158,0.0,2.631578947368421,0.0,0.0,100.0,0.0,0.0,2.631578947368423
E0430,11.11111111111111,66.66666666666666,11.11111111111111,11.11111111111111,0.0,0.0,100.0,0.0,0.0,0.0,33.33333333333334
E0431,4.10958904109589,5.47945205479452,9.58904109589041,15.068493150684931,65.75342465753424,0.0,25.0,0.0,0.0,75.0,28.767123287671236
E0432,5.970149253731343,8.955223880597014,4.477611940298507,5.970149253731343,74.6268656716418,25.0,0.0,0.0,0.0,75.0,19.402985074626862
E0433,2.5974025974025974,3.896103896103896,6.493506493506493,9.090909090909092,77.92207792207793,0.0,25.0,0.0,50.0,25.0,62.01298701298702
E0434,3.3333333333333335,86.66666666666667,5.0,3.3333333333333335,1.6666666666666667,0.0,83.33333333333334,16.666666666666664,0.0,0.0,11.666666666666664
E0435,0.0,3.0303030303030303,7.575757575757576,86.36363636363636,3.0303030303030303,0.0,0.0,0.0,100.0,0.0,13.636363636363638
E0436,2.272727272727273,0.0,4.545454545454546,90.9090909090909,2.272727272727273,0.0,0.0,0.0,100.0,0.0,9.090909090909092
E0437,88.88888888888889,5.555555555555555,0.0,5.555555555555555,0.0,100.0,0.0,0.0,0.0,0.0,11.111111111111114
E0438,2.941176470588235,2.941176470588235,0.0,14.705882352941178,79.41176470588235,0.0,0.0,0.0,0.0,100.0,20.588235294117652
E0440,100.0,0.0,0.0,0.0,0.0,100.0,0.0,0.0,0.0,0.0,0.0
E0441,0.0,0.0,10.0,76.66666666666667,13.333333333333334,0.0,0.0,100.0,0.0,0.0,90.00000000000001
E0442,0.0,0.0,3.571428571428571,7.142857142857142,89.28571428571429,0.0,0.0,0.0,0.0,100.0,10.714285714285712
E0443,0.0,0.0,100.0,0.0,0.0,0.0,0.0,100.0,0.0,0.0,0.0
E0444,0.0,0.0,9.30232558139535,4.651162790697675,86.04651162790698,0.0,0.0,0.0,0.0,100.0,13.953488372093021
E0445,6.122448979591836,93.87755102040816,0.0,0.0,0.0,0.0,100.0,0.0,0.0,0.0,6.122448979591837
E0446,0.0,0.0,22.22222222222222,66.66666666666666,11.11111111111111,0.0,0.0,0.0,100.0,0.0,33.333333333333336
E0447,0.0,3.4482758620689653,13.793103448275861,82.75862068965517,0.0,0.0,0.0,0.0,100.0,0.0,17.241379310344826
E0448,0.0,97.95918367346938,0.0,0.0,2.0408163265306123,0.0,100.0,0.0,0.0,0.0,2.0408163265306145
E0452,0.0,0.0,10.0,90.0,0.0,0.0,0.0,0.0,100.0,0.0,10.0
E0453,0.0,0.0,94.5945945945946,2.7027027027027026,2.7027027027027026,0.0,0.0,100.0,0.0,0.0,5.4054054054054035
E0455,1.7857142857142856,3.571428571428571,92.85714285714286,0.0,1.7857142857142856,0.0,0.0,100.0,0.0,0.0,7.142857142857141
E0456,0.0,0.0,0.0,3.571428571428571,96.42857142857143,0.0,0.0,0.0,0.0,100.0,3.5714285714285703
E0457,0.0,1.4925373134328357,4.477611940298507,94.02985074626866,0.0,0.0,0.0,0.0,100.0,0.0,5.970149253731339
E0458,0.0,97.14285714285714,2.857142857142857,0.0,0.0,0.0,100.0,0.0,0.0,0.0,2.8571428571428594
E0459,0.0,3.571428571428571,0.0,7.142857142857142,89.28571428571429,0.0,0.0,0.0,0.0,100.0,10.714285714285712
E0460,0.0,2.3255813953488373,6.976744186046512,88.37209302325581,2.3255813953488373,0.0,0.0,0.0,100.0,0.0,11.627906976744187
E0461,2.857142857142857,11.428571428571429,77.14285714285715,5.714285714285714,2.857142857142857,25.0,50.0,25.0,0.0,0.0,60.714285714285715
E0463,1.3333333333333335,1.3333333333333335,4.0,86.66666666666667,6.666666666666667,0.0,0.0,0.0,90.0,10.0,6.666666666666664
E0464,80.55555555555556,11.11111111111111,2.7777777777777777,5.555555555555555,0.0,100.0,0.0,0.0,0.0,0.0,19.444444444444443
E0465,85.71428571428571,3.1746031746031744,6.349206349206349,1.5873015873015872,3.1746031746031744,100.0,0.0,0.0,0.0,0.0,14.285714285714288
E0466,2.857142857142857,97.14285714285714,0.0,0.0,0.0,0.0,100.0,0.0,0.0,0.0,2.8571428571428594
E0467,0.0,0.0,7.894736842105263,86.8421052631579,5.263157894736842,0.0,0.0,0.0,100.0,0.0,13.1578947368421
E0468,94.87179487179486,0.0,2.564102564102564,2.564102564102564,0.0,100.0,0.0,0.0,0.0,0.0,5.128205128205133
E0469,0.0,5.0,90.0,5.0,0.0,0.0,0.0,80.0,20.0,0.0,15.0
E0470,2.7777777777777777,2.7777777777777777,2.7777777777777777,86.11111111111111,5.555555555555555,50.0,0.0,0.0,50.0,0.0,47.22222222222222
E0471,0.0,1.5384615384615385,98.46153846153847,0.0,0.0,0.0,0.0,100.0,0.0,0.0,1.5384615384615357
E0472,0.0,0.0,100.0,0.0,0.0,0.0,0.0,100.0,0.0,0.0,0.0
E0473,77.27272727272727,13.636363636363635,1.5151515151515151,3.0303030303030303,4.545454545454546,72.72727272727273,9.090909090909092,0.0,0.0,18.181818181818183,13.63636363636363
E0474,2.1739130434782608,2.1739130434782608,0.0,84.78260869565217,10.869565217391305,0.0,0.0,0.0,100.0,0.0,15.217391304347828
E0475,0.0,12.121212121212121,6.0606060606060606,6.0606060606060606,75.75757575757575,0.0,0.0,25.0,0.0,75.0,18.939393939393934
E0477,78.04878048780488,12.195121951219512,2.4390243902439024,4.878048780487805,2.4390243902439024,0.0,100.0,0.0,0.0,0.0,87.8048780487805
E0478,0.0,0.0,0.0,100.0,0.0,0.0,0.0,0.0,100.0,0.0,0.0
E0479,0.0,0.0,4.3478260869565215,93.47826086956522,2.1739130434782608,0.0,0.0,33.33333333333333,66.66666666666666,0.0,28.985507246376812
E0481,0.0,0.0,2.857142857142857,97.14285714285714,0.0,0.0,0.0,0.0,100.0,0.0,2.8571428571428594
E0482,0.0,18.181818181818183,72.72727272727273,9.090909090909092,0.0,0.0,0.0,100.0,0.0,0.0,27.272727272727273
E0483,81.81818181818183,4.545454545454546,4.545454545454546,9.090909090909092,0.0,66.66666666666666,0.0,33.33333333333333,0.0,0.0,28.787878787878796
E0484,6.024096385542169,81.92771084337349,7.228915662650602,3.614457831325301,1.2048192771084338,0.0,75.0,0.0,25.0,0.0,21.3855421686747
E0485,0.0,0.0,7.6923076923076925,25.64102564102564,66.66666666666666,0.0,0.0,0.0,0.0,100.0,33.333333333333336
E0486,94.28571428571428,2.857142857142857,2.857142857142857,0.0,0.0,100.0,0.0,0.0,0.0,0.0,5.714285714285719
E0487,3.076923076923077,1.5384615384615385,4.615384615384616,89.23076923076924,1.5384615384615385,0.0,0.0,0.0,100.0,0.0,10.769230769230766
E0488,0.0,0.0,0.0,14.285714285714285,85.71428571428571,0.0,0.0,0.0,0.0,100.0,14.285714285714288
E0490,1.5151515151515151,87.87878787878788,7.575757575757576,1.5151515151515151,1.5151515151515151,0.0,100.0,0.0,0.0,0.0,12.121212121212125
E0491,5.88235294117647,17.647058823529413,64.70588235294117,5.88235294117647,5.88235294117647,0.0,0.0,66.66666666666666,0.0,33.33333333333333,29.411764705882348
E0492,0.0,0.0,14.285714285714285,11.428571428571429,74.28571428571429,0.0,0.0,20.0,20.0,60.0,14.285714285714288
E0493,0.0,1.6666666666666667,81.66666666666667,10.0,6.666666666666667,0.0,0.0,100.0,0.0,0.0,18.333333333333332
E0494,70.58823529411765,20.588235294117645,2.941176470588235,2.941176470588235,2.941176470588235,100.0,0.0,0.0,0.0,0.0,29.411764705882344
E0495,0.0,8.823529411764707,0.0,5.88235294117647,85.29411764705883,0.0,100.0,0.0,0.0,0.0,91.17647058823529
E0496,81.81818181818183,4.545454545454546,11.363636363636363,2.272727272727273,0.0,100.0,0.0,0.0,0.0,0.0,18.181818181818176
E0497,11.76470588235294,8.823529411764707,50.0,8.823529411764707,20.588235294117645,0.0,0.0,0.0,0.0,100.0,79.41176470588235
E0498,2.7027027027027026,0.0,0.0,2.7027027027027026,94.5945945945946,0.0,0.0,0.0,0.0,100.0,5.405405405405404
E0499,0.0,2.564102564102564,94.87179487179486,2.564102564102564,0.0,0.0,0.0,100.0,0.0,0.0,5.128205128205133
E0500,0.0,0.0,2.7027027027027026,2.7027027027027026,94.5945945945946,0.0,0.0,0.0,0.0,100.0,5.405405405405404
E0501,0.0,0.0,97.22222222222221,0.0,2.7777777777777777,0.0,0.0,100.0,0.0,0.0,2.7777777777777817
E0503,2.564102564102564,2.564102564102564,89.74358974358975,5.128205128205128,0.0,0.0,0.0,100.0,0.0,0.0,10.256410256410252
E0504,13.793103448275861,75.86206896551724,6.896551724137931,3.4482758620689653,0.0,0.0,50.0,50.0,0.0,0.0,43.10344827586207
E0505,2.73972602739726,5.47945205479452,84.93150684931507,4.10958904109589,2.73972602739726,12.5,0.0,87.5,0.0,0.0,12.32876712328767
E0506,3.571428571428571,7.142857142857142,0.0,10.714285714285714,78.57142857142857,0.0,0.0,0.0,0.0,100.0,21.42857142857143
E0507,0.0,0.0,0.0,0.0,100.0,0.0,0.0,0.0,0.0,100.0,0.0
E0508,2.5,5.0,6.25,8.75,77.5,11.11111111111111,0.0,11.11111111111111,0.0,77.77777777777779,13.750000000000004
E0509,3.0303030303030303,0.0,18.181818181818183,69.6969696969697,9.090909090909092,0.0,0.0,50.0,50.0,0.0,31.81818181818182
E0510,86.95652173913044,4.3478260869565215,2.1739130434782608,2.1739130434782608,4.3478260869565215,100.0,0.0,0.0,0.0,0.0,13.043478260869566
E0513,2.3255813953488373,4.651162790697675,2.3255813953488373,9.30232558139535,81.3953488372093,0.0,33.33333333333333,0.0,0.0,66.66666666666666,28.68217054263566
E0514,0.0,1.3333333333333335,0.0,97.33333333333334,1.3333333333333335,0.0,0.0,0.0,100.0,0.0,2.666666666666662
E0515,2.564102564102564,87.17948717948718,2.564102564102564,2.564102564102564,5.128205128205128,0.0,100.0,0.0,0.0,0.0,12.82051282051282
E0516,0.0,0.0,11.11111111111111,88.88888888888889,0.0,0.0,0.0,0.0,100.0,0.0,11.111111111111112
E0517,6.8181818181818175,93.18181818181817,0.0,0.0,0.0,0.0,100.0,0.0,0.0,0.0,6.818181818181822
E0518,0.0,0.0,100.0,0.0,0.0,0.0,0.0,100.0,0.0,0.0,0.0
E0519,87.01298701298701,6.493506493506493,3.896103896103896,1.2987012987012987,1.2987012987012987,50.0,16.666666666666664,16.666666666666664,16.666666666666664,0.0,38.31168831168831
E0520,93.05555555555556,1.3888888888888888,4.166666666666666,0.0,1.3888888888888888,100.0,0.0,0.0,0.0,0.0,6.944444444444444
E0521,2.4390243902439024,0.0,2.4390243902439024,95.1219512195122,0.0,0.0,0.0,0.0,100.0,0.0,4.878048780487804
E0522,93.75,3.125,0.0,3.125,0.0,100.0,0.0,0.0,0.0,0.0,6.25
E0523,0.0,2.4390243902439024,7.317073170731707,82.92682926829268,7.317073170731707,0.0,33.33333333333333,33.33333333333333,33.33333333333333,0.0,56.91056910569105
E0524,0.0,6.451612903225806,12.903225806451612,74.19354838709677,6.451612903225806,0.0,0.0,0.0,100.0,0.0,25.806451612903228
E0525,0.0,0.0,4.25531914893617,93.61702127659575,2.127659574468085,0.0,0.0,0.0,100.0,0.0,6.3829787234042525
E0526,81.08108108108108,9.45945945945946,4.054054054054054,2.7027027027027026,2.7027027027027026,0.0,100.0,0.0,0.0,0.0,90.54054054054055
E0527,2.380952380952381,0.0,7.142857142857142,90.47619047619048,0.0,50.0,0.0,0.0,50.0,0.0,47.61904761904762
E0528,90.625,6.25,3.125,0.0,0.0,100.0,0.0,0.0,0.0,0.0,9.375
E0531,0.0,0.0,20.0,60.0,20.0,0.0,0.0,0.0,0.0,100.0,80.0
E0534,0.0,2.564102564102564,92.3076923076923,5.128205128205128,0.0,0.0,0.0,100.0,0.0,0.0,7.6923076923076925
E0535,1.5625,1.5625,0.0,92.1875,4.6875,0.0,0.0,0.0,100.0,0.0,7.8125
E0536,6.944444444444445,77.77777777777779,8.333333333333332,4.166666666666666,2.7777777777777777,0.0,66.66666666666666,33.33333333333333,0.0,0.0,25.000000000000007
E0537,4.0,88.0,8.0,0.0,0.0,0.0,100.0,0.0,0.0,0.0,12.0
E0538,89.70588235294117,8.823529411764707,1.4705882352941175,0.0,0.0,100.0,0.0,0.0,0.0,0.0,10.294117647058824
E0539,5.128205128205128,0.0,2.564102564102564,7.6923076923076925,84.61538461538461,0.0,0.0,0.0,0.0,100.0,15.384615384615385
E0541,75.0,12.5,8.333333333333332,0.0,4.166666666666666,100.0,0.0,0.0,0.0,0.0,24.999999999999996
E0542,0.0,10.0,6.666666666666667,10.0,73.33333333333333,0.0,16.666666666666664,0.0,0.0,83.33333333333334,16.66666666666667
E0543,2.5,2.5,2.5,92.5,0.0,0.0,50.0,0.0,50.0,0.0,47.5
E0544,2.5,5.0,92.5,0.0,0.0,0.0,0.0,100.0,0.0,0.0,7.5
E0545,7.6923076923076925,0.0,0.0,92.3076923076923,0.0,50.0,0.0,0.0,50.0,0.0,42.30769230769231
E0546,9.375,87.5,3.125,0.0,0.0,0.0,100.0,0.0,0.0,0.0,12.5
E0547,0.0,100.0,0.0,0.0,0.0,0.0,100.0,0.0,0.0,0.0,0.0
E0548,0.0,20.0,80.0,0.0,0.0,0.0,0.0,100.0,0.0,0.0,20.0
E0550,0.0,0.0,0.0,42.857142857142854,57.14285714285714,0.0,0.0,0.0,100.0,0.0,57.14285714285714
E0551,0.0,0.0,0.0,96.61016949152543,3.389830508474576,0.0,0.0,0.0,100.0,0.0,3.3898305084745752
E0552,4.3478260869565215,88.40579710144928,4.3478260869565215,2.898550724637681,0.0,0.0,75.0,25.0,0.0,0.0,20.65217391304348
E0553,80.0,8.571428571428571,8.571428571428571,2.857142857142857,0.0,100.0,0.0,0.0,0.0,0.0,19.999999999999996
E0554,0.0,2.7777777777777777,97.22222222222221,0.0,0.0,0.0,0.0,100.0,0.0,0.0,2.7777777777777817
E0555,0.0,94.73684210526315,5.263157894736842,0.0,0.0,0.0,100.0,0.0,0.0,0.0,5.263157894736846
E0556,5.714285714285714,8.571428571428571,74.28571428571429,5.714285714285714,5.714285714285714,0.0,25.0,75.0,0.0,0.0,17.142857142857142
E0557,5.555555555555555,8.333333333333332,8.333333333333332,72.22222222222221,5.555555555555555,0.0,0.0,0.0,100.0,0.0,27.777777777777782
E0558,0.0,1.4492753623188406,1.4492753623188406,8.695652173913043,88.40579710144928,0.0,0.0,0.0,0.0,100.0,11.594202898550723
E0559,0.0,97.22222222222221,2.7777777777777777,0.0,0.0,0.0,100.0,0.0,0.0,0.0,2.7777777777777817
E0560,0.0,91.66666666666666,2.7777777777777777,5.555555555555555,0.0,0.0,100.0,0.0,0.0,0.0,8.33333333333334
E0561,0.0,2.7777777777777777,5.555555555555555,80.55555555555556,11.11111111111111,0.0,0.0,0.0,100.0,0.0,19.444444444444443
E0562,81.33333333333333,8.0,8.0,2.666666666666667,0.0,100.0,0.0,0.0,0.0,0.0,18.666666666666668
E0563,0.0,0.0,0.0,5.0,95.0,0.0,0.0,0.0,0.0,100.0,5.0
E0565,3.125,3.125,6.25,12.5,75.0,0.0,0.0,0.0,0.0,100.0,25.0
E0566,9.75609756097561,70.73170731707317,9.75609756097561,4.878048780487805,4.878048780487805,33.33333333333333,66.66666666666666,0.0,0.0,0.0,23.577235772357724
E0567,0.0,2.7027027027027026,0.0,5.405405405405405,91.8918918918919,0.0,0.0,0.0,0.0,100.0,8.108108108108103
E0568,0.0,5.88235294117647,86.76470588235294,4.411764705882353,2.941176470588235,0.0,0.0,100.0,0.0,0.0,13.23529411764706
E0569,16.666666666666664,66.66666666666666,8.333333333333332,5.555555555555555,2.7777777777777777,25.0,50.0,25.0,0.0,0.0,24.999999999999996
E0570,0.0,0.0,6.349206349206349,9.523809523809524,84.12698412698413,0.0,0.0,0.0,16.666666666666664,83.33333333333334,7.142857142857137
E0571,91.66666666666666,2.7777777777777777,2.7777777777777777,2.7777777777777777,0.0,100.0,0.0,0.0,0.0,0.0,8.33333333333334
E0572,0.0,6.8181818181818175,77.27272727272727,11.363636363636363,4.545454545454546,0.0,0.0,83.33333333333334,16.666666666666664,0.0,11.36363636363637
E0573,0.0,0.0,90.9090909090909,0.0,9.090909090909092,0.0,0.0,50.0,0.0,50.0,40.90909090909091
E0574,63.07692307692307,16.923076923076923,9.230769230769232,4.615384615384616,6.153846153846154,50.0,0.0,0.0,25.0,25.0,39.230769230769226
E0575,1.6666666666666667,0.0,1.6666666666666667,3.3333333333333335,93.33333333333333,0.0,0.0,0.0,0.0,100.0,6.66666666666667
E0576,0.0,0.0,11.11111111111111,88.88888888888889,0.0,0.0,0.0,0.0,100.0,0.0,11.111111111111112
E0578,0.0,1.5151515151515151,3.0303030303030303,0.0,95.45454545454545,0.0,0.0,0.0,0.0,100.0,4.545454545454546
E0579,91.02564102564102,6.41025641025641,2.564102564102564,0.0,0.0,85.71428571428571,14.285714285714285,0.0,0.0,0.0,7.875457875457877
E0580,76.36363636363637,10.909090909090908,5.454545454545454,7.2727272727272725,0.0,80.0,20.0,0.0,0.0,0.0,12.727272727272723
E0581,0.0,89.47368421052632,1.7543859649122806,3.508771929824561,5.263157894736842,0.0,81.81818181818183,0.0,9.090909090909092,9.090909090909092,9.409888357256774
E0582,1.7241379310344827,1.7241379310344827,3.4482758620689653,5.172413793103448,87.93103448275862,0.0,0.0,0.0,0.0,100.0,12.06896551724138
E0583,2.631578947368421,2.631578947368421,3.9473684210526314,84.21052631578947,6.578947368421052,0.0,0.0,0.0,66.66666666666666,33.33333333333333,26.75438596491228
E0584,4.761904761904762,88.09523809523809,2.380952380952381,0.0,4.761904761904762,0.0,100.0,0.0,0.0,0.0,11.904761904761909
E0585,90.9090909090909,0.0,9.090909090909092,0.0,0.0,100.0,0.0,0.0,0.0,0.0,9.090909090909093
E0587,85.71428571428571,11.904761904761903,2.380952380952381,0.0,0.0,100.0,0.0,0.0,0.0,0.0,14.285714285714288
E0588,1.8181818181818181,0.0,7.2727272727272725,9.090909090909092,81.81818181818183,0.0,0.0,0.0,33.33333333333333,66.66666666666666,24.24242424242425
E0589,4.878048780487805,0.0,0.0,9.75609756097561,85.36585365853658,0.0,0.0,0.0,0.0,100.0,14.634146341463417
E0590,8.108108108108109,75.67567567567568,8.108108108108109,5.405405405405405,2.7027027027027026,0.0,85.71428571428571,14.285714285714285,0.0,0.0,16.21621621621621
E0591,0.0,0.0,1.25,96.25,2.5,0.0,0.0,0.0,100.0,0.0,3.75
E0592,2.941176470588235,85.29411764705883,11.76470588235294,0.0,0.0,0.0,33.33333333333333,66.66666666666666,0.0,0.0,54.90196078431372
E0593,0.0,9.67741935483871,85.48387096774194,4.838709677419355,0.0,0.0,0.0,100.0,0.0,0.0,14.516129032258066
E0594,86.15384615384616,6.153846153846154,1.5384615384615385,6.153846153846154,0.0,87.5,0.0,0.0,12.5,0.0,7.69230769230769
E0595,74.35897435897436,5.128205128205128,5.128205128205128,5.128205128205128,10.256410256410255,100.0,0.0,0.0,0.0,0.0,25.64102564102564
E0597,15.384615384615385,71.7948717948718,5.128205128205128,5.128205128205128,2.564102564102564,0.0,0.0,100.0,0.0,0.0,94.87179487179488
E0598,1.4492753623188406,92.7536231884058,2.898550724637681,2.898550724637681,0.0,0.0,100.0,0.0,0.0,0.0,7.246376811594203
E0599,90.9090909090909,0.0,0.0,0.0,9.090909090909092,100.0,0.0,0.0,0.0,0.0,9.090909090909093
E0600,10.144927536231885,68.11594202898551,10.144927536231885,7.246376811594203,4.3478260869565215,0.0,50.0,25.0,0.0,25.0,35.507246376811594
E0601,0.0,4.0,0.0,0.0,96.0,0.0,0.0,0.0,0.0,100.0,4.0
E0602,4.285714285714286,0.0,5.714285714285714,2.857142857142857,87.14285714285714,0.0,0.0,0.0,0.0,100.0,12.85714285714286
E0603,5.714285714285714,71.42857142857143,14.285714285714285,8.571428571428571,0.0,0.0,100.0,0.0,0.0,0.0,28.57142857142857
E0604,65.07936507936508,17.46031746031746,7.936507936507936,4.761904761904762,4.761904761904762,0.0,100.0,0.0,0.0,0.0,82.53968253968253
E0605,7.142857142857142,90.47619047619048,0.0,0.0,2.380952380952381,0.0,100.0,0.0,0.0,0.0,9.52380952380952
E0606,7.936507936507936,76.19047619047619,7.936507936507936,4.761904761904762,3.1746031746031744,33.33333333333333,66.66666666666666,0.0,0.0,0.0,25.3968253968254
E0607,2.857142857142857,82.85714285714286,8.571428571428571,2.857142857142857,2.857142857142857,0.0,0.0,0.0,0.0,100.0,97.14285714285714
E0609,2.7027027027027026,0.0,0.0,8.108108108108109,89.1891891891892,25.0,0.0,0.0,0.0,75.0,22.2972972972973
E0610,1.5625,1.5625,10.9375,82.8125,3.125,0.0,0.0,0.0,100.0,0.0,17.1875
E0613,0.0,66.66666666666666,16.666666666666664,16.666666666666664,0.0,0.0,0.0,100.0,0.0,0.0,83.33333333333333
E0614,3.278688524590164,3.278688524590164,83.60655737704919,4.918032786885246,4.918032786885246,0.0,0.0,83.33333333333334,0.0,16.666666666666664,11.748633879781417
E0615,2.083333333333333,0.0,97.91666666666666,0.0,0.0,0.0,0.0,100.0,0.0,0.0,2.083333333333338
E0616,88.09523809523809,2.380952380952381,7.142857142857142,0.0,2.380952380952381,100.0,0.0,0.0,0.0,0.0,11.904761904761909
E0617,1.1627906976744187,0.0,0.0,1.1627906976744187,97.67441860465115,0.0,0.0,0.0,0.0,100.0,2.325581395348843
E0618,2.380952380952381,4.761904761904762,2.380952380952381,88.09523809523809,2.380952380952381,0.0,0.0,0.0,100.0,0.0,11.904761904761909
E0619,6.451612903225806,87.09677419354838,6.451612903225806,0.0,0.0,0.0,100.0,0.0,0.0,0.0,12.903225806451616
E0620,2.380952380952381,4.761904761904762,2.380952380952381,78.57142857142857,11.904761904761903,0.0,50.0,0.0,50.0,0.0,45.238095238095234
E0621,1.36986301369863,0.0,0.0,97.26027397260275,1.36986301369863,0.0,0.0,0.0,100.0,0.0,2.739726027397257
E0622,0.0,9.375,3.125,18.75,68.75,0.0,0.0,33.33333333333333,33.33333333333333,33.33333333333333,44.791666666666664
E0623,0.0,0.0,0.0,100.0,0.0,0.0,0.0,0.0,100.0,0.0,0.0
E0624,6.666666666666667,0.0,13.333333333333334,80.0,0.0,100.0,0.0,0.0,0.0,0.0,93.33333333333333
E0625,0.0,10.0,90.0,0.0,0.0,0.0,0.0,100.0,0.0,0.0,10.0
E0626,0.0,0.0,0.0,1.4084507042253522,98.59154929577466,0.0,0.0,0.0,0.0,100.0,1.4084507042253485
E0627,88.88888888888889,8.333333333333332,2.7777777777777777,0.0,0.0,100.0,0.0,0.0,0.0,0.0,11.111111111111112
E0628,3.4482758620689653,87.93103448275862,3.4482758620689653,3.4482758620689653,1.7241379310344827,0.0,100.0,0.0,0.0,0.0,12.068965517241379
E0629,0.0,2.631578947368421,5.263157894736842,89.47368421052632,2.631578947368421,0.0,0.0,0.0,100.0,0.0,10.526315789473683
E0630,3.3333333333333335,90.0,3.3333333333333335,0.0,3.3333333333333335,0.0,100.0,0.0,0.0,0.0,10.0
E0632,2.564102564102564,92.3076923076923,5.128205128205128,0.0,0.0,0.0,100.0,0.0,0.0,0.0,7.6923076923076925
E0633,94.73684210526315,2.631578947368421,1.3157894736842104,1.3157894736842104,0.0,100.0,0.0,0.0,0.0,0.0,5.263157894736846
E0634,7.462686567164178,4.477611940298507,74.6268656716418,10.44776119402985,2.9850746268656714,0.0,0.0,85.71428571428571,14.285714285714285,0.0,14.925373134328352
E0635,0.0,0.0,5.128205128205128,92.3076923076923,2.564102564102564,0.0,0.0,0.0,100.0,0.0,7.6923076923076925
E0636,87.87878787878788,9.090909090909092,3.0303030303030303,0.0,0.0,100.0,0.0,0.0,0.0,0.0,12.121212121212125
E0637,10.0,90.0,0.0,0.0,0.0,0.0,100.0,0.0,0.0,0.0,10.0
E0638,0.0,0.0,2.631578947368421,94.73684210526315,2.631578947368421,0.0,0.0,0.0,100.0,0.0,5.263157894736846
E0639,4.25531914893617,4.25531914893617,82.97872340425532,4.25531914893617,4.25531914893617,0.0,0.0,66.66666666666666,33.33333333333333,0.0,29.078014184397162
E0640,2.5,5.0,15.0,67.5,10.0,0.0,0.0,33.33333333333333,66.66666666666666,0.0,18.333333333333336
E0641,89.47368421052632,5.263157894736842,1.7543859649122806,1.7543859649122806,1.7543859649122806,100.0,0.0,0.0,0.0,0.0,10.526315789473685
E0642,1.5625,4.6875,85.9375,6.25,1.5625,0.0,0.0,100.0,0.0,0.0,14.0625
E0643,3.225806451612903,90.32258064516128,6.451612903225806,0.0,0.0,0.0,100.0,0.0,0.0,0.0,9.677419354838715
E0644,0.0,5.714285714285714,91.42857142857143,0.0,2.857142857142857,0.0,0.0,100.0,0.0,0.0,8.571428571428571
E0645,3.125,9.375,79.6875,4.6875,3.125,0.0,25.0,75.0,0.0,0.0,15.625
E0646,1.7543859649122806,1.7543859649122806,5.263157894736842,5.263157894736842,85.96491228070175,0.0,0.0,11.11111111111111,0.0,88.88888888888889,8.771929824561402
E0647,2.941176470588235,2.941176470588235,88.23529411764706,2.941176470588235,2.941176470588235,14.285714285714285,0.0,85.71428571428571,0.0,0.0,11.344537815126053
E0649,0.0,2.857142857142857,2.857142857142857,94.28571428571428,0.0,0.0,0.0,0.0,100.0,0.0,5.714285714285719
E0650,2.272727272727273,93.18181818181817,4.545454545454546,0.0,0.0,0.0,100.0,0.0,0.0,0.0,6.818181818181824
E0652,4.25531914893617,0.0,0.0,89.36170212765957,6.382978723404255,0.0,0.0,0.0,100.0,0.0,10.638297872340427
E0653,83.56164383561644,6.8493150684931505,5.47945205479452,2.73972602739726,1.36986301369863,60.0,20.0,0.0,20.0,0.0,30.410958904109584
E0654,0.0,0.0,2.0,92.0,6.0,0.0,0.0,0.0,75.0,25.0,19.0
E0655,3.125,3.125,9.375,12.5,71.875,0.0,0.0,0.0,16.666666666666664,83.33333333333334,15.625000000000004
E0657,78.37837837837837,5.405405405405405,8.108108108108109,5.405405405405405,2.7027027027027026,100.0,0.0,0.0,0.0,0.0,21.621621621621625
E0659,11.76470588235294,73.52941176470588,5.88235294117647,2.941176470588235,5.88235294117647,33.33333333333333,50.0,16.666666666666664,0.0,0.0,32.35294117647058
E0660,0.0,6.0606060606060606,15.151515151515152,66.66666666666666,12.121212121212121,0.0,0.0,0.0,100.0,0.0,33.333333333333336
E0661,2.564102564102564,5.128205128205128,7.6923076923076925,76.92307692307693,7.6923076923076925,0.0,0.0,33.33333333333333,66.66666666666666,0.0,25.64102564102565
E0662,6.097560975609756,7.317073170731707,17.073170731707318,59.756097560975604,9.75609756097561,0.0,0.0,50.0,50.0,0.0,32.92682926829268
E0663,2.380952380952381,69.04761904761905,11.904761904761903,11.904761904761903,4.761904761904762,0.0,66.66666666666666,16.666666666666664,16.666666666666664,0.0,9.523809523809529
E0664,0.0,0.0,83.33333333333334,0.0,16.666666666666664,0.0,0.0,100.0,0.0,0.0,16.66666666666666
E0665,4.761904761904762,7.142857142857142,0.0,4.761904761904762,83.33333333333334,0.0,0.0,0.0,0.0,100.0,16.666666666666664
E0667,2.5,5.0,87.5,5.0,0.0,0.0,0.0,100.0,0.0,0.0,12.5
E0669,4.285714285714286,7.142857142857142,80.0,7.142857142857142,1.4285714285714286,0.0,0.0,100.0,0.0,0.0,20.0
E0670,83.78378378378379,6.756756756756757,6.756756756756757,1.3513513513513513,1.3513513513513513,83.33333333333334,0.0,0.0,0.0,16.666666666666664,15.315315315315313
E0671,1.36986301369863,1.36986301369863,5.47945205479452,87.67123287671232,4.10958904109589,0.0,0.0,0.0,100.0,0.0,12.328767123287674
E0672,94.02985074626866,1.4925373134328357,1.4925373134328357,1.4925373134328357,1.4925373134328357,100.0,0.0,0.0,0.0,0.0,5.970149253731339
E0673,1.8181818181818181,5.454545454545454,9.090909090909092,7.2727272727272725,76.36363636363637,0.0,0.0,16.666666666666664,0.0,83.33333333333334,14.545454545454543
E0674,0.0,0.0,6.0606060606060606,81.81818181818183,12.121212121212121,0.0,0.0,25.0,75.0,0.0,18.939393939393945
E0675,0.0,5.555555555555555,86.11111111111111,8.333333333333332,0.0,0.0,0.0,100.0,0.0,0.0,13.888888888888888
E0677,0.0,0.0,2.5,96.25,1.25,0.0,0.0,11.11111111111111,88.88888888888889,0.0,8.611111111111112
E0678,5.47945205479452,9.58904109589041,67.12328767123287,13.698630136986301,4.10958904109589,0.0,0.0,71.42857142857143,14.285714285714285,14.285714285714285,15.068493150684931
E0679,82.35294117647058,11.76470588235294,0.0,2.941176470588235,2.941176470588235,50.0,0.0,0.0,50.0,0.0,47.05882352941176
E0681,0.0,9.67741935483871,80.64516129032258,3.225806451612903,6.451612903225806,0.0,0.0,100.0,0.0,0.0,19.354838709677423
E0682,89.87341772151899,6.329113924050633,2.5316455696202533,1.2658227848101267,0.0,90.0,10.0,0.0,0.0,0.0,3.7974683544303787
E0683,3.571428571428571,3.571428571428571,0.0,3.571428571428571,89.28571428571429,0.0,33.33333333333333,0.0,0.0,66.66666666666666,29.761904761904766
E0684,0.0,2.857142857142857,0.0,5.714285714285714,91.42857142857143,0.0,0.0,0.0,0.0,100.0,8.57142857142857
E0685,0.0,3.125,3.125,0.0,93.75,0.0,0.0,0.0,0.0,100.0,6.25
E0686,0.0,0.0,0.0,4.3478260869565215,95.65217391304348,0.0,0.0,0.0,0.0,100.0,4.347826086956519
E0687,4.651162790697675,86.04651162790698,4.651162790697675,2.3255813953488373,2.3255813953488373,0.0,80.0,20.0,0.0,0.0,15.348837209302328
E0688,0.0,2.7777777777777777,5.555555555555555,86.11111111111111,5.555555555555555,0.0,0.0,0.0,100.0,0.0,13.888888888888886
E0689,1.36986301369863,2.73972602739726,0.0,89.04109589041096,6.8493150684931505,0.0,0.0,0.0,100.0,0.0,10.958904109589042
E0690,4.651162790697675,88.37209302325581,2.3255813953488373,4.651162790697675,0.0,0.0,100.0,0.0,0.0,0.0,11.627906976744187
E0691,13.513513513513514,0.0,67.56756756756756,8.108108108108109,10.81081081081081,0.0,0.0,66.66666666666666,33.33333333333333,0.0,25.225225225225223
E0692,7.4074074074074066,7.4074074074074066,77.77777777777779,7.4074074074074066,0.0,0.0,0.0,66.66666666666666,33.33333333333333,0.0,25.92592592592593
E0693,0.0,3.0303030303030303,3.0303030303030303,0.0,93.93939393939394,0.0,0.0,0.0,0.0,100.0,6.060606060606061
E0694,90.47619047619048,4.761904761904762,0.0,4.761904761904762,0.0,100.0,0.0,0.0,0.0,0.0,9.523809523809522
E0695,2.857142857142857,8.571428571428571,88.57142857142857,0.0,0.0,0.0,0.0,100.0,0.0,0.0,11.42857142857143
E0696,87.83783783783784,8.108108108108109,0.0,4.054054054054054,0.0,100.0,0.0,0.0,0.0,0.0,12.162162162162161
E0697,0.0,3.0303030303030303,6.0606060606060606,84.84848484848484,6.0606060606060606,0.0,0.0,0.0,100.0,0.0,15.151515151515152
E0698,84.48275862068965,6.896551724137931,3.4482758620689653,1.7241379310344827,3.4482758620689653,100.0,0.0,0.0,0.0,0.0,15.517241379310345
E0699,0.0,0.0,0.0,100.0,0.0,0.0,0.0,0.0,100.0,0.0,0.0
E0700,0.0,97.05882352941177,1.4705882352941175,1.4705882352941175,0.0,0.0,100.0,0.0,0.0,0.0,2.9411764705882337
E0701,10.416666666666668,77.08333333333334,8.333333333333332,4.166666666666666,0.0,0.0,80.0,20.0,0.0,0.0,14.583333333333329
E0702,0.0,0.0,2.7777777777777777,8.333333333333332,88.88888888888889,0.0,0.0,0.0,0.0,100.0,11.111111111111112
E0703,3.225806451612903,3.225806451612903,80.64516129032258,12.903225806451612,0.0,0.0,0.0,50.0,50.0,0.0,37.096774193548384
E0704,4.878048780487805,2.4390243902439024,4.878048780487805,17.073170731707318,70.73170731707317,0.0,0.0,0.0,33.33333333333333,66.66666666666666,16.26016260162602
E0705,9.090909090909092,0.0,0.0,72.72727272727273,18.181818181818183,0.0,0.0,0.0,100.0,0.0,27.272727272727273
E0706,0.0,0.0,2.3255813953488373,2.3255813953488373,95.34883720930233,0.0,0.0,0.0,25.0,75.0,22.674418604651166
E0707,82.85714285714286,11.428571428571429,2.857142857142857,2.857142857142857,0.0,100.0,0.0,0.0,0.0,0.0,17.142857142857142
E0708,0.0,1.8518518518518516,0.0,94.44444444444444,3.7037037037037033,0.0,0.0,0.0,100.0,0.0,5.555555555555555
E0709,1.639344262295082,88.52459016393442,3.278688524590164,1.639344262295082,4.918032786885246,0.0,100.0,0.0,0.0,0.0,11.475409836065579
E0710,6.451612903225806,3.225806451612903,87.09677419354838,0.0,3.225806451612903,0.0,0.0,100.0,0.0,0.0,12.903225806451614
E0711,0.0,12.195121951219512,2.4390243902439024,75.60975609756098,9.75609756097561,0.0,25.0,0.0,75.0,0.0,12.804878048780488
E0713,94.0,2.0,2.0,0.0,2.0,60.0,20.0,20.0,0.0,0.0,36.0
E0714,0.0,0.0,95.65217391304348,0.0,4.3478260869565215,0.0,0.0,100.0,0.0,0.0,4.347826086956519
E0715,5.0,72.5,10.0,10.0,2.5,0.0,50.0,25.0,0.0,25.0,37.5
E0717,10.81081081081081,5.405405405405405,8.108108108108109,62.16216216216216,13.513513513513514,50.0,0.0,0.0,50.0,0.0,39.18918918918919
E0718,91.30434782608695,0.0,4.3478260869565215,4.3478260869565215,0.0,100.0,0.0,0.0,0.0,0.0,8.695652173913045
E0719,5.128205128205128,0.0,2.564102564102564,5.128205128205128,87.17948717948718,0.0,0.0,0.0,0.0,100.0,12.820512820512818
E0720,3.4482758620689653,89.65517241379311,6.896551724137931,0.0,0.0,0.0,100.0,0.0,0.0,0.0,10.344827586206893
E0721,3.1746031746031744,3.1746031746031744,92.06349206349206,1.5873015873015872,0.0,0.0,0.0,100.0,0.0,0.0,7.936507936507936
E0722,1.36986301369863,2.73972602739726,4.10958904109589,87.67123287671232,4.10958904109589,0.0,0.0,0.0,100.0,0.0,12.328767123287674
E0723,5.128205128205128,2.564102564102564,5.128205128205128,84.61538461538461,2.564102564102564,14.285714285714285,0.0,0.0,85.71428571428571,0.0,10.256410256410252
E0724,0.0,92.6829268292683,7.317073170731707,0.0,0.0,0.0,100.0,0.0,0.0,0.0,7.317073170731705
E0725,0.0,0.0,0.0,0.0,100.0,0.0,0.0,0.0,0.0,100.0,0.0
E0726,2.9850746268656714,0.0,5.970149253731343,86.56716417910447,4.477611940298507,12.5,0.0,12.5,75.0,0.0,16.04477611940298
E0727,0.0,95.52238805970148,2.9850746268656714,1.4925373134328357,0.0,0.0,100.0,0.0,0.0,0.0,4.4776119402985115
E0728,86.48648648648648,2.7027027027027026,2.7027027027027026,2.7027027027027026,5.405405405405405,100.0,0.0,0.0,0.0,0.0,13.513513513513512
E0729,0.0,0.0,0.0,0.0,100.0,0.0,0.0,0.0,0.0,100.0,0.0
E0730,0.0,2.7027027027027026,94.5945945945946,2.7027027027027026,0.0,0.0,0.0,100.0,0.0,0.0,5.4054054054054035
E0731,2.380952380952381,0.0,2.380952380952381,95.23809523809523,0.0,0.0,0.0,0.0,100.0,0.0,4.761904761904768
E0732,0.0,100.0,0.0,0.0,0.0,0.0,100.0,0.0,0.0,0.0,0.0
E0733,83.33333333333334,0.0,16.666666666666664,0.0,0.0,100.0,0.0,0.0,0.0,0.0,16.66666666666666
E0734,6.172839506172839,9.876543209876543,67.90123456790124,8.641975308641975,7.4074074074074066,0.0,20.0,60.0,10.0,10.0,14.07407407407408
E0735,9.523809523809524,77.77777777777779,6.349206349206349,4.761904761904762,1.5873015873015872,0.0,66.66666666666666,33.33333333333333,0.0,0.0,26.98412698412699
E0736,2.4390243902439024,75.60975609756098,12.195121951219512,0.0,9.75609756097561,0.0,100.0,0.0,0.0,0.0,24.390243902439025
E0737,8.955223880597014,7.462686567164178,68.65671641791045,8.955223880597014,5.970149253731343,0.0,0.0,83.33333333333334,16.666666666666664,0.0,22.38805970149254
E0738,89.65517241379311,10.344827586206897,0.0,0.0,0.0,50.0,50.0,0.0,0.0,0.0,39.65517241379311
E0740,0.0,0.0,2.5,2.5,95.0,0.0,0.0,50.0,0.0,50.0,47.5
E0741,2.857142857142857,1.4285714285714286,2.857142857142857,87.14285714285714,5.714285714285714,0.0,0.0,0.0,100.0,0.0,12.85714285714286
E0742,0.0,0.0,100.0,0.0,0.0,0.0,0.0,100.0,0.0,0.0,0.0
E0743,1.4925373134328357,5.970149253731343,79.1044776119403,7.462686567164178,5.970149253731343,0.0,0.0,100.0,0.0,0.0,20.8955223880597
E0744,0.0,3.7037037037037033,85.18518518518519,11.11111111111111,0.0,0.0,0.0,75.0,25.0,0.0,13.888888888888891
E0745,89.65517241379311,6.896551724137931,1.7241379310344827,0.0,1.7241379310344827,100.0,0.0,0.0,0.0,0.0,10.344827586206893
E0746,2.941176470588235,2.941176470588235,2.941176470588235,82.35294117647058,8.823529411764707,0.0,0.0,0.0,100.0,0.0,17.647058823529413
E0747,3.8461538461538463,0.0,11.538461538461538,19.230769230769234,65.38461538461539,0.0,0.0,0.0,0.0,100.0,34.61538461538461
E0748,7.894736842105263,71.05263157894737,7.894736842105263,5.263157894736842,7.894736842105263,0.0,100.0,0.0,0.0,0.0,28.947368421052627
E0749,4.761904761904762,92.85714285714286,0.0,2.380952380952381,0.0,0.0,100.0,0.0,0.0,0.0,7.1428571428571415
E0750,6.666666666666667,6.666666666666667,73.33333333333333,6.666666666666667,6.666666666666667,25.0,0.0,75.0,0.0,0.0,20.0
E0751,0.0,3.0303030303030303,3.0303030303030303,81.81818181818183,12.121212121212121,0.0,0.0,25.0,75.0,0.0,21.969696969696976
E0753,4.878048780487805,2.4390243902439024,2.4390243902439024,85.36585365853658,4.878048780487805,0.0,0.0,0.0,100.0,0.0,14.634146341463419
E0754,2.631578947368421,2.631578947368421,5.263157894736842,76.31578947368422,13.157894736842104,0.0,0.0,0.0,100.0,0.0,23.684210526315784
E0755,75.36231884057972,18.84057971014493,1.4492753623188406,1.4492753623188406,2.898550724637681,85.71428571428571,14.285714285714285,0.0,0.0,0.0,10.351966873705997
E0756,1.5151515151515151,4.545454545454546,92.42424242424242,0.0,1.5151515151515151,0.0,0.0,100.0,0.0,0.0,7.575757575757577
E0757,5.128205128205128,5.128205128205128,7.6923076923076925,74.35897435897436,7.6923076923076925,0.0,0.0,0.0,100.0,0.0,25.64102564102564
E0758,0.0,100.0,0.0,0.0,0.0,0.0,100.0,0.0,0.0,0.0,0.0
E0759,87.6923076923077,6.153846153846154,3.076923076923077,3.076923076923077,0.0,83.33333333333334,0.0,0.0,16.666666666666664,0.0,13.589743589743584
E0760,0.0,0.0,0.0,3.0303030303030303,96.96969696969697,0.0,0.0,0.0,0.0,100.0,3.0303030303030307
E0763,5.714285714285714,2.857142857142857,11.428571428571429,4.285714285714286,75.71428571428571,16.666666666666664,16.666666666666664,16.666666666666664,0.0,50.0,29.999999999999993
E0764,0.0,2.857142857142857,0.0,2.857142857142857,94.28571428571428,0.0,0.0,0.0,0.0,100.0,5.714285714285719
E0765,2.272727272727273,4.545454545454546,2.272727272727273,89.77272727272727,1.1363636363636365,0.0,0.0,0.0,100.0,0.0,10.227272727272732
E0766,0.0,0.0,0.0,97.5609756097561,2.4390243902439024,0.0,0.0,0.0,100.0,0.0,2.439024390243902
E0767,0.0,3.225806451612903,0.0,90.32258064516128,6.451612903225806,0.0,0.0,0.0,100.0,0.0,9.677419354838715
E0768,80.0,5.714285714285714,5.714285714285714,5.714285714285714,2.857142857142857,85.71428571428571,0.0,0.0,14.285714285714285,0.0,14.285714285714283
E0769,97.2972972972973,0.0,0.0,0.0,2.7027027027027026,100.0,0.0,0.0,0.0,0.0,2.7027027027026986
E0771,0.0,1.8518518518518516,3.7037037037037033,92.5925925925926,1.8518518518518516,0.0,0.0,14.285714285714285,85.71428571428571,0.0,10.582010582010586
E0772,1.6129032258064515,0.0,1.6129032258064515,3.225806451612903,93.54838709677419,0.0,0.0,0.0,0.0,100.0,6.451612903225807
E0775,91.30434782608695,4.3478260869565215,2.1739130434782608,2.1739130434782608,0.0,50.0,0.0,50.0,0.0,0.0,47.82608695652174
E0777,0.0,0.0,100.0,0.0,0.0,0.0,0.0,100.0,0.0,0.0,0.0
E0779,4.444444444444445,2.2222222222222223,86.66666666666667,6.666666666666667,0.0,16.666666666666664,0.0,66.66666666666666,16.666666666666664,0.0,22.22222222222223
E0780,9.523809523809524,85.71428571428571,4.761904761904762,0.0,0.0,20.0,80.0,0.0,0.0,0.0,10.476190476190473
E0781,0.0,1.6129032258064515,0.0,93.54838709677419,4.838709677419355,0.0,0.0,0.0,100.0,0.0,6.451612903225808
E0782,0.0,6.896551724137931,0.0,0.0,93.10344827586206,0.0,0.0,0.0,0.0,100.0,6.896551724137933
E0783,0.0,0.0,100.0,0.0,0.0,0.0,0.0,100.0,0.0,0.0,0.0
E0785,0.0,2.380952380952381,95.23809523809523,0.0,2.380952380952381,0.0,0.0,100.0,0.0,0.0,4.761904761904768
E0786,0.0,0.0,5.0,92.5,2.5,0.0,0.0,0.0,80.0,20.0,17.5
E0787,79.48717948717949,12.82051282051282,2.564102564102564,2.564102564102564,2.564102564102564,75.0,25.0,0.0,0.0,0.0,12.179487179487179
E0788,100.0,0.0,0.0,0.0,0.0,100.0,0.0,0.0,0.0,0.0,0.0
E0789,5.405405405405405,86.48648648648648,5.405405405405405,2.7027027027027026,0.0,0.0,100.0,0.0,0.0,0.0,13.513513513513512
E0790,74.28571428571429,11.428571428571429,8.571428571428571,2.857142857142857,2.857142857142857,100.0,0.0,0.0,0.0,0.0,25.714285714285708
E0791,1.5151515151515151,4.545454545454546,80.3030303030303,13.636363636363635,0.0,0.0,0.0,100.0,0.0,0.0,19.6969696969697
E0792,0.0,3.0303030303030303,96.96969696969697,0.0,0.0,0.0,0.0,100.0,0.0,0.0,3.0303030303030307
E0793,0.0,3.125,90.625,3.125,3.125,0.0,33.33333333333333,66.66666666666666,0.0,0.0,30.208333333333336
E0794,7.228915662650602,86.74698795180723,2.4096385542168677,2.4096385542168677,1.2048192771084338,0.0,100.0,0.0,0.0,0.0,13.253012048192772
E0796,90.0,5.0,5.0,0.0,0.0,100.0,0.0,0.0,0.0,0.0,10.0
E0797,2.4390243902439024,2.4390243902439024,2.4390243902439024,80.48780487804879,12.195121951219512,33.33333333333333,0.0,0.0,66.66666666666666,0.0,30.894308943089438
E0799,0.0,9.090909090909092,0.0,12.121212121212121,78.78787878787878,0.0,20.0,0.0,0.0,80.0,12.121212121212125
E0801,2.7027027027027026,0.0,97.2972972972973,0.0,0.0,0.0,0.0,100.0,0.0,0.0,2.7027027027026986
E0804,0.0,2.941176470588235,2.941176470588235,85.29411764705883,8.823529411764707,0.0,0.0,0.0,100.0,0.0,14.705882352941176
E0805,0.0,0.0,92.6829268292683,7.317073170731707,0.0,0.0,0.0,100.0,0.0,0.0,7.317073170731705
E0806,0.0,5.0,17.5,72.5,5.0,0.0,33.33333333333333,66.66666666666666,0.0,0.0,77.5
E0807,3.0303030303030303,6.0606060606060606,0.0,6.0606060606060606,84.84848484848484,0.0,0.0,0.0,0.0,100.0,15.151515151515152
E0808,0.0,0.0,3.571428571428571,0.0,96.42857142857143,0.0,0.0,0.0,0.0,100.0,3.5714285714285703
E0809,6.896551724137931,0.0,17.24137931034483,68.96551724137932,6.896551724137931,0.0,0.0,0.0,66.66666666666666,33.33333333333333,26.43678160919541
E0811,90.47619047619048,2.380952380952381,4.761904761904762,2.380952380952381,0.0,100.0,0.0,0.0,0.0,0.0,9.52380952380952
E0812,93.93939393939394,1.5151515151515151,1.5151515151515151,1.5151515151515151,1.5151515151515151,80.0,0.0,0.0,0.0,20.0,18.484848484848484
E0813,2.380952380952381,0.0,2.380952380952381,90.47619047619048,4.761904761904762,0.0,0.0,0.0,100.0,0.0,9.523809523809522
E0814,91.22807017543859,3.508771929824561,3.508771929824561,0.0,1.7543859649122806,100.0,0.0,0.0,0.0,0.0,8.771929824561408
E0815,9.67741935483871,3.225806451612903,83.87096774193549,3.225806451612903,0.0,0.0,0.0,100.0,0.0,0.0,16.129032258064512
E0816,0.0,0.0,0.0,11.11111111111111,88.88888888888889,0.0,0.0,0.0,100.0,0.0,88.88888888888889
E0817,3.7037037037037033,22.22222222222222,70.37037037037037,3.7037037037037033,0.0,0.0,75.0,25.0,0.0,0.0,52.77777777777778
E0818,93.75,0.0,0.0,3.125,3.125,100.0,0.0,0.0,0.0,0.0,6.25
E0819,2.380952380952381,2.380952380952381,95.23809523809523,0.0,0.0,0.0,0.0,100.0,0.0,0.0,4.761904761904768
E0820,92.3076923076923,0.0,5.128205128205128,0.0,2.564102564102564,66.66666666666666,0.0,33.33333333333333,0.0,0.0,28.205128205128208
E0821,0.0,0.0,3.571428571428571,82.14285714285714,14.285714285714285,0.0,0.0,0.0,100.0,0.0,17.857142857142858
E0822,0.0,0.0,97.2972972972973,0.0,2.7027027027027026,0.0,0.0,100.0,0.0,0.0,2.7027027027026986
E0823,4.166666666666666,2.7777777777777777,5.555555555555555,80.55555555555556,6.944444444444445,0.0,0.0,25.0,50.0,25.0,37.5
E0824,2.941176470588235,0.0,2.941176470588235,91.17647058823529,2.941176470588235,0.0,0.0,50.0,50.0,0.0,47.05882352941176
E0825,0.0,94.44444444444444,5.555555555555555,0.0,0.0,0.0,100.0,0.0,0.0,0.0,5.555555555555556
E0826,83.54430379746836,6.329113924050633,2.5316455696202533,1.2658227848101267,6.329113924050633,50.0,25.0,0.0,25.0,0.0,42.40506329113924
E0827,2.898550724637681,4.3478260869565215,7.246376811594203,17.391304347826086,68.11594202898551,0.0,0.0,25.0,25.0,50.0,25.362318840579714
E0828,82.05128205128204,10.256410256410255,2.564102564102564,5.128205128205128,0.0,80.0,20.0,0.0,0.0,0.0,9.743589743589741
E0829,2.5,0.0,5.0,5.0,87.5,0.0,0.0,0.0,0.0,100.0,12.5
E0830,86.0,6.0,4.0,2.0,2.0,100.0,0.0,0.0,0.0,0.0,14.0
E0831,0.0,0.0,8.928571428571429,76.78571428571429,14.285714285714285,0.0,0.0,20.0,60.0,20.0,16.78571428571429
E0832,1.8867924528301887,0.0,94.33962264150944,1.8867924528301887,1.8867924528301887,0.0,0.0,100.0,0.0,0.0,5.660377358490566
E0833,2.1739130434782608,2.1739130434782608,91.30434782608695,2.1739130434782608,2.1739130434782608,0.0,0.0,100.0,0.0,0.0,8.695652173913045
E0834,0.0,98.46153846153847,1.5384615384615385,0.0,0.0,0.0,100.0,0.0,0.0,0.0,1.5384615384615357
E0835,2.7777777777777777,1.3888888888888888,4.166666666666666,11.11111111111111,80.55555555555556,0.0,0.0,14.285714285714285,0.0,85.71428571428571,15.277777777777773
E0836,0.0,2.631578947368421,10.526315789473683,7.894736842105263,78.94736842105263,0.0,0.0,100.0,0.0,0.0,89.47368421052632
E0838,0.0,3.125,3.125,90.625,3.125,0.0,0.0,0.0,100.0,0.0,9.375
E0839,2.7027027027027026,0.0,2.7027027027027026,8.108108108108109,86.48648648648648,0.0,0.0,0.0,0.0,100.0,13.513513513513516
E0841,2.857142857142857,8.571428571428571,14.285714285714285,62.857142857142854,11.428571428571429,0.0,0.0,33.33333333333333,33.33333333333333,33.33333333333333,40.95238095238095
E0842,76.92307692307693,17.94871794871795,0.0,5.128205128205128,0.0,50.0,50.0,0.0,0.0,0.0,32.05128205128206
E0843,0.0,16.666666666666664,0.0,0.0,83.33333333333334,0.0,0.0,0.0,0.0,100.0,16.66666666666666
E0844,0.0,0.0,0.0,0.0,100.0,0.0,0.0,0.0,0.0,100.0,0.0
E0845,86.66666666666667,6.666666666666667,0.0,2.2222222222222223,4.444444444444445,0.0,50.0,0.0,0.0,50.0,88.88888888888889
E0846,4.0,0.0,8.0,12.0,76.0,0.0,0.0,0.0,0.0,100.0,24.0
E0847,100.0,0.0,0.0,0.0,0.0,100.0,0.0,0.0,0.0,0.0,0.0
E0848,0.0,0.0,0.0,96.96969696969697,3.0303030303030303,0.0,0.0,0.0,100.0,0.0,3.0303030303030307
E0850,85.29411764705883,11.76470588235294,0.0,2.941176470588235,0.0,75.0,25.0,0.0,0.0,0.0,13.23529411764706
E0851,0.0,97.36842105263158,0.0,2.631578947368421,0.0,0.0,100.0,0.0,0.0,0.0,2.631578947368423
E0854,8.333333333333332,0.0,2.7777777777777777,86.11111111111111,2.7777777777777777,0.0,0.0,0.0,100.0,0.0,13.888888888888888
E0856,76.11940298507463,7.462686567164178,10.44776119402985,5.970149253731343,0.0,100.0,0.0,0.0,0.0,0.0,23.88059701492537
E0858,21.052631578947366,68.42105263157895,5.263157894736842,2.631578947368421,2.631578947368421,20.0,60.0,20.0,0.0,0.0,14.736842105263156
E0859,5.263157894736842,5.263157894736842,15.789473684210526,68.42105263157895,5.263157894736842,0.0,0.0,25.0,75.0,0.0,15.789473684210527
E0860,7.894736842105263,2.631578947368421,2.631578947368421,0.0,86.8421052631579,12.5,12.5,0.0,0.0,75.0,14.47368421052632
E0861,1.3333333333333335,5.333333333333334,1.3333333333333335,5.333333333333334,86.66666666666667,0.0,0.0,20.0,0.0,80.0,18.66666666666667
E0862,5.88235294117647,5.88235294117647,76.47058823529412,11.76470588235294,0.0,0.0,0.0,100.0,0.0,0.0,23.529411764705884
E0863,0.0,0.0,0.0,100.0,0.0,0.0,0.0,0.0,100.0,0.0,0.0
E0864,88.57142857142857,8.571428571428571,0.0,2.857142857142857,0.0,100.0,0.0,0.0,0.0,0.0,11.428571428571429
E0865,9.722222222222223,6.944444444444445,4.166666666666666,11.11111111111111,68.05555555555556,0.0,0.0,12.5,0.0,87.5,27.77777777777778
E0866,0.0,11.428571428571429,80.0,2.857142857142857,5.714285714285714,0.0,0.0,66.66666666666666,33.33333333333333,0.0,30.476190476190478
E0867,0.0,0.0,1.4705882352941175,95.58823529411765,2.941176470588235,0.0,0.0,0.0,100.0,0.0,4.411764705882351
E0869,0.0,0.0,0.0,95.65217391304348,4.3478260869565215,0.0,0.0,0.0,100.0,0.0,4.347826086956519
E0870,2.380952380952381,4.761904761904762,3.571428571428571,77.38095238095238,11.904761904761903,0.0,0.0,0.0,50.0,50.0,38.095238095238095
E0871,0.0,2.857142857142857,0.0,94.28571428571428,2.857142857142857,0.0,0.0,0.0,100.0,0.0,5.714285714285719
E0872,0.0,10.0,0.0,20.0,70.0,0.0,0.0,0.0,50.0,50.0,30.0
E0873,0.0,2.5,90.0,2.5,5.0,0.0,0.0,100.0,0.0,0.0,10.0
E0874,1.5873015873015872,0.0,3.1746031746031744,92.06349206349206,3.1746031746031744,0.0,0.0,0.0,100.0,0.0,7.936507936507937
E0875,1.4705882352941175,92.64705882352942,4.411764705882353,1.4705882352941175,0.0,0.0,100.0,0.0,0.0,0.0,7.352941176470584
E0876,0.0,100.0,0.0,0.0,0.0,0.0,100.0,0.0,0.0,0.0,0.0
E0877,0.0,8.51063829787234,82.97872340425532,6.382978723404255,2.127659574468085,0.0,14.285714285714285,71.42857142857143,0.0,14.285714285714285,17.933130699088146
E0878,100.0,0.0,0.0,0.0,0.0,100.0,0.0,0.0,0.0,0.0,0.0
E0879,97.10144927536231,1.4492753623188406,1.4492753623188406,0.0,0.0,100.0,0.0,0.0,0.0,0.0,2.8985507246376843
E0881,10.526315789473683,68.42105263157895,7.894736842105263,10.526315789473683,2.631578947368421,25.0,50.0,25.0,0.0,0.0,31.57894736842105
E0882,82.05128205128204,2.564102564102564,5.128205128205128,7.6923076923076925,2.564102564102564,100.0,0.0,0.0,0.0,0.0,17.94871794871795
E0884,1.5384615384615385,3.076923076923077,4.615384615384616,89.23076923076924,1.5384615384615385,0.0,0.0,0.0,100.0,0.0,10.769230769230766
E0885,4.411764705882353,85.29411764705883,5.88235294117647,0.0,4.411764705882353,0.0,60.0,40.0,0.0,0.0,34.11764705882353
E0886,2.5,7.5,72.5,10.0,7.5,0.0,0.0,83.33333333333334,16.666666666666664,0.0,17.500000000000004
E0887,1.5873015873015872,0.0,90.47619047619048,6.349206349206349,1.5873015873015872,0.0,0.0,100.0,0.0,0.0,9.523809523809522
E0888,0.0,0.0,2.857142857142857,97.14285714285714,0.0,0.0,0.0,0.0,100.0,0.0,2.8571428571428594
E0889,9.859154929577464,70.4225352112676,12.676056338028168,4.225352112676056,2.8169014084507045,0.0,83.33333333333334,0.0,0.0,16.666666666666664,26.760563380281695
E0890,92.5,5.0,0.0,0.0,2.5,100.0,0.0,0.0,0.0,0.0,7.5
E0891,70.76923076923077,12.307692307692308,7.6923076923076925,4.615384615384616,4.615384615384616,62.5,37.5,0.0,0.0,0.0,25.192307692307693
E0893,4.761904761904762,4.761904761904762,4.761904761904762,0.0,85.71428571428571,0.0,0.0,0.0,0.0,100.0,14.285714285714288
E0895,3.4482758620689653,17.24137931034483,72.41379310344827,3.4482758620689653,3.4482758620689653,20.0,20.0,40.0,0.0,20.0,35.86206896551724
E0897,1.36986301369863,1.36986301369863,4.10958904109589,1.36986301369863,91.78082191780823,0.0,0.0,0.0,0.0,100.0,8.219178082191778
E0898,3.508771929824561,0.0,7.017543859649122,78.94736842105263,10.526315789473683,0.0,0.0,0.0,80.0,20.0,10.526315789473685
E0899,90.2439024390244,1.2195121951219512,2.4390243902439024,1.2195121951219512,4.878048780487805,85.71428571428571,0.0,0.0,0.0,14.285714285714285,9.407665505226486
E0902,57.14285714285714,22.857142857142858,2.857142857142857,8.571428571428571,8.571428571428571,0.0,0.0,100.0,0.0,0.0,97.14285714285715
E0903,88.05970149253731,4.477611940298507,4.477611940298507,1.4925373134328357,1.4925373134328357,87.5,12.5,0.0,0.0,0.0,8.022388059701493
E0904,0.0,9.45945945945946,77.02702702702703,9.45945945945946,4.054054054054054,0.0,25.0,50.0,0.0,25.0,36.486486486486484
E0905,1.7241379310344827,0.0,6.896551724137931,89.65517241379311,1.7241379310344827,0.0,0.0,0.0,100.0,0.0,10.344827586206893
E0906,0.0,0.0,1.4285714285714286,94.28571428571428,4.285714285714286,0.0,0.0,0.0,85.71428571428571,14.285714285714285,10.0
E0907,94.11764705882352,2.941176470588235,0.0,0.0,2.941176470588235,100.0,0.0,0.0,0.0,0.0,5.882352941176475
E0908,5.405405405405405,93.24324324324324,1.3513513513513513,0.0,0.0,0.0,100.0,0.0,0.0,0.0,6.756756756756757
E0909,0.0,0.0,0.0,2.941176470588235,97.05882352941177,0.0,0.0,0.0,0.0,100.0,2.9411764705882337
E0910,0.0,0.0,0.0,0.0,100.0,0.0,0.0,0.0,0.0,100.0,0.0
E0911,95.23809523809523,2.380952380952381,2.380952380952381,0.0,0.0,100.0,0.0,0.0,0.0,0.0,4.761904761904768
E0912,0.0,85.71428571428571,5.714285714285714,2.857142857142857,5.714285714285714,0.0,75.0,0.0,0.0,25.0,19.285714285714285
E0913,2.857142857142857,14.285714285714285,77.14285714285715,2.857142857142857,2.857142857142857,14.285714285714285,14.285714285714285,71.42857142857143,0.0,0.0,11.428571428571432
E0914,85.29411764705883,8.823529411764707,2.941176470588235,2.941176470588235,0.0,100.0,0.0,0.0,0.0,0.0,14.705882352941176
E0917,92.6829268292683,2.4390243902439024,2.4390243902439024,2.4390243902439024,0.0,100.0,0.0,0.0,0.0,0.0,7.317073170731706
E0918,94.11764705882352,2.941176470588235,0.0,0.0,2.941176470588235,100.0,0.0,0.0,0.0,0.0,5.882352941176475
E0919,92.5,2.5,2.5,0.0,2.5,100.0,0.0,0.0,0.0,0.0,7.5
E0920,0.0,5.88235294117647,2.941176470588235,2.941176470588235,88.23529411764706,0.0,0.0,0.0,0.0,100.0,11.764705882352942
E0921,5.660377358490567,5.660377358490567,83.01886792452831,3.7735849056603774,1.8867924528301887,33.33333333333333,0.0,66.66666666666666,0.0,0.0,27.672955974842772
E0922,1.4705882352941175,11.76470588235294,80.88235294117648,4.411764705882353,1.4705882352941175,0.0,14.285714285714285,85.71428571428571,0.0,0.0,7.352941176470582
E0923,85.9375,7.8125,4.6875,0.0,1.5625,50.0,50.0,0.0,0.0,0.0,42.1875
E0924,0.0,0.0,0.0,1.4285714285714286,98.57142857142858,0.0,0.0,0.0,0.0,100.0,1.4285714285714226
E0925,0.0,10.526315789473683,89.47368421052632,0.0,0.0,0.0,0.0,100.0,0.0,0.0,10.526315789473685
E0926,0.0,0.0,97.2972972972973,0.0,2.7027027027027026,0.0,0.0,100.0,0.0,0.0,2.7027027027026986
E0927,16.666666666666664,0.0,50.0,0.0,33.33333333333333,0.0,0.0,0.0,0.0,100.0,66.66666666666666
E0928,2.7027027027027026,0.0,13.513513513513514,5.405405405405405,78.37837837837837,0.0,0.0,50.0,0.0,50.0,36.486486486486484
E0929,3.225806451612903,3.225806451612903,3.225806451612903,3.225806451612903,87.09677419354838,50.0,0.0,0.0,0.0,50.0,46.774193548387096
E0930,91.8918918918919,2.7027027027027026,0.0,2.7027027027027026,2.7027027027027026,100.0,0.0,0.0,0.0,0.0,8.108108108108102
E0931,3.8461538461538463,0.0,0.0,96.15384615384616,0.0,0.0,0.0,0.0,100.0,0.0,3.846153846153843
E0932,0.0,2.2222222222222223,91.11111111111111,4.444444444444445,2.2222222222222223,0.0,0.0,87.5,12.5,0.0,8.055555555555557
E0933,2.5,0.0,5.0,87.5,5.0,0.0,0.0,0.0,100.0,0.0,12.5
E0934,0.0,2.857142857142857,0.0,11.428571428571429,85.71428571428571,0.0,0.0,0.0,0.0,100.0,14.285714285714288
E0935,2.380952380952381,2.380952380952381,7.142857142857142,2.380952380952381,85.71428571428571,0.0,0.0,0.0,0.0,100.0,14.285714285714288
E0936,1.4084507042253522,1.4084507042253522,4.225352112676056,8.450704225352112,84.50704225352112,10.0,0.0,0.0,20.0,70.0,20.140845070422532
E0937,3.75,5.0,3.75,82.5,5.0,14.285714285714285,0.0,0.0,85.71428571428571,0.0,13.749999999999996
E0938,1.2345679012345678,3.7037037037037033,7.4074074074074066,6.172839506172839,81.48148148148148,20.0,0.0,0.0,0.0,80.0,18.765432098765434
E0939,76.47058823529412,13.23529411764706,4.411764705882353,2.941176470588235,2.941176470588235,100.0,0.0,0.0,0.0,0.0,23.52941176470588
E0941,13.88888888888889,80.55555555555556,5.555555555555555,0.0,0.0,0.0,50.0,50.0,0.0,0.0,44.44444444444444
E0942,0.0,5.263157894736842,2.631578947368421,86.8421052631579,5.263157894736842,0.0,0.0,0.0,100.0,0.0,13.157894736842099
E0943,2.941176470588235,85.29411764705883,5.88235294117647,2.941176470588235,2.941176470588235,0.0,100.0,0.0,0.0,0.0,14.705882352941176
E0944,0.0,0.0,0.0,1.8181818181818181,98.18181818181819,0.0,0.0,0.0,0.0,100.0,1.8181818181818157
E0945,100.0,0.0,0.0,0.0,0.0,100.0,0.0,0.0,0.0,0.0,0.0
E0946,0.0,3.3333333333333335,96.66666666666667,0.0,0.0,0.0,0.0,100.0,0.0,0.0,3.3333333333333313
E0948,76.31578947368422,13.157894736842104,5.263157894736842,2.631578947368421,2.631578947368421,50.0,50.0,0.0,0.0,0.0,36.842105263157904
E0950,4.761904761904762,88.09523809523809,2.380952380952381,4.761904761904762,0.0,25.0,75.0,0.0,0.0,0.0,20.238095238095234
E0951,5.405405405405405,81.08108108108108,8.108108108108109,2.7027027027027026,2.7027027027027026,0.0,100.0,0.0,0.0,0.0,18.91891891891892
E0952,2.7777777777777777,91.66666666666666,2.7777777777777777,0.0,2.7777777777777777,0.0,50.0,50.0,0.0,0.0,47.222222222222214
E0953,4.444444444444445,0.0,4.444444444444445,88.88888888888889,2.2222222222222223,0.0,0.0,0.0,100.0,0.0,11.111111111111112
E0954,87.87878787878788,9.090909090909092,0.0,3.0303030303030303,0.0,33.33333333333333,66.66666666666666,0.0,0.0,0.0,57.57575757575757
E0955,0.0,10.526315789473683,10.526315789473683,76.31578947368422,2.631578947368421,0.0,0.0,0.0,100.0,0.0,23.684210526315784
E0956,10.0,88.33333333333333,0.0,0.0,1.6666666666666667,33.33333333333333,66.66666666666666,0.0,0.0,0.0,23.333333333333332
E0957,8.108108108108109,0.0,5.405405405405405,8.108108108108109,78.37837837837837,0.0,0.0,25.0,0.0,75.0,19.594594594594593
E0958,6.0606060606060606,0.0,90.9090909090909,0.0,3.0303030303030303,0.0,0.0,100.0,0.0,0.0,9.090909090909092
E0959,2.197802197802198,0.0,6.593406593406594,85.71428571428571,5.4945054945054945,0.0,0.0,10.0,90.0,0.0,7.692307692307695
E0960,0.0,8.771929824561402,3.508771929824561,80.7017543859649,7.017543859649122,0.0,0.0,0.0,100.0,0.0,19.298245614035093
E0961,85.36585365853658,4.878048780487805,4.878048780487805,2.4390243902439024,2.4390243902439024,66.66666666666666,0.0,0.0,0.0,33.33333333333333,30.89430894308943
E0962,93.02325581395348,4.651162790697675,0.0,0.0,2.3255813953488373,85.71428571428571,0.0,0.0,0.0,14.285714285714285,11.960132890365449
E0963,0.0,2.564102564102564,12.82051282051282,76.92307692307693,7.6923076923076925,0.0,0.0,0.0,66.66666666666666,33.33333333333333,25.64102564102565
E0964,8.823529411764707,85.29411764705883,2.941176470588235,0.0,2.941176470588235,0.0,100.0,0.0,0.0,0.0,14.705882352941176
E0965,7.142857142857142,10.714285714285714,75.0,7.142857142857142,0.0,0.0,0.0,75.0,25.0,0.0,17.857142857142854
E0966,97.05882352941177,2.941176470588235,0.0,0.0,0.0,100.0,0.0,0.0,0.0,0.0,2.9411764705882337
E0967,0.0,90.0,3.3333333333333335,0.0,6.666666666666667,0.0,100.0,0.0,0.0,0.0,10.0
E0968,0.0,6.153846153846154,4.615384615384616,15.384615384615385,73.84615384615385,0.0,0.0,0.0,40.0,60.0,24.61538461538462
E0969,89.47368421052632,5.263157894736842,5.263157894736842,0.0,0.0,100.0,0.0,0.0,0.0,0.0,10.526315789473685
E0970,3.225806451612903,93.54838709677419,0.0,0.0,3.225806451612903,0.0,100.0,0.0,0.0,0.0,6.451612903225808
E0971,10.81081081081081,72.97297297297297,8.108108108108109,2.7027027027027026,5.405405405405405,0.0,100.0,0.0,0.0,0.0,27.027027027027028
E0973,0.0,0.0,96.96969696969697,3.0303030303030303,0.0,0.0,0.0,100.0,0.0,0.0,3.0303030303030307
E0974,1.4492753623188406,2.898550724637681,7.246376811594203,4.3478260869565215,84.05797101449275,0.0,0.0,0.0,0.0,100.0,15.942028985507248
E0975,2.0,86.0,8.0,2.0,2.0,0.0,66.66666666666666,33.33333333333333,0.0,0.0,25.333333333333336
E0976,4.166666666666666,85.41666666666666,6.25,2.083333333333333,2.083333333333333,0.0,33.33333333333333,33.33333333333333,0.0,33.33333333333333,58.33333333333332
E0977,3.6363636363636362,10.909090909090908,74.54545454545455,5.454545454545454,5.454545454545454,0.0,0.0,100.0,0.0,0.0,25.454545454545453
E0978,100.0,0.0,0.0,0.0,0.0,100.0,0.0,0.0,0.0,0.0,0.0
E0979,81.53846153846153,6.153846153846154,4.615384615384616,6.153846153846154,1.5384615384615385,66.66666666666666,0.0,11.11111111111111,11.11111111111111,11.11111111111111,21.025641025641026
E0980,0.0,3.125,0.0,96.875,0.0,0.0,0.0,0.0,100.0,0.0,3.125
E0982,3.125,3.125,3.125,90.625,0.0,0.0,0.0,0.0,100.0,0.0,9.375
E0983,0.0,2.941176470588235,97.05882352941177,0.0,0.0,0.0,0.0,100.0,0.0,0.0,2.9411764705882337
E0984,0.0,7.2727272727272725,0.0,7.2727272727272725,85.45454545454545,0.0,100.0,0.0,0.0,0.0,92.72727272727272
E0985,5.263157894736842,89.47368421052632,2.631578947368421,2.631578947368421,0.0,12.5,75.0,12.5,0.0,0.0,17.105263157894736
E0986,5.0,0.0,3.3333333333333335,10.0,81.66666666666667,0.0,0.0,0.0,0.0,100.0,18.333333333333332
E0988,3.225806451612903,90.32258064516128,0.0,6.451612903225806,0.0,100.0,0.0,0.0,0.0,0.0,96.77419354838709
E0989,94.54545454545455,1.8181818181818181,1.8181818181818181,1.8181818181818181,0.0,100.0,0.0,0.0,0.0,0.0,5.454545454545454
E0990,84.48275862068965,5.172413793103448,5.172413793103448,1.7241379310344827,3.4482758620689653,60.0,0.0,0.0,20.0,20.0,34.82758620689655
E0991,0.0,2.857142857142857,5.714285714285714,74.28571428571429,17.142857142857142,0.0,0.0,0.0,66.66666666666666,33.33333333333333,16.190476190476197
E0992,5.263157894736842,6.578947368421052,78.94736842105263,5.263157894736842,3.9473684210526314,25.0,0.0,75.0,0.0,0.0,19.736842105263154
E0993,2.941176470588235,5.88235294117647,73.52941176470588,14.705882352941178,2.941176470588235,0.0,0.0,66.66666666666666,33.33333333333333,0.0,18.627450980392158
E0994,88.46153846153845,6.41025641025641,1.282051282051282,1.282051282051282,2.564102564102564,66.66666666666666,0.0,0.0,33.33333333333333,0.0,32.05128205128205
E0995,6.976744186046512,2.3255813953488373,4.651162790697675,9.30232558139535,76.74418604651163,0.0,0.0,0.0,25.0,75.0,15.697674418604652
E0996,6.451612903225806,87.09677419354838,4.838709677419355,0.0,1.6129032258064515,0.0,100.0,0.0,0.0,0.0,12.903225806451616
E0997,0.0,0.0,0.0,9.30232558139535,90.69767441860465,0.0,0.0,0.0,33.33333333333333,66.66666666666666,24.031007751937985
E0998,2.272727272727273,2.272727272727273,4.545454545454546,18.181818181818183,72.72727272727273,0.0,0.0,0.0,33.33333333333333,66.66666666666666,15.151515151515156
E0999,72.09302325581395,13.953488372093023,4.651162790697675,2.3255813953488373,6.976744186046512,60.0,20.0,0.0,0.0,20.0,19.069767441860463
E1000,95.45454545454545,1.5151515151515151,0.0,1.5151515151515151,1.5151515151515151,100.0,0.0,0.0,0.0,0.0,4.545454545454547
