employee_id,Conference_long_term,Focus_long_term,Meeting_long_term,Training_long_term,Conference_recent,Focus_recent,Meeting_recent,Training_recent,room_type_shift_pct,floor_1_pct_long_term,floor_2_pct_long_term,floor_3_pct_long_term,floor_4_pct_long_term,floor_5_pct_long_term,floor_1_pct_recent,floor_2_pct_recent,floor_3_pct_recent,floor_4_pct_recent,floor_5_pct_recent,floor_shift_pct,capacity_2_pct_long_term,capacity_4_pct_long_term,capacity_6_pct_long_term,capacity_8_pct_long_term,capacity_10_pct_long_term,capacity_12_pct_long_term,capacity_16_pct_long_term,capacity_2_pct_recent,capacity_4_pct_recent,capacity_6_pct_recent,capacity_8_pct_recent,capacity_10_pct_recent,capacity_12_pct_recent,capacity_16_pct_recent,capacity_shift_pct,start_hour_8_pct_long_term,start_hour_9_pct_long_term,start_hour_10_pct_long_term,start_hour_11_pct_long_term,start_hour_8_pct_recent,start_hour_9_pct_recent,start_hour_10_pct_recent,start_hour_11_pct_recent,start_hour_shift_pct
E0001,0.0,7.6923076923076925,89.23076923076924,3.076923076923077,0.0,0.0,100.0,0.0,10.769230769230765,13.846153846153848,75.38461538461539,4.615384615384616,1.5384615384615383,4.615384615384616,25.0,75.0,0.0,0.0,0.0,11.153846153846157,21.53846153846154,49.23076923076923,21.53846153846154,3.076923076923077,3.076923076923077,1.5384615384615383,0.0,25.0,50.0,25.0,0.0,0.0,0.0,0.0,7.692307692307689,13.846153846153848,72.3076923076923,13.846153846153848,0.0,50.0,50.0,0.0,0.0,36.15384615384615
E0002,40.0,0.0,60.0,0.0,0.0,0.0,100.0,0.0,40.0,100.0,0.0,0.0,0.0,0.0,100.0,0.0,0.0,0.0,0.0,0.0,20.0,60.0,10.0,0.0,10.0,0.0,0.0,0.0,100.0,0.0,0.0,0.0,0.0,0.0,40.0,0.0,80.0,20.0,0.0,0.0,100.0,0.0,0.0,20.0
E0003,0.0,0.0,100.0,0.0,0.0,0.0,100.0,0.0,0.0,0.0,0.0,0.0,0.0,100.0,0.0,0.0,0.0,0.0,100.0,0.0,0.0,57.14285714285714,42.85714285714285,0.0,0.0,0.0,0.0,0.0,100.0,0.0,0.0,0.0,0.0,0.0,42.85714285714286,28.57142857142857,71.42857142857143,0.0,0.0,0.0,100.0,0.0,0.0,28.57142857142857
E0004,7.142857142857142,3.571428571428571,82.14285714285714,7.142857142857142,0.0,0.0,100.0,0.0,17.85714285714286,92.85714285714286,3.571428571428571,3.571428571428571,0.0,0.0,100.0,0.0,0.0,0.0,0.0,7.142857142857141,0.0,14.285714285714285,50.0,25.0,0.0,7.142857142857142,3.571428571428571,0.0,0.0,100.0,0.0,0.0,0.0,0.0,49.99999999999999,10.714285714285714,71.42857142857143,17.857142857142858,0.0,50.0,50.0,0.0,0.0,39.285714285714285
E0005,0.0,0.0,100.0,0.0,0.0,0.0,100.0,0.0,0.0,0.0,0.0,0.0,0.0,100.0,0.0,0.0,0.0,0.0,100.0,0.0,12.5,0.0,0.0,12.5,62.5,12.5,0.0,0.0,0.0,0.0,50.0,50.0,0.0,0.0,37.5,12.5,25.0,62.5,0.0,0.0,50.0,50.0,0.0,25.0
E0006,87.8048780487805,4.878048780487805,4.878048780487805,2.4390243902439024,100.0,0.0,0.0,0.0,12.195121951219509,4.878048780487805,4.878048780487805,78.04878048780488,4.878048780487805,7.317073170731707,0.0,25.0,50.0,0.0,25.0,37.80487804878049,2.4390243902439024,36.58536585365854,29.268292682926827,17.073170731707318,4.878048780487805,4.878048780487805,4.878048780487805,0.0,50.0,25.0,0.0,0.0,0.0,25.0,33.536585365853654,0.0,14.634146341463412,73.17073170731707,12.195121951219512,0.0,25.0,50.0,25.0,23.170731707317078
E0007,90.625,0.0,9.375,0.0,100.0,0.0,0.0,0.0,9.375,0.0,0.0,3.125,96.875,0.0,0.0,0.0,0.0,100.0,0.0,3.125,3.125,0.0,0.0,15.625,53.125,21.875,6.25,0.0,0.0,0.0,0.0,75.0,25.0,0.0,25.0,0.0,18.75,62.5,18.75,0.0,25.0,50.0,25.0,12.5
E0008,7.894736842105263,0.0,86.8421052631579,5.263157894736842,0.0,0.0,100.0,0.0,13.1578947368421,0.0,0.0,100.0,0.0,0.0,0.0,0.0,100.0,0.0,0.0,0.0,2.631578947368421,5.263157894736842,15.789473684210526,57.89473684210527,15.789473684210526,0.0,2.631578947368421,0.0,100.0,0.0,0.0,0.0,0.0,0.0,94.73684210526316,0.0,7.894736842105263,81.57894736842105,10.526315789473683,0.0,0.0,100.0,0.0,18.421052631578945
E0009,0.0,0.0,0.0,100.0,0.0,0.0,0.0,100.0,0.0,22.22222222222222,77.77777777777779,0.0,0.0,0.0,0.0,100.0,0.0,0.0,0.0,22.222222222222214,11.11111111111111,44.44444444444444,33.33333333333333,0.0,0.0,0.0,11.11111111111111,0.0,0.0,100.0,0.0,0.0,0.0,0.0,66.66666666666667,77.77777777777779,22.22222222222222,0.0,0.0,100.0,0.0,0.0,0.0,22.222222222222214
E0010,10.0,3.333333333333333,83.33333333333334,3.333333333333333,0.0,0.0,100.0,0.0,16.666666666666664,63.33333333333333,10.0,16.666666666666664,10.0,0.0,60.0,40.0,0.0,0.0,0.0,30.0,0.0,3.333333333333333,0.0,33.33333333333333,40.0,20.0,3.333333333333333,0.0,0.0,0.0,60.0,40.0,0.0,0.0,26.666666666666668,73.33333333333333,26.666666666666668,0.0,0.0,80.0,20.0,0.0,0.0,6.66666666666667
E0011,57.57575757575758,6.0606060606060606,18.181818181818183,18.181818181818183,66.66666666666666,0.0,16.666666666666664,16.666666666666664,9.090909090909088,3.0303030303030303,3.0303030303030303,6.0606060606060606,15.151515151515152,72.72727272727273,0.0,0.0,16.666666666666664,0.0,83.33333333333334,21.21212121212121,18.181818181818183,42.42424242424242,21.21212121212121,9.090909090909092,0.0,3.0303030303030303,6.0606060606060606,0.0,66.66666666666666,16.666666666666664,16.666666666666664,0.0,0.0,0.0,31.818181818181817,9.090909090909092,75.75757575757575,15.151515151515152,0.0,0.0,83.33333333333334,16.666666666666664,0.0,9.0909090909091
E0012,5.063291139240507,6.329113924050633,84.81012658227847,3.79746835443038,11.11111111111111,11.11111111111111,77.77777777777779,0.0,10.829817158931071,2.5316455696202533,5.063291139240507,3.79746835443038,17.72151898734177,70.88607594936708,0.0,0.0,0.0,11.11111111111111,88.88888888888889,18.002812939521803,20.253164556962027,49.36708860759494,21.518987341772156,2.5316455696202533,1.2658227848101269,2.5316455696202533,2.5316455696202533,22.22222222222222,33.33333333333333,22.22222222222222,11.11111111111111,0.0,0.0,11.11111111111111,19.831223628691983,17.72151898734177,64.55696202531645,17.72151898734177,0.0,33.33333333333333,44.44444444444444,22.22222222222222,0.0,20.11251758087201
E0013,5.405405405405405,8.108108108108109,83.78378378378379,2.702702702702702,16.666666666666664,0.0,83.33333333333334,0.0,11.261261261261255,89.1891891891892,8.108108108108109,2.702702702702702,0.0,0.0,100.0,0.0,0.0,0.0,0.0,10.810810810810809,5.405405405405405,16.216216216216218,48.64864864864865,21.62162162162162,0.0,5.405405405405405,2.702702702702702,0.0,16.666666666666664,66.66666666666666,16.666666666666664,0.0,0.0,0.0,18.46846846846846,18.91891891891892,67.56756756756756,13.513513513513514,0.0,0.0,83.33333333333334,16.666666666666664,0.0,18.918918918918923
E0014,89.47368421052632,5.263157894736842,5.263157894736842,0.0,100.0,0.0,0.0,0.0,10.526315789473683,68.42105263157895,10.526315789473683,7.894736842105263,10.526315789473683,2.631578947368421,75.0,0.0,0.0,0.0,25.0,28.94736842105263,15.789473684210526,52.63157894736842,21.052631578947366,2.631578947368421,0.0,5.263157894736842,2.631578947368421,0.0,50.0,25.0,25.0,0.0,0.0,0.0,26.31578947368421,94.73684210526316,5.263157894736842,0.0,0.0,100.0,0.0,0.0,0.0,5.263157894736846
E0015,97.36842105263158,0.0,0.0,2.631578947368421,100.0,0.0,0.0,0.0,2.631578947368423,2.631578947368421,97.36842105263158,0.0,0.0,0.0,100.0,0.0,0.0,0.0,0.0,97.36842105263158,52.63157894736842,26.31578947368421,7.894736842105263,2.631578947368421,2.631578947368421,2.631578947368421,5.263157894736842,0.0,0.0,0.0,0.0,0.0,0.0,100.0,94.73684210526316,10.526315789473683,76.31578947368422,13.157894736842104,0.0,0.0,100.0,0.0,0.0,23.684210526315784
E0017,94.11764705882352,2.941176470588235,0.0,2.941176470588235,100.0,0.0,0.0,0.0,5.882352941176475,0.0,0.0,2.941176470588235,8.823529411764707,88.23529411764706,0.0,0.0,0.0,16.666666666666664,83.33333333333334,7.843137254901954,2.941176470588235,20.588235294117645,55.88235294117647,8.823529411764707,2.941176470588235,5.88235294117647,2.941176470588235,0.0,16.666666666666664,66.66666666666666,0.0,16.666666666666664,0.0,0.0,24.509803921568626,0.0,11.76470588235294,73.52941176470588,14.705882352941178,0.0,16.666666666666664,50.0,33.33333333333333,23.52941176470588
E0018,6.0606060606060606,87.87878787878788,0.0,6.0606060606060606,0.0,100.0,0.0,0.0,12.121212121212125,6.0606060606060606,90.9090909090909,0.0,3.0303030303030303,0.0,0.0,100.0,0.0,0.0,0.0,9.090909090909092,3.0303030303030303,33.33333333333333,39.39393939393939,18.181818181818183,0.0,3.0303030303030303,3.0303030303030303,0.0,0.0,0.0,0.0,0.0,100.0,0.0,96.96969696969695,15.151515151515152,57.57575757575758,27.27272727272727,0.0,0.0,0.0,100.0,0.0,72.72727272727273
E0019,0.0,1.5873015873015872,92.06349206349206,6.349206349206349,0.0,0.0,100.0,0.0,7.936507936507937,0.0,1.5873015873015872,96.82539682539682,1.5873015873015872,0.0,0.0,0.0,100.0,0.0,0.0,3.174603174603176,4.761904761904762,3.1746031746031744,0.0,4.761904761904762,12.698412698412698,1.5873015873015872,73.01587301587301,0.0,0.0,0.0,33.33333333333333,0.0,33.33333333333333,33.33333333333333,60.31746031746031,22.22222222222222,55.55555555555556,22.22222222222222,0.0,33.33333333333333,66.66666666666666,0.0,0.0,22.22222222222221
E0020,9.75609756097561,4.878048780487805,80.48780487804879,4.878048780487805,25.0,0.0,75.0,0.0,15.243902439024396,0.0,95.1219512195122,4.878048780487805,0.0,0.0,0.0,100.0,0.0,0.0,0.0,4.878048780487804,0.0,2.4390243902439024,21.951219512195124,48.78048780487805,19.51219512195122,0.0,7.317073170731707,0.0,0.0,50.0,50.0,0.0,0.0,0.0,29.268292682926827,90.2439024390244,9.75609756097561,0.0,0.0,75.0,25.0,0.0,0.0,15.243902439024392
E0021,12.82051282051282,2.564102564102564,76.92307692307693,7.6923076923076925,0.0,33.33333333333333,66.66666666666666,0.0,30.769230769230777,0.0,2.564102564102564,0.0,7.6923076923076925,89.74358974358975,0.0,0.0,0.0,0.0,100.0,10.256410256410252,5.128205128205128,0.0,0.0,10.256410256410255,15.384615384615383,64.1025641025641,5.128205128205128,0.0,0.0,0.0,0.0,66.66666666666666,33.33333333333333,0.0,51.28205128205128,17.94871794871795,66.66666666666666,15.384615384615383,0.0,0.0,66.66666666666666,33.33333333333333,0.0,17.948717948717945
E0023,88.37209302325581,6.976744186046512,2.3255813953488373,2.3255813953488373,66.66666666666666,0.0,0.0,33.33333333333333,31.007751937984494,88.37209302325581,4.651162790697675,2.3255813953488373,2.3255813953488373,2.3255813953488373,33.33333333333333,66.66666666666666,0.0,0.0,0.0,62.01550387596898,4.651162790697675,2.3255813953488373,9.30232558139535,62.7906976744186,20.930232558139537,0.0,0.0,0.0,0.0,0.0,66.66666666666666,33.33333333333333,0.0,0.0,16.279069767441854,0.0,20.930232558139537,69.76744186046511,9.30232558139535,0.0,33.33333333333333,66.66666666666666,0.0,12.4031007751938
E0024,84.50704225352112,7.042253521126761,5.633802816901409,2.8169014084507045,100.0,0.0,0.0,0.0,15.492957746478876,0.0,7.042253521126761,90.14084507042254,1.4084507042253522,1.4084507042253522,0.0,0.0,100.0,0.0,0.0,9.85915492957746,4.225352112676056,5.633802816901409,0.0,4.225352112676056,23.943661971830984,59.15492957746479,2.8169014084507045,25.0,0.0,0.0,0.0,0.0,75.0,0.0,36.61971830985916,0.0,15.492957746478872,71.83098591549296,12.676056338028168,0.0,0.0,100.0,0.0,28.16901408450704
E0025,2.4390243902439024,7.317073170731707,80.48780487804879,9.75609756097561,0.0,0.0,100.0,0.0,19.512195121951216,0.0,4.878048780487805,0.0,87.8048780487805,7.317073170731707,0.0,0.0,0.0,100.0,0.0,12.195121951219509,0.0,2.4390243902439024,14.634146341463412,48.78048780487805,24.390243902439025,9.75609756097561,0.0,0.0,0.0,0.0,40.0,20.0,40.0,0.0,30.24390243902439,12.195121951219512,65.85365853658537,21.951219512195124,0.0,0.0,100.0,0.0,0.0,34.14634146341463
E0026,2.272727272727273,84.0909090909091,9.090909090909092,4.545454545454546,25.0,75.0,0.0,0.0,22.72727272727273,2.272727272727273,2.272727272727273,90.9090909090909,4.545454545454546,0.0,0.0,0.0,100.0,0.0,0.0,9.090909090909092,0.0,2.272727272727273,22.727272727272727,43.18181818181818,27.27272727272727,0.0,4.545454545454546,0.0,0.0,0.0,50.0,50.0,0.0,0.0,29.545454545454547,0.0,13.636363636363637,63.63636363636363,22.727272727272727,0.0,25.0,75.0,0.0,22.72727272727273
E0027,0.0,0.0,0.0,100.0,0.0,0.0,0.0,100.0,0.0,0.0,3.333333333333333,3.333333333333333,83.33333333333334,10.0,0.0,0.0,0.0,100.0,0.0,16.666666666666664,20.0,53.333333333333336,10.0,6.666666666666667,6.666666666666667,3.333333333333333,0.0,0.0,0.0,100.0,0.0,0.0,0.0,0.0,90.0,0.0,16.666666666666664,66.66666666666666,16.666666666666664,0.0,50.0,50.0,0.0,33.33333333333333
E0029,5.405405405405405,0.0,94.5945945945946,0.0,0.0,0.0,100.0,0.0,5.405405405405404,10.81081081081081,78.37837837837837,5.405405405405405,2.702702702702702,2.702702702702702,0.0,100.0,0.0,0.0,0.0,21.62162162162162,8.108108108108109,21.62162162162162,45.94594594594595,21.62162162162162,0.0,0.0,2.702702702702702,0.0,66.66666666666666,33.33333333333333,0.0,0.0,0.0,0.0,45.04504504504504,0.0,16.216216216216218,72.97297297297297,10.81081081081081,0.0,0.0,66.66666666666666,33.33333333333333,22.52252252252252
E0030,5.714285714285714,0.0,94.28571428571428,0.0,0.0,0.0,100.0,0.0,5.714285714285719,0.0,0.0,8.571428571428571,5.714285714285714,85.71428571428571,0.0,0.0,0.0,0.0,100.0,14.285714285714288,11.428571428571429,54.285714285714285,20.0,2.857142857142857,0.0,5.714285714285714,5.714285714285714,25.0,50.0,25.0,0.0,0.0,0.0,0.0,18.57142857142857,11.428571428571429,77.14285714285715,11.428571428571429,0.0,0.0,100.0,0.0,0.0,22.85714285714285
E0031,0.0,6.0606060606060606,90.9090909090909,3.0303030303030303,0.0,33.33333333333333,66.66666666666666,0.0,27.272727272727277,3.0303030303030303,0.0,6.0606060606060606,90.9090909090909,0.0,33.33333333333333,0.0,0.0,66.66666666666666,0.0,30.303030303030305,3.0303030303030303,0.0,3.0303030303030303,0.0,15.151515151515152,78.78787878787878,0.0,0.0,0.0,0.0,0.0,33.33333333333333,66.66666666666666,0.0,18.18181818181818,18.181818181818183,66.66666666666666,15.151515151515152,0.0,33.33333333333333,66.66666666666666,0.0,0.0,15.151515151515149
E0032,6.122448979591836,2.0408163265306123,87.75510204081633,4.081632653061225,0.0,0.0,100.0,0.0,12.244897959183673,8.16326530612245,0.0,0.0,14.285714285714285,77.55102040816327,33.33333333333333,0.0,0.0,0.0,66.66666666666666,25.17006802721089,10.20408163265306,59.18367346938776,26.53061224489796,0.0,2.0408163265306123,2.0408163265306123,0.0,33.33333333333333,33.33333333333333,33.33333333333333,0.0,0.0,0.0,0.0,29.931972789115644,83.6734693877551,16.3265306122449,0.0,0.0,100.0,0.0,0.0,0.0,16.326530612244895
E0033,75.0,18.75,3.125,3.125,100.0,0.0,0.0,0.0,25.0,90.625,6.25,0.0,3.125,0.0,100.0,0.0,0.0,0.0,0.0,9.375,0.0,0.0,6.25,0.0,6.25,12.5,75.0,0.0,0.0,100.0,0.0,0.0,0.0,0.0,93.75,87.5,12.5,0.0,0.0,100.0,0.0,0.0,0.0,12.5
E0034,6.521739130434782,4.3478260869565215,86.95652173913044,2.1739130434782608,0.0,0.0,100.0,0.0,13.043478260869565,0.0,2.1739130434782608,0.0,97.82608695652172,0.0,0.0,0.0,0.0,100.0,0.0,2.173913043478263,6.521739130434782,2.1739130434782608,0.0,6.521739130434782,6.521739130434782,4.3478260869565215,73.91304347826086,0.0,25.0,0.0,25.0,0.0,0.0,50.0,41.30434782608695,0.0,17.391304347826086,69.56521739130434,13.043478260869565,0.0,25.0,50.0,25.0,19.565217391304348
E0035,6.25,0.0,90.625,3.125,0.0,0.0,100.0,0.0,9.375,0.0,0.0,96.875,3.125,0.0,0.0,0.0,100.0,0.0,0.0,3.125,12.5,46.875,18.75,6.25,3.125,9.375,3.125,0.0,100.0,0.0,0.0,0.0,0.0,0.0,53.125,15.625,71.875,12.5,0.0,0.0,100.0,0.0,0.0,28.125
E0036,3.225806451612903,96.7741935483871,0.0,0.0,0.0,100.0,0.0,0.0,3.2258064516129,80.64516129032258,6.451612903225806,9.67741935483871,3.225806451612903,0.0,100.0,0.0,0.0,0.0,0.0,19.354838709677423,9.67741935483871,61.29032258064516,29.03225806451613,0.0,0.0,0.0,0.0,0.0,66.66666666666666,33.33333333333333,0.0,0.0,0.0,0.0,9.6774193548387,9.67741935483871,70.96774193548387,19.35483870967742,0.0,33.33333333333333,33.33333333333333,33.33333333333333,0.0,37.634408602150536
E0037,95.16129032258064,1.6129032258064515,1.6129032258064515,1.6129032258064515,100.0,0.0,0.0,0.0,4.838709677419351,95.16129032258064,1.6129032258064515,0.0,1.6129032258064515,1.6129032258064515,100.0,0.0,0.0,0.0,0.0,4.838709677419351,8.064516129032258,3.225806451612903,3.225806451612903,1.6129032258064515,25.806451612903224,56.451612903225815,1.6129032258064515,0.0,0.0,0.0,0.0,100.0,0.0,0.0,74.19354838709678,0.0,14.516129032258066,77.41935483870968,8.064516129032258,0.0,33.33333333333333,0.0,66.66666666666666,77.41935483870967
E0038,13.88888888888889,58.333333333333336,16.666666666666664,11.11111111111111,0.0,66.66666666666666,33.33333333333333,0.0,24.999999999999996,0.0,0.0,100.0,0.0,0.0,0.0,0.0,100.0,0.0,0.0,0.0,0.0,0.0,2.7777777777777777,2.7777777777777777,2.7777777777777777,0.0,91.66666666666666,0.0,0.0,0.0,0.0,0.0,0.0,100.0,8.333333333333337,0.0,13.88888888888889,63.888888888888886,22.22222222222222,0.0,0.0,100.0,0.0,36.11111111111112
E0039,5.970149253731343,4.477611940298507,83.5820895522388,5.970149253731343,0.0,0.0,80.0,20.0,14.029850746268654,67.16417910447761,13.432835820895525,11.940298507462686,5.970149253731343,1.4925373134328357,40.0,0.0,40.0,20.0,0.0,42.08955223880597,1.4925373134328357,25.37313432835821,56.71641791044776,13.432835820895525,2.985074626865672,0.0,0.0,0.0,40.0,60.0,0.0,0.0,0.0,0.0,17.91044776119403,0.0,19.402985074626866,59.70149253731343,20.8955223880597,0.0,20.0,40.0,40.0,19.70149253731343
E0040,1.96078431372549,1.96078431372549,96.07843137254902,0.0,0.0,0.0,100.0,0.0,3.9215686274509807,0.0,1.96078431372549,1.96078431372549,90.19607843137256,5.88235294117647,0.0,0.0,0.0,66.66666666666666,33.33333333333333,27.45098039215687,17.647058823529413,50.98039215686274,23.52941176470588,0.0,1.96078431372549,3.92156862745098,1.96078431372549,0.0,33.33333333333333,33.33333333333333,0.0,0.0,0.0,33.33333333333333,41.17647058823529,13.725490196078432,68.62745098039215,17.647058823529413,0.0,0.0,66.66666666666666,33.33333333333333,0.0,15.686274509803924
E0041,94.44444444444444,0.0,0.0,5.555555555555555,66.66666666666666,0.0,0.0,33.33333333333333,27.77777777777778,5.555555555555555,5.555555555555555,8.333333333333332,19.444444444444446,61.11111111111112,0.0,0.0,0.0,0.0,100.0,38.888888888888886,0.0,19.444444444444446,52.77777777777778,25.0,0.0,2.7777777777777777,0.0,0.0,33.33333333333333,66.66666666666666,0.0,0.0,0.0,0.0,27.777777777777768,91.66666666666666,8.333333333333332,0.0,0.0,100.0,0.0,0.0,0.0,8.333333333333337
E0042,0.0,0.0,100.0,0.0,0.0,0.0,100.0,0.0,0.0,77.77777777777779,22.22222222222222,0.0,0.0,0.0,100.0,0.0,0.0,0.0,0.0,22.222222222222214,0.0,0.0,33.33333333333333,66.66666666666666,0.0,0.0,0.0,0.0,0.0,33.33333333333333,66.66666666666666,0.0,0.0,0.0,0.0,11.11111111111111,55.55555555555556,33.33333333333333,0.0,0.0,66.66666666666666,33.33333333333333,0.0,11.111111111111104
E0044,80.85106382978722,8.51063829787234,4.25531914893617,6.382978723404255,71.42857142857143,28.57142857142857,0.0,0.0,20.060790273556226,4.25531914893617,82.97872340425532,8.51063829787234,4.25531914893617,0.0,0.0,85.71428571428571,14.285714285714285,0.0,0.0,8.510638297872337,0.0,2.127659574468085,25.53191489361702,48.93617021276596,12.76595744680851,6.382978723404255,4.25531914893617,0.0,0.0,28.57142857142857,71.42857142857143,0.0,0.0,0.0,25.53191489361702,85.1063829787234,14.893617021276595,0.0,0.0,57.14285714285714,42.85714285714285,0.0,0.0,27.96352583586626
E0045,85.18518518518519,7.4074074074074066,3.7037037037037033,3.7037037037037033,100.0,0.0,0.0,0.0,14.81481481481481,0.0,3.7037037037037033,3.7037037037037033,92.5925925925926,0.0,0.0,25.0,0.0,75.0,0.0,21.296296296296298,37.03703703703704,33.33333333333333,7.4074074074074066,0.0,3.7037037037037033,7.4074074074074066,11.11111111111111,25.0,0.0,25.0,0.0,0.0,25.0,25.0,49.07407407407408,22.22222222222222,48.14814814814815,29.629629629629623,0.0,25.0,25.0,50.0,0.0,23.14814814814815
E0046,4.651162790697675,2.3255813953488373,87.20930232558139,5.813953488372093,0.0,0.0,100.0,0.0,12.790697674418606,0.0,0.0,1.162790697674419,3.488372093023256,95.34883720930232,0.0,0.0,0.0,0.0,100.0,4.651162790697672,55.81395348837209,19.76744186046512,3.488372093023256,3.488372093023256,8.13953488372093,8.13953488372093,1.162790697674419,83.33333333333334,0.0,0.0,0.0,0.0,16.666666666666664,0.0,36.04651162790698,0.0,17.441860465116278,72.09302325581395,10.465116279069768,0.0,16.666666666666664,50.0,33.33333333333333,22.86821705426356
E0047,84.93150684931507,6.849315068493151,5.47945205479452,2.73972602739726,100.0,0.0,0.0,0.0,15.068493150684931,2.73972602739726,0.0,5.47945205479452,87.67123287671232,4.10958904109589,0.0,0.0,0.0,100.0,0.0,12.328767123287674,8.21917808219178,52.05479452054794,24.65753424657534,4.10958904109589,5.47945205479452,4.10958904109589,1.36986301369863,20.0,20.0,0.0,20.0,20.0,0.0,20.0,60.821917808219176,23.28767123287671,68.4931506849315,8.21917808219178,0.0,40.0,60.0,0.0,0.0,16.71232876712329
E0048,2.941176470588235,8.823529411764707,88.23529411764706,0.0,0.0,100.0,0.0,0.0,91.17647058823528,2.941176470588235,2.941176470588235,76.47058823529412,11.76470588235294,5.88235294117647,0.0,0.0,0.0,100.0,0.0,88.23529411764704,29.411764705882355,35.294117647058826,29.411764705882355,2.941176470588235,0.0,2.941176470588235,0.0,100.0,0.0,0.0,0.0,0.0,0.0,0.0,70.58823529411765,26.47058823529412,67.64705882352942,5.88235294117647,0.0,100.0,0.0,0.0,0.0,73.52941176470588
E0049,0.0,2.380952380952381,97.61904761904762,0.0,0.0,0.0,100.0,0.0,2.3809523809523805,0.0,0.0,0.0,9.523809523809524,90.47619047619048,0.0,0.0,0.0,0.0,100.0,9.523809523809522,26.190476190476197,38.095238095238095,21.428571428571427,7.142857142857142,0.0,4.761904761904762,2.380952380952381,50.0,50.0,0.0,0.0,0.0,0.0,0.0,35.71428571428571,14.285714285714285,69.04761904761905,16.666666666666664,0.0,0.0,100.0,0.0,0.0,30.95238095238095
E0050,11.76470588235294,5.88235294117647,76.47058823529412,5.88235294117647,25.0,0.0,50.0,25.0,32.35294117647059,0.0,88.23529411764706,0.0,8.823529411764707,2.941176470588235,0.0,100.0,0.0,0.0,0.0,11.764705882352942,2.941176470588235,17.647058823529413,50.0,17.647058823529413,0.0,8.823529411764707,2.941176470588235,0.0,25.0,75.0,0.0,0.0,0.0,0.0,32.35294117647059,11.76470588235294,64.70588235294117,23.52941176470588,0.0,0.0,75.0,25.0,0.0,11.764705882352944
E0051,6.451612903225806,9.67741935483871,74.19354838709677,9.67741935483871,0.0,40.0,60.0,0.0,30.32258064516129,0.0,0.0,100.0,0.0,0.0,0.0,0.0,100.0,0.0,0.0,0.0,19.35483870967742,48.38709677419355,25.806451612903224,3.225806451612903,0.0,3.225806451612903,0.0,20.0,40.0,40.0,0.0,0.0,0.0,0.0,14.838709677419358,80.64516129032258,19.35483870967742,0.0,0.0,60.0,40.0,0.0,0.0,20.645161290322577
E0052,4.411764705882353,5.88235294117647,83.82352941176471,5.88235294117647,0.0,0.0,100.0,0.0,16.17647058823529,1.4705882352941175,1.4705882352941175,4.411764705882353,91.17647058823528,1.4705882352941175,0.0,0.0,0.0,100.0,0.0,8.823529411764707,19.11764705882353,45.588235294117645,27.94117647058824,1.4705882352941175,2.941176470588235,2.941176470588235,0.0,0.0,40.0,60.0,0.0,0.0,0.0,0.0,32.05882352941176,0.0,7.352941176470589,77.94117647058823,14.705882352941178,0.0,20.0,80.0,0.0,14.705882352941178
E0053,0.0,79.41176470588235,14.705882352941178,5.88235294117647,0.0,50.0,0.0,50.0,44.11764705882352,0.0,5.88235294117647,0.0,0.0,94.11764705882352,0.0,0.0,0.0,0.0,100.0,5.882352941176475,17.647058823529413,64.70588235294117,14.705882352941178,0.0,2.941176470588235,0.0,0.0,50.0,50.0,0.0,0.0,0.0,0.0,0.0,32.35294117647059,11.76470588235294,70.58823529411765,17.647058823529413,0.0,0.0,100.0,0.0,0.0,29.41176470588235
E0054,93.93939393939394,3.0303030303030303,0.0,3.0303030303030303,100.0,0.0,0.0,0.0,6.060606060606062,3.0303030303030303,87.87878787878788,3.0303030303030303,3.0303030303030303,3.0303030303030303,0.0,50.0,0.0,25.0,25.0,43.93939393939394,3.0303030303030303,6.0606060606060606,6.0606060606060606,6.0606060606060606,3.0303030303030303,6.0606060606060606,69.6969696969697,0.0,0.0,25.0,25.0,0.0,0.0,50.0,37.87878787878788,0.0,12.12121212121212,63.63636363636363,24.24242424242424,0.0,0.0,75.0,25.0,12.121212121212125
E0055,97.05882352941175,2.941176470588235,0.0,0.0,100.0,0.0,0.0,0.0,2.9411764705882337,2.941176470588235,4.411764705882353,80.88235294117648,8.823529411764707,2.941176470588235,20.0,0.0,80.0,0.0,0.0,17.058823529411768,4.411764705882353,16.176470588235293,50.0,23.52941176470588,1.4705882352941175,0.0,4.411764705882353,0.0,20.0,20.0,40.0,0.0,0.0,20.0,35.88235294117647,82.35294117647058,17.647058823529413,0.0,0.0,80.0,20.0,0.0,0.0,2.3529411764705834
E0056,18.421052631578945,10.526315789473683,65.78947368421053,5.263157894736842,0.0,0.0,100.0,0.0,34.210526315789465,5.263157894736842,92.10526315789474,0.0,0.0,2.631578947368421,0.0,100.0,0.0,0.0,0.0,7.894736842105262,2.631578947368421,13.157894736842104,50.0,28.947368421052637,0.0,0.0,5.263157894736842,0.0,100.0,0.0,0.0,0.0,0.0,0.0,86.84210526315789,0.0,15.789473684210526,60.526315789473685,23.684210526315788,0.0,100.0,0.0,0.0,84.21052631578948
E0058,6.666666666666667,6.666666666666667,78.33333333333333,8.333333333333332,0.0,0.0,80.0,20.0,13.333333333333336,1.6666666666666667,85.0,6.666666666666667,6.666666666666667,0.0,0.0,60.0,0.0,40.0,0.0,33.333333333333336,8.333333333333332,3.333333333333333,1.6666666666666667,3.333333333333333,0.0,1.6666666666666667,81.66666666666667,20.0,0.0,0.0,20.0,0.0,0.0,60.0,28.333333333333336,16.666666666666664,70.0,13.333333333333334,0.0,0.0,100.0,0.0,0.0,30.0
E0059,0.0,0.0,100.0,0.0,0.0,0.0,100.0,0.0,0.0,75.0,25.0,0.0,0.0,0.0,100.0,0.0,0.0,0.0,0.0,25.0,37.5,50.0,12.5,0.0,0.0,0.0,0.0,0.0,100.0,0.0,0.0,0.0,0.0,0.0,50.0,12.5,75.0,12.5,0.0,0.0,100.0,0.0,0.0,25.0
E0060,2.564102564102564,2.564102564102564,87.17948717948718,7.6923076923076925,0.0,20.0,80.0,0.0,17.435897435897438,2.564102564102564,5.128205128205128,87.17948717948718,5.128205128205128,0.0,0.0,0.0,100.0,0.0,0.0,12.82051282051282,2.564102564102564,2.564102564102564,23.07692307692308,51.28205128205128,15.384615384615383,5.128205128205128,0.0,0.0,0.0,40.0,60.0,0.0,0.0,0.0,25.64102564102564,0.0,17.94871794871795,69.23076923076923,12.82051282051282,0.0,20.0,80.0,0.0,12.82051282051282
E0061,2.702702702702702,5.405405405405405,2.702702702702702,89.1891891891892,0.0,0.0,0.0,100.0,10.810810810810809,2.702702702702702,94.5945945945946,2.702702702702702,0.0,0.0,0.0,100.0,0.0,0.0,0.0,5.405405405405404,5.405405405405405,0.0,18.91891891891892,43.24324324324324,32.432432432432435,0.0,0.0,0.0,0.0,0.0,0.0,100.0,0.0,0.0,67.56756756756756,24.324324324324326,67.56756756756756,8.108108108108109,0.0,50.0,50.0,0.0,0.0,25.67567567567568
E0062,92.5,0.0,5.0,2.5,100.0,0.0,0.0,0.0,7.5,2.5,2.5,7.5,85.0,2.5,0.0,0.0,0.0,100.0,0.0,15.0,0.0,7.5,17.5,40.0,25.0,2.5,7.5,0.0,0.0,0.0,66.66666666666666,0.0,0.0,33.33333333333333,52.49999999999999,22.5,60.0,17.5,0.0,0.0,66.66666666666666,33.33333333333333,0.0,22.499999999999996
E0063,83.33333333333334,5.555555555555555,5.555555555555555,5.555555555555555,100.0,0.0,0.0,0.0,16.666666666666664,0.0,0.0,2.7777777777777777,91.66666666666666,5.555555555555555,0.0,0.0,0.0,66.66666666666666,33.33333333333333,27.77777777777777,72.22222222222221,16.666666666666664,2.7777777777777777,2.7777777777777777,2.7777777777777777,0.0,2.7777777777777777,100.0,0.0,0.0,0.0,0.0,0.0,0.0,27.777777777777786,0.0,19.444444444444446,61.11111111111112,19.444444444444446,0.0,0.0,66.66666666666666,33.33333333333333,19.44444444444444
E0064,93.18181818181816,2.272727272727273,2.272727272727273,2.272727272727273,100.0,0.0,0.0,0.0,6.818181818181824,11.363636363636363,81.81818181818183,2.272727272727273,2.272727272727273,2.272727272727273,0.0,80.0,0.0,0.0,20.0,17.727272727272734,2.272727272727273,2.272727272727273,25.0,45.45454545454545,25.0,0.0,0.0,0.0,0.0,20.0,20.0,60.0,0.0,0.0,35.0,0.0,6.8181818181818175,65.9090909090909,27.27272727272727,0.0,40.0,60.0,0.0,33.18181818181818
E0065,5.88235294117647,85.29411764705883,2.941176470588235,5.88235294117647,33.33333333333333,66.66666666666666,0.0,0.0,27.450980392156865,0.0,8.823529411764707,2.941176470588235,88.23529411764706,0.0,0.0,0.0,0.0,100.0,0.0,11.764705882352942,61.76470588235294,17.647058823529413,5.88235294117647,0.0,2.941176470588235,8.823529411764707,2.941176470588235,33.33333333333333,33.33333333333333,0.0,0.0,0.0,33.33333333333333,0.0,40.19607843137254,5.88235294117647,79.41176470588235,14.705882352941178,0.0,0.0,66.66666666666666,33.33333333333333,0.0,18.627450980392155
E0066,13.157894736842104,10.526315789473683,73.68421052631578,2.631578947368421,50.0,0.0,50.0,0.0,36.8421052631579,0.0,2.631578947368421,5.263157894736842,7.894736842105263,84.21052631578947,0.0,0.0,0.0,0.0,100.0,15.78947368421053,0.0,2.631578947368421,34.21052631578947,39.47368421052632,15.789473684210526,5.263157894736842,2.631578947368421,0.0,0.0,0.0,100.0,0.0,0.0,0.0,60.52631578947368,18.421052631578945,55.26315789473685,26.31578947368421,0.0,0.0,0.0,100.0,0.0,73.6842105263158
E0067,0.0,0.0,93.02325581395348,6.976744186046512,0.0,0.0,100.0,0.0,6.976744186046514,2.3255813953488373,2.3255813953488373,2.3255813953488373,9.30232558139535,83.72093023255815,0.0,0.0,0.0,33.33333333333333,66.66666666666666,24.031007751937988,6.976744186046512,0.0,23.25581395348837,39.53488372093023,23.25581395348837,2.3255813953488373,4.651162790697675,0.0,0.0,0.0,33.33333333333333,33.33333333333333,33.33333333333333,0.0,41.08527131782945,18.6046511627907,69.76744186046511,11.627906976744184,0.0,33.33333333333333,66.66666666666666,0.0,0.0,14.728682170542635
E0069,0.0,0.0,6.0606060606060606,93.93939393939394,0.0,0.0,33.33333333333333,66.66666666666666,27.272727272727277,93.93939393939394,3.0303030303030303,3.0303030303030303,0.0,0.0,100.0,0.0,0.0,0.0,0.0,6.060606060606062,6.0606060606060606,0.0,0.0,24.24242424242424,42.42424242424242,27.27272727272727,0.0,0.0,0.0,0.0,66.66666666666666,0.0,33.33333333333333,0.0,48.48484848484848,9.090909090909092,78.78787878787878,12.12121212121212,0.0,0.0,100.0,0.0,0.0,21.212121212121215
E0070,0.0,97.05882352941175,2.941176470588235,0.0,0.0,100.0,0.0,0.0,2.9411764705882337,5.88235294117647,85.29411764705883,5.88235294117647,2.941176470588235,0.0,0.0,66.66666666666666,33.33333333333333,0.0,0.0,27.450980392156865,44.11764705882353,26.47058823529412,11.76470588235294,5.88235294117647,8.823529411764707,0.0,2.941176470588235,66.66666666666666,0.0,33.33333333333333,0.0,0.0,0.0,0.0,44.11764705882352,0.0,8.823529411764707,73.52941176470588,17.647058823529413,0.0,33.33333333333333,66.66666666666666,0.0,24.509803921568636
E0071,2.941176470588235,2.941176470588235,82.35294117647058,11.76470588235294,0.0,0.0,0.0,100.0,88.23529411764704,91.17647058823528,0.0,0.0,8.823529411764707,0.0,100.0,0.0,0.0,0.0,0.0,8.823529411764708,11.76470588235294,11.76470588235294,2.941176470588235,11.76470588235294,35.294117647058826,26.47058823529412,0.0,0.0,0.0,0.0,0.0,100.0,0.0,0.0,64.70588235294117,0.0,14.705882352941178,76.47058823529412,8.823529411764707,0.0,0.0,100.0,0.0,23.529411764705884
E0072,2.702702702702702,10.81081081081081,16.216216216216218,70.27027027027027,0.0,0.0,0.0,100.0,29.729729729729726,0.0,0.0,5.405405405405405,91.8918918918919,2.702702702702702,0.0,0.0,0.0,100.0,0.0,8.108108108108103,0.0,21.62162162162162,48.64864864864865,27.027027027027028,2.702702702702702,0.0,0.0,0.0,33.33333333333333,66.66666666666666,0.0,0.0,0.0,0.0,29.729729729729723,18.91891891891892,70.27027027027027,10.81081081081081,0.0,33.33333333333333,66.66666666666666,0.0,0.0,14.414414414414418
E0074,10.526315789473683,7.894736842105263,76.31578947368422,5.263157894736842,33.33333333333333,0.0,66.66666666666666,0.0,22.80701754385965,0.0,0.0,10.526315789473683,81.57894736842105,7.894736842105263,0.0,0.0,0.0,100.0,0.0,18.421052631578945,50.0,26.31578947368421,5.263157894736842,2.631578947368421,7.894736842105263,5.263157894736842,2.631578947368421,33.33333333333333,33.33333333333333,0.0,0.0,33.33333333333333,0.0,0.0,32.45614035087719,10.526315789473683,68.42105263157895,21.052631578947366,0.0,0.0,66.66666666666666,33.33333333333333,0.0,12.280701754385966
E0075,4.838709677419355,6.451612903225806,88.70967741935483,0.0,25.0,0.0,75.0,0.0,20.16129032258064,1.6129032258064515,0.0,1.6129032258064515,96.7741935483871,0.0,0.0,0.0,0.0,100.0,0.0,3.2258064516129,3.225806451612903,1.6129032258064515,3.225806451612903,4.838709677419355,4.838709677419355,1.6129032258064515,80.64516129032258,0.0,0.0,0.0,0.0,0.0,0.0,100.0,19.354838709677423,0.0,17.741935483870968,67.74193548387096,14.516129032258066,0.0,0.0,100.0,0.0,32.25806451612904
E0077,4.0,94.0,0.0,2.0,20.0,80.0,0.0,0.0,16.0,2.0,4.0,2.0,8.0,84.0,0.0,0.0,0.0,0.0,100.0,16.0,24.0,54.0,12.0,6.0,0.0,2.0,2.0,20.0,60.0,0.0,20.0,0.0,0.0,0.0,20.0,30.0,62.0,8.0,0.0,60.0,20.0,20.0,0.0,42.0
E0078,13.157894736842104,2.631578947368421,76.31578947368422,7.894736842105263,0.0,0.0,66.66666666666666,33.33333333333333,25.43859649122808,0.0,0.0,0.0,94.73684210526316,5.263157894736842,0.0,0.0,0.0,100.0,0.0,5.263157894736846,21.052631578947366,44.73684210526316,18.421052631578945,5.263157894736842,2.631578947368421,5.263157894736842,2.631578947368421,0.0,66.66666666666666,33.33333333333333,0.0,0.0,0.0,0.0,36.84210526315788,0.0,13.157894736842104,65.78947368421053,21.052631578947366,0.0,0.0,100.0,0.0,34.210526315789465
E0079,0.0,0.0,0.0,100.0,0.0,0.0,0.0,100.0,0.0,3.125,0.0,87.5,6.25,3.125,0.0,0.0,100.0,0.0,0.0,12.5,3.125,3.125,12.5,65.625,15.625,0.0,0.0,0.0,0.0,0.0,80.0,20.0,0.0,0.0,18.75,25.0,59.375,15.625,0.0,20.0,60.0,20.0,0.0,5.0
E0080,5.0,5.0,82.5,7.5,0.0,0.0,100.0,0.0,17.5,2.5,0.0,5.0,7.5,85.0,0.0,0.0,0.0,0.0,100.0,15.0,0.0,22.5,62.5,2.5,7.5,5.0,0.0,0.0,0.0,100.0,0.0,0.0,0.0,0.0,37.5,20.0,67.5,12.5,0.0,0.0,100.0,0.0,0.0,32.5
E0081,96.05263157894736,2.631578947368421,0.0,1.3157894736842104,87.5,12.5,0.0,0.0,9.86842105263158,0.0,3.947368421052632,3.947368421052632,88.1578947368421,3.947368421052632,0.0,0.0,0.0,100.0,0.0,11.8421052631579,59.210526315789465,25.0,2.631578947368421,2.631578947368421,3.947368421052632,3.947368421052632,2.631578947368421,62.5,25.0,0.0,0.0,0.0,12.5,0.0,11.8421052631579,88.1578947368421,11.842105263157894,0.0,0.0,75.0,25.0,0.0,0.0,13.1578947368421
E0082,2.857142857142857,8.571428571428571,74.28571428571429,14.285714285714285,0.0,0.0,83.33333333333334,16.666666666666664,11.42857142857143,2.857142857142857,2.857142857142857,5.714285714285714,85.71428571428571,2.857142857142857,16.666666666666664,0.0,0.0,66.66666666666666,16.666666666666664,27.61904761904762,25.71428571428571,40.0,20.0,0.0,5.714285714285714,8.571428571428571,0.0,16.666666666666664,33.33333333333333,16.666666666666664,0.0,0.0,33.33333333333333,0.0,24.761904761904766,20.0,68.57142857142857,11.428571428571429,0.0,16.666666666666664,83.33333333333334,0.0,0.0,14.76190476190477
E0083,68.42105263157895,13.157894736842104,13.157894736842104,5.263157894736842,50.0,0.0,50.0,0.0,36.84210526315789,89.47368421052632,5.263157894736842,2.631578947368421,0.0,2.631578947368421,100.0,0.0,0.0,0.0,0.0,10.526315789473683,5.263157894736842,57.89473684210527,23.684210526315788,0.0,5.263157894736842,2.631578947368421,5.263157894736842,50.0,0.0,0.0,0.0,50.0,0.0,0.0,89.47368421052632,15.789473684210526,68.42105263157895,15.789473684210526,0.0,0.0,100.0,0.0,0.0,31.57894736842105
E0084,0.0,6.896551724137931,3.4482758620689653,89.65517241379311,0.0,0.0,0.0,100.0,10.344827586206891,86.20689655172413,6.896551724137931,6.896551724137931,0.0,0.0,100.0,0.0,0.0,0.0,0.0,13.793103448275865,10.344827586206897,44.82758620689656,27.58620689655172,10.344827586206897,3.4482758620689653,0.0,3.4482758620689653,0.0,66.66666666666666,33.33333333333333,0.0,0.0,0.0,0.0,27.58620689655172,13.79310344827586,68.96551724137932,17.24137931034483,0.0,0.0,100.0,0.0,0.0,31.034482758620683
E0086,11.11111111111111,0.0,4.761904761904762,84.12698412698413,0.0,0.0,0.0,100.0,15.873015873015872,0.0,0.0,1.5873015873015872,95.23809523809524,3.1746031746031744,0.0,0.0,0.0,100.0,0.0,4.761904761904767,3.1746031746031744,0.0,20.634920634920636,60.31746031746032,14.285714285714285,1.5873015873015872,0.0,0.0,0.0,16.666666666666664,83.33333333333334,0.0,0.0,0.0,23.015873015873023,0.0,17.46031746031746,65.07936507936508,17.46031746031746,0.0,16.666666666666664,83.33333333333334,0.0,18.25396825396826
E0087,2.5,0.0,97.5,0.0,0.0,0.0,100.0,0.0,2.5,5.0,87.5,2.5,5.0,0.0,0.0,100.0,0.0,0.0,0.0,12.5,22.5,42.5,22.5,5.0,2.5,5.0,0.0,50.0,0.0,0.0,0.0,50.0,0.0,0.0,75.0,77.5,22.5,0.0,0.0,100.0,0.0,0.0,0.0,22.5
E0088,97.5609756097561,2.4390243902439024,0.0,0.0,100.0,0.0,0.0,0.0,2.439024390243902,85.36585365853658,2.4390243902439024,4.878048780487805,4.878048780487805,2.4390243902439024,66.66666666666666,0.0,0.0,33.33333333333333,0.0,28.455284552845526,14.634146341463412,56.09756097560976,14.634146341463412,4.878048780487805,4.878048780487805,2.4390243902439024,2.4390243902439024,0.0,66.66666666666666,0.0,33.33333333333333,0.0,0.0,0.0,39.02439024390242,7.317073170731707,78.04878048780488,14.634146341463412,0.0,0.0,100.0,0.0,0.0,21.951219512195124
E0090,2.5316455696202533,6.329113924050633,89.87341772151899,1.2658227848101269,0.0,16.666666666666664,83.33333333333334,0.0,10.33755274261603,0.0,1.2658227848101269,3.79746835443038,94.9367088607595,0.0,0.0,0.0,16.666666666666664,83.33333333333334,0.0,12.869198312236282,2.5316455696202533,5.063291139240507,2.5316455696202533,2.5316455696202533,6.329113924050633,1.2658227848101269,79.74683544303798,16.666666666666664,0.0,0.0,16.666666666666664,0.0,0.0,66.66666666666666,28.27004219409283,18.9873417721519,65.82278481012658,15.18987341772152,0.0,16.666666666666664,83.33333333333334,0.0,0.0,17.51054852320676
E0091,64.86486486486487,10.81081081081081,10.81081081081081,13.513513513513514,66.66666666666666,0.0,0.0,33.33333333333333,21.62162162162161,8.108108108108109,5.405405405405405,2.702702702702702,75.67567567567568,8.108108108108109,66.66666666666666,0.0,0.0,33.33333333333333,0.0,58.55855855855856,5.405405405405405,2.702702702702702,0.0,13.513513513513514,5.405405405405405,2.702702702702702,70.27027027027027,33.33333333333333,0.0,0.0,0.0,0.0,0.0,66.66666666666666,27.92792792792793,10.81081081081081,62.16216216216216,27.027027027027028,0.0,0.0,66.66666666666666,33.33333333333333,0.0,10.810810810810803
E0092,17.5,12.5,65.0,5.0,20.0,0.0,80.0,0.0,17.5,2.5,87.5,7.5,2.5,0.0,0.0,100.0,0.0,0.0,0.0,12.5,0.0,2.5,5.0,22.5,40.0,30.0,0.0,0.0,0.0,0.0,60.0,20.0,20.0,0.0,37.5,17.5,67.5,15.0,0.0,0.0,100.0,0.0,0.0,32.5
E0093,89.58333333333334,6.25,2.083333333333333,2.083333333333333,75.0,25.0,0.0,0.0,18.750000000000007,0.0,2.083333333333333,4.166666666666666,10.416666666666668,83.33333333333334,0.0,25.0,0.0,50.0,25.0,62.5,35.41666666666667,47.91666666666667,10.416666666666668,2.083333333333333,2.083333333333333,0.0,2.083333333333333,25.0,75.0,0.0,0.0,0.0,0.0,0.0,27.08333333333334,89.58333333333334,10.416666666666668,0.0,0.0,100.0,0.0,0.0,0.0,10.416666666666664
E0094,0.0,81.25,9.375,9.375,0.0,100.0,0.0,0.0,18.75,0.0,0.0,0.0,100.0,0.0,0.0,0.0,0.0,100.0,0.0,0.0,46.875,34.375,9.375,0.0,0.0,0.0,9.375,0.0,50.0,50.0,0.0,0.0,0.0,0.0,56.25,18.75,65.625,15.625,0.0,50.0,50.0,0.0,0.0,31.25
E0095,4.651162790697675,2.3255813953488373,81.3953488372093,11.627906976744184,0.0,0.0,100.0,0.0,18.6046511627907,100.0,0.0,0.0,0.0,0.0,100.0,0.0,0.0,0.0,0.0,0.0,27.906976744186046,44.18604651162791,16.27906976744186,2.3255813953488373,2.3255813953488373,4.651162790697675,2.3255813953488373,100.0,0.0,0.0,0.0,0.0,0.0,0.0,72.09302325581397,9.30232558139535,62.7906976744186,27.906976744186046,0.0,50.0,50.0,0.0,0.0,40.69767441860465
E0096,83.33333333333334,8.333333333333332,5.555555555555555,2.7777777777777777,100.0,0.0,0.0,0.0,16.66666666666666,0.0,97.2222222222222,2.7777777777777777,0.0,0.0,0.0,100.0,0.0,0.0,0.0,2.7777777777777817,19.444444444444446,61.11111111111112,16.666666666666664,0.0,0.0,0.0,2.7777777777777777,0.0,50.0,50.0,0.0,0.0,0.0,0.0,33.333333333333336,86.11111111111111,13.88888888888889,0.0,0.0,100.0,0.0,0.0,0.0,13.888888888888888
E0097,0.0,0.0,92.5,7.5,0.0,0.0,100.0,0.0,7.5,0.0,0.0,2.5,2.5,95.0,0.0,0.0,0.0,0.0,100.0,5.0,5.0,25.0,42.5,20.0,2.5,2.5,2.5,33.33333333333333,0.0,66.66666666666666,0.0,0.0,0.0,0.0,52.49999999999999,12.5,65.0,22.5,0.0,0.0,66.66666666666666,33.33333333333333,0.0,12.499999999999991
E0098,4.545454545454546,13.636363636363637,75.0,6.8181818181818175,0.0,0.0,80.0,20.0,18.18181818181818,0.0,97.72727272727272,0.0,0.0,2.272727272727273,0.0,100.0,0.0,0.0,0.0,2.27272727272727,4.545454545454546,0.0,0.0,15.909090909090908,59.09090909090909,18.181818181818183,2.272727272727273,0.0,0.0,0.0,20.0,60.0,0.0,20.0,22.727272727272727,20.454545454545457,61.36363636363637,18.181818181818183,0.0,20.0,40.0,40.0,0.0,21.81818181818182
E0100,2.702702702702702,94.5945945945946,2.702702702702702,0.0,0.0,100.0,0.0,0.0,5.405405405405404,5.405405405405405,0.0,0.0,2.702702702702702,91.8918918918919,0.0,0.0,0.0,0.0,100.0,8.108108108108103,5.405405405405405,8.108108108108109,0.0,21.62162162162162,40.54054054054054,24.324324324324326,0.0,0.0,0.0,0.0,0.0,0.0,100.0,0.0,75.67567567567568,0.0,24.324324324324326,54.054054054054056,21.62162162162162,0.0,33.33333333333333,33.33333333333333,33.33333333333333,20.72072072072072
E0101,6.25,0.0,3.125,90.625,50.0,0.0,0.0,50.0,43.75,9.375,81.25,6.25,3.125,0.0,0.0,100.0,0.0,0.0,0.0,18.75,15.625,46.875,31.25,0.0,6.25,0.0,0.0,50.0,0.0,0.0,0.0,50.0,0.0,0.0,78.125,87.5,12.5,0.0,0.0,100.0,0.0,0.0,0.0,12.5
E0102,5.128205128205128,92.3076923076923,0.0,2.564102564102564,33.33333333333333,66.66666666666666,0.0,0.0,28.205128205128208,0.0,0.0,92.3076923076923,5.128205128205128,2.564102564102564,0.0,0.0,100.0,0.0,0.0,7.6923076923076925,2.564102564102564,7.6923076923076925,23.07692307692308,48.71794871794872,17.94871794871795,0.0,0.0,0.0,33.33333333333333,0.0,33.33333333333333,33.33333333333333,0.0,0.0,41.02564102564102,84.61538461538461,15.384615384615383,0.0,0.0,66.66666666666666,33.33333333333333,0.0,0.0,17.94871794871795
E0104,9.090909090909092,2.272727272727273,86.36363636363636,2.272727272727273,0.0,0.0,100.0,0.0,13.63636363636364,88.63636363636364,6.8181818181818175,2.272727272727273,0.0,2.272727272727273,100.0,0.0,0.0,0.0,0.0,11.363636363636362,75.0,6.8181818181818175,6.8181818181818175,2.272727272727273,0.0,4.545454545454546,4.545454545454546,100.0,0.0,0.0,0.0,0.0,0.0,0.0,25.0,22.727272727272727,68.18181818181817,9.090909090909092,0.0,50.0,50.0,0.0,0.0,27.27272727272727
E0105,0.0,0.0,95.34883720930232,4.651162790697675,0.0,0.0,100.0,0.0,4.651162790697672,90.69767441860463,2.3255813953488373,2.3255813953488373,2.3255813953488373,2.3255813953488373,100.0,0.0,0.0,0.0,0.0,9.302325581395351,2.3255813953488373,0.0,27.906976744186046,46.51162790697674,18.6046511627907,2.3255813953488373,2.3255813953488373,0.0,0.0,60.0,20.0,20.0,0.0,0.0,33.48837209302325,13.953488372093023,72.09302325581395,13.953488372093023,0.0,40.0,60.0,0.0,0.0,26.046511627906973
E0108,11.940298507462686,4.477611940298507,79.1044776119403,4.477611940298507,0.0,0.0,85.71428571428571,14.285714285714285,16.41791044776119,1.4925373134328357,7.462686567164178,5.970149253731343,82.08955223880598,2.985074626865672,0.0,0.0,0.0,100.0,0.0,17.91044776119402,17.91044776119403,46.26865671641791,23.88059701492537,4.477611940298507,2.985074626865672,1.4925373134328357,2.985074626865672,42.85714285714285,28.57142857142857,14.285714285714285,14.285714285714285,0.0,0.0,0.0,34.7547974413646,0.0,8.955223880597014,82.08955223880598,8.955223880597014,0.0,0.0,71.42857142857143,28.57142857142857,19.61620469083156
E0109,9.523809523809524,16.666666666666664,71.42857142857143,2.380952380952381,0.0,0.0,100.0,0.0,28.57142857142857,0.0,100.0,0.0,0.0,0.0,0.0,100.0,0.0,0.0,0.0,0.0,0.0,2.380952380952381,21.428571428571427,54.761904761904766,14.285714285714285,2.380952380952381,4.761904761904762,0.0,25.0,0.0,50.0,25.0,0.0,0.0,33.333333333333336,11.904761904761903,52.38095238095239,35.714285714285715,0.0,0.0,75.0,25.0,0.0,22.619047619047617
E0110,97.36842105263158,0.0,0.0,2.631578947368421,100.0,0.0,0.0,0.0,2.631578947368423,2.631578947368421,0.0,0.0,94.73684210526316,2.631578947368421,0.0,0.0,0.0,100.0,0.0,5.263157894736846,0.0,10.526315789473683,0.0,13.157894736842104,36.84210526315789,39.47368421052632,0.0,0.0,33.33333333333333,0.0,0.0,0.0,66.66666666666666,0.0,49.99999999999999,21.052631578947366,57.89473684210527,21.052631578947366,0.0,0.0,100.0,0.0,0.0,42.10526315789473
E0111,83.72093023255815,4.651162790697675,8.13953488372093,3.488372093023256,100.0,0.0,0.0,0.0,16.279069767441857,3.488372093023256,88.37209302325581,2.3255813953488373,3.488372093023256,2.3255813953488373,0.0,100.0,0.0,0.0,0.0,11.627906976744184,31.3953488372093,32.55813953488372,25.58139534883721,4.651162790697675,1.162790697674419,1.162790697674419,3.488372093023256,20.0,40.0,20.0,0.0,0.0,20.0,0.0,26.27906976744186,18.6046511627907,65.11627906976744,16.27906976744186,0.0,0.0,100.0,0.0,0.0,34.88372093023256
E0113,92.10526315789474,5.263157894736842,2.631578947368421,0.0,100.0,0.0,0.0,0.0,7.894736842105262,7.894736842105263,5.263157894736842,76.31578947368422,7.894736842105263,2.631578947368421,0.0,0.0,100.0,0.0,0.0,23.68421052631578,21.052631578947366,52.63157894736842,18.421052631578945,0.0,2.631578947368421,5.263157894736842,0.0,50.0,50.0,0.0,0.0,0.0,0.0,0.0,28.94736842105263,15.789473684210526,71.05263157894737,13.157894736842104,0.0,50.0,50.0,0.0,0.0,34.21052631578947
E0114,97.5,2.5,0.0,0.0,100.0,0.0,0.0,0.0,2.5,2.5,0.0,5.0,82.5,10.0,0.0,0.0,0.0,100.0,0.0,17.5,0.0,25.0,40.0,25.0,0.0,5.0,5.0,0.0,0.0,0.0,100.0,0.0,0.0,0.0,75.0,17.5,70.0,12.5,0.0,0.0,100.0,0.0,0.0,30.0
E0115,97.36842105263158,2.631578947368421,0.0,0.0,100.0,0.0,0.0,0.0,2.631578947368423,2.631578947368421,5.263157894736842,2.631578947368421,2.631578947368421,86.8421052631579,0.0,0.0,0.0,0.0,100.0,13.1578947368421,0.0,0.0,23.684210526315788,55.26315789473685,18.421052631578945,0.0,2.631578947368421,0.0,0.0,66.66666666666666,33.33333333333333,0.0,0.0,0.0,42.98245614035088,0.0,18.421052631578945,68.42105263157895,13.157894736842104,0.0,33.33333333333333,66.66666666666666,0.0,14.912280701754389
E0116,2.7777777777777777,6.944444444444445,81.94444444444444,8.333333333333332,0.0,0.0,100.0,0.0,18.05555555555556,2.7777777777777777,1.3888888888888888,6.944444444444445,76.38888888888889,12.5,0.0,0.0,16.666666666666664,66.66666666666666,16.666666666666664,13.88888888888889,2.7777777777777777,2.7777777777777777,26.38888888888889,44.44444444444444,16.666666666666664,6.944444444444445,0.0,0.0,0.0,16.666666666666664,66.66666666666666,16.666666666666664,0.0,0.0,22.222222222222214,19.444444444444446,65.27777777777779,15.27777777777778,0.0,16.666666666666664,83.33333333333334,0.0,0.0,18.05555555555556
E0117,89.74358974358975,2.564102564102564,7.6923076923076925,0.0,66.66666666666666,33.33333333333333,0.0,0.0,30.769230769230777,10.256410256410255,84.61538461538461,5.128205128205128,0.0,0.0,0.0,33.33333333333333,66.66666666666666,0.0,0.0,61.53846153846153,2.564102564102564,7.6923076923076925,0.0,5.128205128205128,2.564102564102564,2.564102564102564,79.48717948717949,0.0,33.33333333333333,0.0,0.0,0.0,0.0,66.66666666666666,25.64102564102564,17.94871794871795,66.66666666666666,15.384615384615383,0.0,66.66666666666666,33.33333333333333,0.0,0.0,48.71794871794872
E0118,8.333333333333332,2.7777777777777777,86.11111111111111,2.7777777777777777,0.0,0.0,100.0,0.0,13.888888888888888,0.0,5.555555555555555,2.7777777777777777,86.11111111111111,5.555555555555555,0.0,0.0,0.0,50.0,50.0,44.44444444444444,13.88888888888889,55.55555555555556,27.77777777777778,0.0,0.0,2.7777777777777777,0.0,0.0,50.0,0.0,0.0,0.0,50.0,0.0,47.22222222222223,25.0,55.55555555555556,19.444444444444446,0.0,0.0,50.0,50.0,0.0,30.55555555555556
E0119,18.181818181818183,3.0303030303030303,66.66666666666666,12.12121212121212,0.0,0.0,100.0,0.0,33.33333333333334,100.0,0.0,0.0,0.0,0.0,100.0,0.0,0.0,0.0,0.0,0.0,0.0,0.0,24.24242424242424,57.57575757575758,15.151515151515152,3.0303030303030303,0.0,0.0,0.0,0.0,100.0,0.0,0.0,0.0,42.42424242424242,84.84848484848484,15.151515151515152,0.0,0.0,100.0,0.0,0.0,0.0,15.151515151515154
E0120,11.11111111111111,7.4074074074074066,0.0,81.48148148148148,0.0,0.0,0.0,100.0,18.51851851851852,0.0,100.0,0.0,0.0,0.0,0.0,100.0,0.0,0.0,0.0,0.0,3.7037037037037033,0.0,22.22222222222222,44.44444444444444,25.925925925925924,0.0,3.7037037037037033,0.0,0.0,33.33333333333333,66.66666666666666,0.0,0.0,0.0,33.33333333333333,85.18518518518519,14.814814814814811,0.0,0.0,100.0,0.0,0.0,0.0,14.814814814814811
E0121,93.02325581395348,0.0,4.651162790697675,2.3255813953488373,100.0,0.0,0.0,0.0,6.976744186046515,13.953488372093023,69.76744186046511,0.0,13.953488372093023,2.3255813953488373,0.0,100.0,0.0,0.0,0.0,30.23255813953488,4.651162790697675,0.0,2.3255813953488373,0.0,32.55813953488372,58.13953488372093,2.3255813953488373,0.0,0.0,0.0,0.0,14.285714285714285,71.42857142857143,14.285714285714285,25.249169435215947,13.953488372093023,65.11627906976744,20.930232558139537,0.0,28.57142857142857,71.42857142857143,0.0,0.0,20.930232558139537
E0122,3.333333333333333,0.0,93.33333333333331,3.333333333333333,0.0,0.0,100.0,0.0,6.66666666666667,6.666666666666667,6.666666666666667,0.0,20.0,66.66666666666666,0.0,0.0,0.0,0.0,100.0,33.33333333333334,23.33333333333333,40.0,23.33333333333333,0.0,0.0,6.666666666666667,6.666666666666667,0.0,75.0,25.0,0.0,0.0,0.0,0.0,36.66666666666667,83.33333333333334,16.666666666666664,0.0,0.0,75.0,25.0,0.0,0.0,8.33333333333334
E0123,89.0625,1.5625,4.6875,4.6875,66.66666666666666,0.0,0.0,33.33333333333333,28.645833333333336,4.6875,6.25,85.9375,3.125,0.0,16.666666666666664,16.666666666666664,66.66666666666666,0.0,0.0,22.395833333333336,1.5625,4.6875,1.5625,21.875,48.4375,18.75,3.125,0.0,0.0,0.0,33.33333333333333,50.0,16.666666666666664,0.0,13.020833333333332,10.9375,65.625,23.4375,0.0,16.666666666666664,66.66666666666666,16.666666666666664,0.0,6.770833333333329
E0124,86.48648648648648,8.108108108108109,5.405405405405405,0.0,50.0,0.0,50.0,0.0,44.5945945945946,2.702702702702702,91.8918918918919,0.0,5.405405405405405,0.0,0.0,100.0,0.0,0.0,0.0,8.108108108108102,0.0,5.405405405405405,21.62162162162162,51.35135135135135,16.216216216216218,2.702702702702702,2.702702702702702,0.0,25.0,25.0,50.0,0.0,0.0,0.0,22.97297297297297,0.0,18.91891891891892,72.97297297297297,8.108108108108109,0.0,0.0,75.0,25.0,18.91891891891892
E0125,9.67741935483871,3.225806451612903,12.903225806451612,74.19354838709677,0.0,33.33333333333333,0.0,66.66666666666666,30.107526881720432,6.451612903225806,3.225806451612903,83.87096774193549,3.225806451612903,3.225806451612903,0.0,33.33333333333333,66.66666666666666,0.0,0.0,30.107526881720435,12.903225806451612,54.83870967741935,16.129032258064516,9.67741935483871,6.451612903225806,0.0,0.0,33.33333333333333,0.0,33.33333333333333,0.0,33.33333333333333,0.0,0.0,64.51612903225805,0.0,12.903225806451612,70.96774193548387,16.129032258064516,0.0,0.0,66.66666666666666,33.33333333333333,17.20430107526882
E0126,97.2222222222222,2.7777777777777777,0.0,0.0,100.0,0.0,0.0,0.0,2.7777777777777817,0.0,5.555555555555555,2.7777777777777777,88.88888888888889,2.7777777777777777,0.0,0.0,0.0,100.0,0.0,11.111111111111112,2.7777777777777777,36.11111111111111,38.88888888888889,16.666666666666664,0.0,2.7777777777777777,2.7777777777777777,0.0,100.0,0.0,0.0,0.0,0.0,0.0,63.888888888888886,16.666666666666664,72.22222222222221,11.11111111111111,0.0,100.0,0.0,0.0,0.0,83.33333333333333
E0127,75.0,5.555555555555555,5.555555555555555,13.88888888888889,100.0,0.0,0.0,0.0,25.0,86.11111111111111,2.7777777777777777,2.7777777777777777,5.555555555555555,2.7777777777777777,100.0,0.0,0.0,0.0,0.0,13.88888888888889,22.22222222222222,52.77777777777778,11.11111111111111,2.7777777777777777,11.11111111111111,0.0,0.0,50.0,50.0,0.0,0.0,0.0,0.0,0.0,27.77777777777778,8.333333333333332,75.0,16.666666666666664,0.0,25.0,75.0,0.0,0.0,16.666666666666664
E0128,92.10526315789474,5.263157894736842,0.0,2.631578947368421,75.0,0.0,0.0,25.0,22.368421052631582,0.0,2.631578947368421,2.631578947368421,5.263157894736842,89.47368421052632,0.0,0.0,0.0,0.0,100.0,10.526315789473683,5.263157894736842,5.263157894736842,13.157894736842104,57.89473684210527,18.421052631578945,0.0,0.0,0.0,50.0,0.0,25.0,25.0,0.0,0.0,51.31578947368421,0.0,18.421052631578945,65.78947368421053,15.789473684210526,0.0,0.0,50.0,50.0,34.21052631578948
E0129,0.0,2.564102564102564,97.43589743589745,0.0,0.0,0.0,100.0,0.0,2.5641025641025665,2.564102564102564,5.128205128205128,87.17948717948718,2.564102564102564,2.564102564102564,0.0,16.666666666666664,83.33333333333334,0.0,0.0,11.538461538461531,2.564102564102564,5.128205128205128,5.128205128205128,2.564102564102564,17.94871794871795,61.53846153846154,5.128205128205128,0.0,0.0,0.0,0.0,33.33333333333333,66.66666666666666,0.0,20.512820512820504,0.0,10.256410256410255,76.92307692307693,12.82051282051282,0.0,0.0,83.33333333333334,16.666666666666664,10.256410256410255
E0130,6.0606060606060606,3.0303030303030303,84.84848484848484,6.0606060606060606,0.0,0.0,100.0,0.0,15.151515151515152,9.090909090909092,66.66666666666666,9.090909090909092,6.0606060606060606,9.090909090909092,0.0,0.0,0.0,100.0,0.0,93.93939393939394,3.0303030303030303,3.0303030303030303,24.24242424242424,39.39393939393939,24.24242424242424,6.0606060606060606,0.0,0.0,0.0,0.0,100.0,0.0,0.0,0.0,60.60606060606061,87.87878787878788,12.12121212121212,0.0,0.0,100.0,0.0,0.0,0.0,12.121212121212125
E0131,0.0,6.896551724137931,93.10344827586206,0.0,0.0,0.0,100.0,0.0,6.896551724137933,0.0,10.344827586206897,82.75862068965517,0.0,6.896551724137931,0.0,0.0,100.0,0.0,0.0,17.241379310344826,0.0,6.896551724137931,31.03448275862069,48.27586206896552,10.344827586206897,0.0,3.4482758620689653,0.0,0.0,50.0,50.0,0.0,0.0,0.0,20.689655172413797,3.4482758620689653,75.86206896551724,20.689655172413797,0.0,0.0,100.0,0.0,0.0,24.13793103448276
E0132,97.77777777777776,0.0,0.0,2.2222222222222223,87.5,0.0,0.0,12.5,10.277777777777777,8.88888888888889,82.22222222222221,6.666666666666667,0.0,2.2222222222222223,0.0,87.5,0.0,0.0,12.5,15.55555555555556,2.2222222222222223,13.333333333333334,55.55555555555556,24.444444444444443,2.2222222222222223,0.0,2.2222222222222223,0.0,12.5,62.5,12.5,12.5,0.0,0.0,17.22222222222222,17.77777777777778,64.44444444444444,17.77777777777778,0.0,37.5,50.0,12.5,0.0,19.72222222222222
E0134,0.0,0.0,100.0,0.0,0.0,0.0,100.0,0.0,0.0,9.523809523809524,66.66666666666666,11.904761904761903,2.380952380952381,9.523809523809524,0.0,50.0,25.0,0.0,25.0,28.57142857142857,14.285714285714285,52.38095238095239,21.428571428571427,2.380952380952381,2.380952380952381,0.0,7.142857142857142,0.0,25.0,25.0,0.0,0.0,0.0,50.0,46.42857142857143,0.0,19.047619047619047,71.42857142857143,9.523809523809524,0.0,25.0,75.0,0.0,9.523809523809522
E0135,3.333333333333333,1.6666666666666667,93.33333333333331,1.6666666666666667,0.0,0.0,100.0,0.0,6.666666666666669,1.6666666666666667,5.0,6.666666666666667,83.33333333333334,3.333333333333333,0.0,28.57142857142857,0.0,71.42857142857143,0.0,23.571428571428577,3.333333333333333,23.33333333333333,36.66666666666666,20.0,3.333333333333333,11.666666666666666,1.6666666666666667,0.0,42.85714285714285,14.285714285714285,28.57142857142857,0.0,0.0,14.285714285714285,40.71428571428572,83.33333333333334,16.666666666666664,0.0,0.0,71.42857142857143,28.57142857142857,0.0,0.0,11.904761904761909
E0136,96.875,0.0,3.125,0.0,100.0,0.0,0.0,0.0,3.125,12.5,81.25,6.25,0.0,0.0,33.33333333333333,66.66666666666666,0.0,0.0,0.0,20.833333333333336,18.75,43.75,25.0,3.125,3.125,6.25,0.0,0.0,66.66666666666666,33.33333333333333,0.0,0.0,0.0,0.0,31.249999999999996,0.0,18.75,65.625,15.625,0.0,0.0,66.66666666666666,33.33333333333333,18.749999999999996
E0137,4.10958904109589,0.0,93.15068493150685,2.73972602739726,0.0,0.0,100.0,0.0,6.849315068493153,0.0,97.26027397260276,0.0,2.73972602739726,0.0,0.0,100.0,0.0,0.0,0.0,2.739726027397257,19.17808219178082,49.31506849315068,17.80821917808219,5.47945205479452,0.0,2.73972602739726,5.47945205479452,0.0,100.0,0.0,0.0,0.0,0.0,0.0,50.68493150684932,24.65753424657534,61.64383561643836,13.6986301369863,0.0,0.0,0.0,100.0,0.0,86.3013698630137
E0138,95.08196721311477,0.0,4.918032786885246,0.0,100.0,0.0,0.0,0.0,4.918032786885247,78.68852459016394,4.918032786885246,9.836065573770492,4.918032786885246,1.639344262295082,71.42857142857143,14.285714285714285,14.285714285714285,0.0,0.0,13.817330210772832,1.639344262295082,14.754098360655735,49.18032786885246,24.59016393442623,3.278688524590164,4.918032786885246,1.639344262295082,0.0,14.285714285714285,57.14285714285714,0.0,0.0,28.57142857142857,0.0,31.615925058548008,0.0,18.0327868852459,62.29508196721312,19.672131147540984,0.0,14.285714285714285,28.57142857142857,57.14285714285714,37.47072599531616
E0139,12.12121212121212,0.0,81.81818181818183,6.0606060606060606,0.0,0.0,100.0,0.0,18.181818181818176,9.090909090909092,78.78787878787878,6.0606060606060606,6.0606060606060606,0.0,0.0,0.0,100.0,0.0,0.0,93.93939393939394,12.12121212121212,54.54545454545454,12.12121212121212,3.0303030303030303,3.0303030303030303,6.0606060606060606,9.090909090909092,0.0,100.0,0.0,0.0,0.0,0.0,0.0,45.45454545454546,27.27272727272727,57.57575757575758,15.151515151515152,0.0,100.0,0.0,0.0,0.0,72.72727272727273
E0140,100.0,0.0,0.0,0.0,100.0,0.0,0.0,0.0,0.0,82.35294117647058,11.76470588235294,2.941176470588235,2.941176470588235,0.0,100.0,0.0,0.0,0.0,0.0,17.647058823529413,35.294117647058826,38.23529411764706,14.705882352941178,5.88235294117647,0.0,5.88235294117647,0.0,33.33333333333333,33.33333333333333,0.0,33.33333333333333,0.0,0.0,0.0,27.45098039215687,0.0,17.647058823529413,73.52941176470588,8.823529411764707,0.0,0.0,100.0,0.0,26.47058823529412
E0141,2.7777777777777777,97.2222222222222,0.0,0.0,0.0,100.0,0.0,0.0,2.7777777777777817,2.7777777777777777,5.555555555555555,2.7777777777777777,8.333333333333332,80.55555555555556,0.0,50.0,0.0,0.0,50.0,44.44444444444444,8.333333333333332,8.333333333333332,52.77777777777778,13.88888888888889,5.555555555555555,2.7777777777777777,8.333333333333332,50.0,0.0,50.0,0.0,0.0,0.0,0.0,41.66666666666666,86.11111111111111,13.88888888888889,0.0,0.0,50.0,50.0,0.0,0.0,36.11111111111112
E0142,0.0,2.702702702702702,97.2972972972973,0.0,0.0,0.0,100.0,0.0,2.702702702702698,67.56756756756756,13.513513513513514,8.108108108108109,8.108108108108109,2.702702702702702,0.0,33.33333333333333,0.0,33.33333333333333,33.33333333333333,75.67567567567566,70.27027027027027,24.324324324324326,0.0,2.702702702702702,0.0,2.702702702702702,0.0,100.0,0.0,0.0,0.0,0.0,0.0,0.0,29.729729729729726,18.91891891891892,62.16216216216216,18.91891891891892,0.0,33.33333333333333,66.66666666666666,0.0,0.0,18.918918918918912
E0144,3.4482758620689653,0.0,87.93103448275862,8.620689655172415,0.0,0.0,50.0,50.0,41.37931034482759,74.13793103448276,10.344827586206897,6.896551724137931,5.172413793103448,3.4482758620689653,100.0,0.0,0.0,0.0,0.0,25.86206896551724,5.172413793103448,1.7241379310344829,1.7241379310344829,8.620689655172415,24.13793103448276,55.172413793103445,3.4482758620689653,0.0,16.666666666666664,0.0,16.666666666666664,33.33333333333333,33.33333333333333,0.0,32.18390804597701,0.0,24.13793103448276,58.620689655172406,17.24137931034483,0.0,0.0,66.66666666666666,33.33333333333333,24.137931034482754
E0146,94.87179487179486,0.0,0.0,5.128205128205128,100.0,0.0,0.0,0.0,5.128205128205133,0.0,2.564102564102564,5.128205128205128,87.17948717948718,5.128205128205128,0.0,0.0,50.0,0.0,50.0,89.74358974358975,58.97435897435898,28.205128205128204,0.0,5.128205128205128,5.128205128205128,0.0,2.564102564102564,0.0,100.0,0.0,0.0,0.0,0.0,0.0,71.79487179487181,0.0,7.6923076923076925,69.23076923076923,23.07692307692308,0.0,0.0,100.0,0.0,30.769230769230774
E0147,14.0625,14.0625,65.625,6.25,20.0,20.0,60.0,0.0,11.875,1.5625,6.25,90.625,1.5625,0.0,10.0,0.0,90.0,0.0,0.0,8.4375,1.5625,1.5625,4.6875,15.625,48.4375,21.875,6.25,0.0,0.0,10.0,10.0,40.0,30.0,10.0,17.1875,0.0,6.25,71.875,21.875,0.0,0.0,70.0,30.0,8.125
E0148,100.0,0.0,0.0,0.0,100.0,0.0,0.0,0.0,0.0,0.0,0.0,100.0,0.0,0.0,0.0,0.0,100.0,0.0,0.0,0.0,0.0,0.0,0.0,33.33333333333333,33.33333333333333,33.33333333333333,0.0,0.0,0.0,0.0,0.0,0.0,100.0,0.0,66.66666666666666,100.0,0.0,0.0,0.0,100.0,0.0,0.0,0.0,0.0
E0149,20.0,12.5,27.500000000000004,40.0,0.0,0.0,0.0,100.0,60.0,82.5,12.5,2.5,2.5,0.0,100.0,0.0,0.0,0.0,0.0,17.5,5.0,2.5,2.5,25.0,42.5,20.0,2.5,0.0,0.0,0.0,0.0,0.0,100.0,0.0,80.0,10.0,77.5,12.5,0.0,0.0,100.0,0.0,0.0,22.5
E0150,6.666666666666667,3.333333333333333,80.0,10.0,0.0,0.0,100.0,0.0,20.0,80.0,10.0,0.0,6.666666666666667,3.333333333333333,100.0,0.0,0.0,0.0,0.0,20.0,60.0,20.0,3.333333333333333,0.0,3.333333333333333,10.0,3.333333333333333,0.0,100.0,0.0,0.0,0.0,0.0,0.0,80.00000000000001,76.66666666666667,23.33333333333333,0.0,0.0,100.0,0.0,0.0,0.0,23.33333333333333
E0151,7.317073170731707,9.75609756097561,71.95121951219512,10.975609756097562,0.0,16.666666666666664,83.33333333333334,0.0,18.292682926829272,0.0,1.2195121951219512,2.4390243902439024,3.658536585365853,92.6829268292683,0.0,0.0,16.666666666666664,0.0,83.33333333333334,14.22764227642276,7.317073170731707,1.2195121951219512,19.51219512195122,41.46341463414634,20.73170731707317,6.097560975609756,3.658536585365853,0.0,0.0,16.666666666666664,50.0,16.666666666666664,16.666666666666664,0.0,19.10569105691057,14.634146341463412,64.63414634146342,20.73170731707317,0.0,0.0,66.66666666666666,33.33333333333333,0.0,14.634146341463405
E0152,13.513513513513514,2.702702702702702,8.108108108108109,75.67567567567568,50.0,0.0,0.0,50.0,36.48648648648648,2.702702702702702,2.702702702702702,0.0,8.108108108108109,86.48648648648648,0.0,0.0,0.0,0.0,100.0,13.513513513513516,2.702702702702702,5.405405405405405,0.0,18.91891891891892,56.75675675675676,16.216216216216218,0.0,0.0,0.0,0.0,0.0,50.0,50.0,0.0,33.78378378378379,13.513513513513514,67.56756756756756,18.91891891891892,0.0,0.0,100.0,0.0,0.0,32.432432432432435
E0154,6.122448979591836,12.244897959183673,14.285714285714285,67.3469387755102,0.0,0.0,0.0,100.0,32.6530612244898,0.0,0.0,0.0,2.0408163265306123,97.95918367346938,0.0,0.0,0.0,0.0,100.0,2.0408163265306145,2.0408163265306123,0.0,26.53061224489796,46.93877551020408,20.40816326530612,2.0408163265306123,2.0408163265306123,0.0,0.0,25.0,50.0,25.0,0.0,0.0,7.653061224489796,16.3265306122449,63.26530612244898,20.40816326530612,0.0,0.0,100.0,0.0,0.0,36.734693877551024
E0155,96.82539682539682,0.0,3.1746031746031744,0.0,100.0,0.0,0.0,0.0,3.174603174603176,6.349206349206349,65.07936507936508,15.873015873015872,6.349206349206349,6.349206349206349,25.0,75.0,0.0,0.0,0.0,28.571428571428573,3.1746031746031744,23.809523809523807,50.79365079365079,11.11111111111111,0.0,3.1746031746031744,7.936507936507936,0.0,0.0,50.0,25.0,0.0,0.0,25.0,30.95238095238095,74.60317460317461,25.396825396825395,0.0,0.0,50.0,50.0,0.0,0.0,24.603174603174608
E0156,3.0303030303030303,6.0606060606060606,6.0606060606060606,84.84848484848484,0.0,0.0,0.0,100.0,15.151515151515152,3.0303030303030303,0.0,6.0606060606060606,87.87878787878788,3.0303030303030303,0.0,0.0,0.0,100.0,0.0,12.121212121212125,0.0,12.12121212121212,60.60606060606061,27.27272727272727,0.0,0.0,0.0,0.0,0.0,100.0,0.0,0.0,0.0,0.0,39.39393939393939,78.78787878787878,21.21212121212121,0.0,0.0,50.0,50.0,0.0,0.0,28.787878787878785
E0157,2.7777777777777777,0.0,94.44444444444444,2.7777777777777777,0.0,0.0,100.0,0.0,5.555555555555557,83.33333333333334,5.555555555555555,0.0,8.333333333333332,2.7777777777777777,100.0,0.0,0.0,0.0,0.0,16.66666666666666,63.888888888888886,22.22222222222222,0.0,2.7777777777777777,0.0,8.333333333333332,2.7777777777777777,80.0,20.0,0.0,0.0,0.0,0.0,0.0,16.11111111111111,86.11111111111111,13.88888888888889,0.0,0.0,80.0,20.0,0.0,0.0,6.1111111111111125
E0158,80.64516129032258,9.67741935483871,3.225806451612903,6.451612903225806,100.0,0.0,0.0,0.0,19.354838709677423,0.0,3.225806451612903,6.451612903225806,87.09677419354838,3.225806451612903,0.0,0.0,0.0,100.0,0.0,12.903225806451614,6.451612903225806,0.0,25.806451612903224,48.38709677419355,12.903225806451612,3.225806451612903,3.225806451612903,0.0,0.0,100.0,0.0,0.0,0.0,0.0,74.19354838709677,0.0,25.806451612903224,54.83870967741935,19.35483870967742,0.0,33.33333333333333,66.66666666666666,0.0,19.354838709677416
E0159,11.29032258064516,79.03225806451613,8.064516129032258,1.6129032258064515,20.0,80.0,0.0,0.0,9.67741935483871,0.0,0.0,0.0,0.0,100.0,0.0,0.0,0.0,0.0,100.0,0.0,66.12903225806451,14.516129032258066,8.064516129032258,0.0,3.225806451612903,4.838709677419355,3.225806451612903,100.0,0.0,0.0,0.0,0.0,0.0,0.0,33.87096774193548,0.0,11.29032258064516,79.03225806451613,9.67741935483871,0.0,20.0,40.0,40.0,39.03225806451613
E0160,89.0625,6.25,3.125,1.5625,75.0,0.0,25.0,0.0,21.875,1.5625,4.6875,9.375,73.4375,10.9375,25.0,0.0,0.0,75.0,0.0,25.0,1.5625,15.625,51.5625,20.3125,4.6875,1.5625,4.6875,0.0,25.0,50.0,0.0,0.0,25.0,0.0,32.8125,0.0,20.3125,64.0625,15.625,0.0,25.0,75.0,0.0,15.625
E0161,5.714285714285714,8.571428571428571,74.28571428571429,11.428571428571429,0.0,0.0,75.0,25.0,14.28571428571428,5.714285714285714,0.0,11.428571428571429,80.0,2.857142857142857,0.0,0.0,0.0,100.0,0.0,20.0,20.0,48.57142857142857,17.142857142857142,5.714285714285714,0.0,2.857142857142857,5.714285714285714,0.0,100.0,0.0,0.0,0.0,0.0,0.0,51.42857142857142,34.285714285714285,57.14285714285714,8.571428571428571,0.0,25.0,50.0,25.0,0.0,16.428571428571427
E0162,2.702702702702702,5.405405405405405,91.8918918918919,0.0,0.0,0.0,100.0,0.0,8.108108108108103,0.0,5.405405405405405,0.0,86.48648648648648,8.108108108108109,0.0,0.0,0.0,100.0,0.0,13.513513513513514,0.0,18.91891891891892,54.054054054054056,16.216216216216218,8.108108108108109,2.702702702702702,0.0,0.0,0.0,50.0,50.0,0.0,0.0,0.0,33.78378378378379,13.513513513513514,64.86486486486487,21.62162162162162,0.0,0.0,100.0,0.0,0.0,35.13513513513513
E0163,25.0,25.0,50.0,0.0,100.0,0.0,0.0,0.0,75.0,0.0,0.0,12.5,0.0,87.5,0.0,0.0,0.0,0.0,100.0,12.5,75.0,12.5,0.0,0.0,0.0,12.5,0.0,100.0,0.0,0.0,0.0,0.0,0.0,0.0,25.0,0.0,0.0,87.5,12.5,0.0,0.0,100.0,0.0,12.5
E0164,11.363636363636363,0.0,86.36363636363636,2.272727272727273,20.0,0.0,80.0,0.0,8.636363636363635,4.545454545454546,6.8181818181818175,6.8181818181818175,79.54545454545455,2.272727272727273,0.0,0.0,0.0,100.0,0.0,20.454545454545453,0.0,4.545454545454546,13.636363636363637,52.27272727272727,20.454545454545457,4.545454545454546,4.545454545454546,0.0,0.0,0.0,80.0,20.0,0.0,0.0,27.727272727272727,15.909090909090908,63.63636363636363,20.454545454545457,0.0,20.0,80.0,0.0,0.0,20.45454545454546
E0165,1.4925373134328357,0.0,97.01492537313432,1.4925373134328357,0.0,0.0,100.0,0.0,2.9850746268656696,5.970149253731343,83.5820895522388,8.955223880597014,1.4925373134328357,0.0,0.0,87.5,12.5,0.0,0.0,7.462686567164183,4.477611940298507,1.4925373134328357,1.4925373134328357,23.88059701492537,38.80597014925373,29.850746268656717,0.0,0.0,0.0,0.0,25.0,25.0,50.0,0.0,21.26865671641791,13.432835820895525,76.11940298507463,10.44776119402985,0.0,37.5,50.0,12.5,0.0,26.11940298507463
E0166,89.74358974358975,5.128205128205128,2.564102564102564,2.564102564102564,100.0,0.0,0.0,0.0,10.256410256410252,0.0,0.0,2.564102564102564,10.256410256410255,87.17948717948718,0.0,0.0,0.0,0.0,100.0,12.820512820512818,28.205128205128204,53.84615384615385,10.256410256410255,2.564102564102564,0.0,2.564102564102564,2.564102564102564,20.0,60.0,0.0,0.0,0.0,20.0,0.0,23.589743589743588,28.205128205128204,64.1025641025641,7.6923076923076925,0.0,0.0,60.0,40.0,0.0,32.30769230769231
E0167,78.78787878787878,15.151515151515152,0.0,6.0606060606060606,100.0,0.0,0.0,0.0,21.212121212121215,0.0,9.090909090909092,3.0303030303030303,81.81818181818183,6.0606060606060606,0.0,0.0,0.0,100.0,0.0,18.181818181818176,48.48484848484848,36.36363636363637,3.0303030303030303,6.0606060606060606,3.0303030303030303,3.0303030303030303,0.0,100.0,0.0,0.0,0.0,0.0,0.0,0.0,51.51515151515152,90.9090909090909,9.090909090909092,0.0,0.0,100.0,0.0,0.0,0.0,9.090909090909092
E0168,7.142857142857142,10.714285714285714,82.14285714285714,0.0,0.0,0.0,100.0,0.0,17.857142857142858,0.0,3.571428571428571,10.714285714285714,14.285714285714285,71.42857142857143,0.0,50.0,0.0,0.0,50.0,46.42857142857143,71.42857142857143,21.428571428571427,0.0,0.0,0.0,0.0,7.142857142857142,50.0,0.0,0.0,0.0,0.0,0.0,50.0,42.85714285714286,21.428571428571427,71.42857142857143,7.142857142857142,0.0,0.0,100.0,0.0,0.0,28.57142857142857
E0169,86.11111111111111,2.7777777777777777,11.11111111111111,0.0,60.0,0.0,40.0,0.0,28.888888888888893,0.0,0.0,83.33333333333334,11.11111111111111,5.555555555555555,0.0,0.0,80.0,20.0,0.0,8.888888888888893,0.0,2.7777777777777777,0.0,2.7777777777777777,16.666666666666664,72.22222222222221,5.555555555555555,0.0,0.0,0.0,0.0,20.0,80.0,0.0,11.111111111111118,22.22222222222222,61.11111111111112,16.666666666666664,0.0,40.0,60.0,0.0,0.0,17.77777777777778
E0170,5.555555555555555,2.7777777777777777,84.72222222222221,6.944444444444445,0.0,0.0,62.5,37.5,30.55555555555555,4.166666666666666,86.11111111111111,4.166666666666666,4.166666666666666,1.3888888888888888,12.5,75.0,0.0,12.5,0.0,16.666666666666668,1.3888888888888888,27.77777777777778,51.388888888888886,15.27777777777778,1.3888888888888888,0.0,2.7777777777777777,0.0,12.5,62.5,25.0,0.0,0.0,0.0,20.83333333333333,19.444444444444446,66.66666666666666,13.88888888888889,0.0,25.0,62.5,12.5,0.0,5.55555555555555
E0171,3.125,3.125,87.5,6.25,0.0,0.0,100.0,0.0,12.5,0.0,12.5,3.125,71.875,12.5,0.0,50.0,0.0,50.0,0.0,37.5,0.0,25.0,59.375,12.5,0.0,3.125,0.0,0.0,25.0,50.0,25.0,0.0,0.0,0.0,12.5,84.375,15.625,0.0,0.0,75.0,25.0,0.0,0.0,9.375
E0172,6.666666666666667,8.88888888888889,73.33333333333333,11.11111111111111,0.0,0.0,100.0,0.0,26.66666666666667,4.444444444444445,4.444444444444445,84.44444444444444,6.666666666666667,0.0,0.0,0.0,80.0,20.0,0.0,13.333333333333332,55.55555555555556,26.666666666666668,6.666666666666667,0.0,0.0,2.2222222222222223,8.88888888888889,60.0,0.0,20.0,0.0,0.0,20.0,0.0,35.55555555555556,15.555555555555555,62.22222222222222,22.22222222222222,0.0,0.0,60.0,40.0,0.0,17.77777777777778
E0174,2.7777777777777777,0.0,97.2222222222222,0.0,0.0,0.0,100.0,0.0,2.7777777777777817,2.7777777777777777,2.7777777777777777,0.0,5.555555555555555,88.88888888888889,0.0,0.0,0.0,14.285714285714285,85.71428571428571,8.730158730158731,0.0,5.555555555555555,5.555555555555555,2.7777777777777777,27.77777777777778,58.333333333333336,0.0,0.0,14.285714285714285,14.285714285714285,0.0,14.285714285714285,57.14285714285714,0.0,17.460317460317466,80.55555555555556,19.444444444444446,0.0,0.0,100.0,0.0,0.0,0.0,19.444444444444443
E0175,0.0,2.631578947368421,92.10526315789474,5.263157894736842,0.0,25.0,75.0,0.0,22.36842105263158,0.0,2.631578947368421,94.73684210526316,2.631578947368421,0.0,0.0,0.0,100.0,0.0,0.0,5.263157894736846,5.263157894736842,0.0,2.631578947368421,23.684210526315788,44.73684210526316,18.421052631578945,5.263157894736842,0.0,0.0,0.0,0.0,25.0,75.0,0.0,56.57894736842105,26.31578947368421,65.78947368421053,7.894736842105263,0.0,50.0,50.0,0.0,0.0,23.684210526315795
E0176,0.0,10.0,90.0,0.0,0.0,0.0,100.0,0.0,10.0,0.0,100.0,0.0,0.0,0.0,0.0,100.0,0.0,0.0,0.0,0.0,0.0,0.0,40.0,20.0,30.0,0.0,10.0,0.0,0.0,0.0,0.0,100.0,0.0,0.0,70.0,0.0,10.0,80.0,10.0,0.0,0.0,100.0,0.0,20.0
E0177,10.95890410958904,5.47945205479452,4.10958904109589,79.45205479452055,0.0,0.0,0.0,100.0,20.54794520547945,2.73972602739726,89.04109589041096,6.849315068493151,0.0,1.36986301369863,0.0,100.0,0.0,0.0,0.0,10.958904109589042,64.38356164383562,24.65753424657534,2.73972602739726,1.36986301369863,0.0,6.849315068493151,0.0,66.66666666666666,16.666666666666664,0.0,0.0,0.0,16.666666666666664,0.0,12.10045662100456,76.71232876712328,23.28767123287671,0.0,0.0,100.0,0.0,0.0,0.0,23.287671232876715
E0180,95.58823529411764,0.0,2.941176470588235,1.4705882352941175,100.0,0.0,0.0,0.0,4.411764705882351,2.941176470588235,4.411764705882353,83.82352941176471,4.411764705882353,4.411764705882353,25.0,0.0,75.0,0.0,0.0,22.058823529411768,17.647058823529413,41.17647058823529,26.47058823529412,0.0,2.941176470588235,7.352941176470589,4.411764705882353,0.0,100.0,0.0,0.0,0.0,0.0,0.0,58.8235294117647,16.176470588235293,66.17647058823529,17.647058823529413,0.0,25.0,50.0,25.0,0.0,16.17647058823529
E0181,0.0,2.564102564102564,2.564102564102564,94.87179487179486,0.0,0.0,0.0,100.0,5.128205128205133,5.128205128205128,84.61538461538461,7.6923076923076925,0.0,2.564102564102564,0.0,100.0,0.0,0.0,0.0,15.384615384615389,64.1025641025641,25.64102564102564,0.0,5.128205128205128,2.564102564102564,2.564102564102564,0.0,50.0,50.0,0.0,0.0,0.0,0.0,0.0,24.35897435897436,15.384615384615383,66.66666666666666,17.94871794871795,0.0,0.0,50.0,50.0,0.0,32.051282051282044
E0182,9.67741935483871,77.41935483870968,3.225806451612903,9.67741935483871,0.0,75.0,25.0,0.0,21.7741935483871,0.0,6.451612903225806,0.0,3.225806451612903,90.32258064516128,0.0,0.0,0.0,0.0,100.0,9.677419354838714,9.67741935483871,58.06451612903226,25.806451612903224,3.225806451612903,0.0,3.225806451612903,0.0,25.0,50.0,0.0,25.0,0.0,0.0,0.0,37.096774193548384,0.0,19.35483870967742,54.83870967741935,25.806451612903224,0.0,0.0,50.0,50.0,24.193548387096776
E0183,7.462686567164178,13.432835820895525,70.1492537313433,8.955223880597014,12.5,12.5,75.0,0.0,9.888059701492534,85.07462686567165,11.940298507462686,1.4925373134328357,1.4925373134328357,0.0,100.0,0.0,0.0,0.0,0.0,14.925373134328352,17.91044776119403,49.25373134328358,26.86567164179105,0.0,2.985074626865672,1.4925373134328357,1.4925373134328357,37.5,25.0,37.5,0.0,0.0,0.0,0.0,30.22388059701493,82.08955223880598,17.91044776119403,0.0,0.0,100.0,0.0,0.0,0.0,17.910447761194025
E0184,0.0,0.0,98.48484848484848,1.5151515151515151,0.0,0.0,100.0,0.0,1.5151515151515154,4.545454545454546,6.0606060606060606,75.75757575757575,6.0606060606060606,7.575757575757576,20.0,0.0,80.0,0.0,0.0,19.696969696969703,3.0303030303030303,4.545454545454546,3.0303030303030303,3.0303030303030303,13.636363636363637,68.18181818181817,4.545454545454546,0.0,0.0,0.0,0.0,20.0,60.0,20.0,21.818181818181813,13.636363636363637,66.66666666666666,19.696969696969692,0.0,20.0,80.0,0.0,0.0,19.696969696969703
E0185,9.090909090909092,9.090909090909092,3.0303030303030303,78.78787878787878,0.0,33.33333333333333,0.0,66.66666666666666,24.24242424242424,96.96969696969695,3.0303030303030303,0.0,0.0,0.0,100.0,0.0,0.0,0.0,0.0,3.0303030303030307,0.0,9.090909090909092,12.12121212121212,48.48484848484848,27.27272727272727,3.0303030303030303,0.0,0.0,0.0,0.0,33.33333333333333,66.66666666666666,0.0,0.0,39.39393939393939,18.181818181818183,69.6969696969697,12.12121212121212,0.0,0.0,100.0,0.0,0.0,30.303030303030305
E0186,80.0,10.0,0.0,10.0,100.0,0.0,0.0,0.0,20.0,0.0,0.0,100.0,0.0,0.0,0.0,0.0,100.0,0.0,0.0,0.0,0.0,0.0,0.0,50.0,30.0,20.0,0.0,0.0,0.0,0.0,0.0,0.0,100.0,0.0,80.0,80.0,20.0,0.0,0.0,100.0,0.0,0.0,0.0,20.0
E0187,92.06349206349206,3.1746031746031744,1.5873015873015872,3.1746031746031744,83.33333333333334,0.0,0.0,16.666666666666664,13.492063492063489,3.1746031746031744,3.1746031746031744,12.698412698412698,14.285714285714285,66.66666666666666,0.0,0.0,33.33333333333333,16.666666666666664,50.0,23.01587301587301,0.0,0.0,20.634920634920636,50.79365079365079,20.634920634920636,3.1746031746031744,4.761904761904762,0.0,0.0,33.33333333333333,50.0,16.666666666666664,0.0,0.0,12.698412698412696,23.809523809523807,63.49206349206349,12.698412698412698,0.0,16.666666666666664,50.0,33.33333333333333,0.0,20.634920634920636
E0188,91.66666666666666,5.555555555555555,0.0,2.7777777777777777,50.0,0.0,0.0,50.0,47.22222222222221,94.44444444444444,2.7777777777777777,2.7777777777777777,0.0,0.0,100.0,0.0,0.0,0.0,0.0,5.555555555555557,55.55555555555556,19.444444444444446,5.555555555555555,2.7777777777777777,2.7777777777777777,8.333333333333332,5.555555555555555,50.0,50.0,0.0,0.0,0.0,0.0,0.0,30.55555555555556,33.33333333333333,50.0,16.666666666666664,0.0,0.0,100.0,0.0,0.0,50.0
E0189,91.8918918918919,2.702702702702702,2.702702702702702,2.702702702702702,100.0,0.0,0.0,0.0,8.108108108108102,0.0,0.0,2.702702702702702,94.5945945945946,2.702702702702702,0.0,0.0,0.0,100.0,0.0,5.405405405405404,2.702702702702702,2.702702702702702,18.91891891891892,37.83783783783784,24.324324324324326,8.108108108108109,5.405405405405405,0.0,0.0,0.0,100.0,0.0,0.0,0.0,62.16216216216216,21.62162162162162,56.75675675675676,21.62162162162162,0.0,100.0,0.0,0.0,0.0,78.37837837837839
E0190,9.615384615384617,69.23076923076923,11.538461538461538,9.615384615384617,0.0,100.0,0.0,0.0,30.769230769230774,0.0,1.9230769230769231,88.46153846153845,5.769230769230769,3.8461538461538463,0.0,0.0,100.0,0.0,0.0,11.538461538461544,15.384615384615383,53.84615384615385,17.307692307692307,1.9230769230769231,7.6923076923076925,0.0,3.8461538461538463,0.0,66.66666666666666,33.33333333333333,0.0,0.0,0.0,0.0,28.84615384615384,84.61538461538461,15.384615384615383,0.0,0.0,66.66666666666666,33.33333333333333,0.0,0.0,17.94871794871795
E0191,1.851851851851852,81.48148148148148,12.962962962962962,3.7037037037037033,50.0,50.0,0.0,0.0,48.14814814814815,0.0,0.0,0.0,100.0,0.0,0.0,0.0,0.0,100.0,0.0,0.0,3.7037037037037033,3.7037037037037033,25.925925925925924,38.88888888888889,20.37037037037037,3.7037037037037033,3.7037037037037033,0.0,0.0,0.0,100.0,0.0,0.0,0.0,61.11111111111111,22.22222222222222,62.96296296296296,14.814814814814811,0.0,0.0,50.0,50.0,0.0,35.18518518518519
E0192,94.5945945945946,0.0,2.702702702702702,2.702702702702702,100.0,0.0,0.0,0.0,5.405405405405404,78.37837837837837,10.81081081081081,5.405405405405405,2.702702702702702,2.702702702702702,66.66666666666666,33.33333333333333,0.0,0.0,0.0,22.52252252252252,18.91891891891892,67.56756756756756,10.81081081081081,0.0,0.0,0.0,2.702702702702702,33.33333333333333,33.33333333333333,33.33333333333333,0.0,0.0,0.0,0.0,36.93693693693694,13.513513513513514,72.97297297297297,13.513513513513514,0.0,0.0,100.0,0.0,0.0,27.02702702702703
E0193,5.263157894736842,7.894736842105263,81.57894736842105,5.263157894736842,0.0,0.0,100.0,0.0,18.421052631578945,2.631578947368421,0.0,2.631578947368421,81.57894736842105,13.157894736842104,0.0,0.0,0.0,0.0,100.0,86.84210526315789,5.263157894736842,5.263157894736842,0.0,0.0,5.263157894736842,0.0,84.21052631578947,0.0,0.0,0.0,0.0,0.0,0.0,100.0,15.78947368421053,0.0,7.894736842105263,81.57894736842105,10.526315789473683,0.0,0.0,100.0,0.0,18.421052631578945
E0194,22.058823529411764,13.23529411764706,13.23529411764706,51.47058823529412,0.0,0.0,0.0,100.0,48.52941176470589,1.4705882352941175,1.4705882352941175,5.88235294117647,86.76470588235294,4.411764705882353,0.0,0.0,50.0,50.0,0.0,44.11764705882352,17.647058823529413,45.588235294117645,25.0,2.941176470588235,2.941176470588235,4.411764705882353,1.4705882352941175,50.0,0.0,25.0,0.0,0.0,0.0,25.0,55.882352941176464,86.76470588235294,13.23529411764706,0.0,0.0,50.0,50.0,0.0,0.0,36.76470588235294
E0195,9.090909090909092,18.181818181818183,72.72727272727273,0.0,50.0,0.0,50.0,0.0,40.909090909090914,81.81818181818183,9.090909090909092,9.090909090909092,0.0,0.0,100.0,0.0,0.0,0.0,0.0,18.18181818181818,45.45454545454545,36.36363636363637,9.090909090909092,0.0,0.0,0.0,9.090909090909092,50.0,50.0,0.0,0.0,0.0,0.0,0.0,18.181818181818183,27.27272727272727,45.45454545454545,27.27272727272727,0.0,50.0,0.0,50.0,0.0,45.45454545454546
E0196,6.666666666666667,2.2222222222222223,82.22222222222221,8.88888888888889,0.0,0.0,100.0,0.0,17.777777777777782,0.0,0.0,4.444444444444445,2.2222222222222223,93.33333333333331,0.0,0.0,0.0,0.0,100.0,6.66666666666667,2.2222222222222223,0.0,8.88888888888889,2.2222222222222223,26.666666666666668,57.77777777777777,2.2222222222222223,0.0,0.0,0.0,0.0,0.0,100.0,0.0,42.22222222222223,11.11111111111111,75.55555555555556,13.333333333333334,0.0,0.0,50.0,50.0,0.0,36.66666666666667
E0197,1.5873015873015872,1.5873015873015872,3.1746031746031744,93.65079365079364,0.0,0.0,0.0,100.0,6.349206349206352,3.1746031746031744,4.761904761904762,7.936507936507936,82.53968253968253,1.5873015873015872,12.5,25.0,12.5,50.0,0.0,34.12698412698412,52.38095238095239,25.396825396825395,4.761904761904762,3.1746031746031744,6.349206349206349,3.1746031746031744,4.761904761904762,50.0,12.5,12.5,0.0,0.0,12.5,12.5,24.801587301587304,19.047619047619047,55.55555555555556,25.396825396825395,0.0,12.5,75.0,12.5,0.0,19.444444444444443
E0198,2.380952380952381,9.523809523809524,88.09523809523809,0.0,0.0,0.0,100.0,0.0,11.904761904761909,0.0,0.0,0.0,100.0,0.0,0.0,0.0,0.0,100.0,0.0,0.0,2.380952380952381,0.0,21.428571428571427,47.61904761904761,23.809523809523807,0.0,4.761904761904762,0.0,0.0,0.0,57.14285714285714,42.85714285714285,0.0,0.0,28.57142857142857,14.285714285714285,71.42857142857143,14.285714285714285,0.0,14.285714285714285,71.42857142857143,14.285714285714285,0.0,0.0
E0199,9.615384615384617,9.615384615384617,73.07692307692307,7.6923076923076925,22.22222222222222,11.11111111111111,55.55555555555556,11.11111111111111,17.521367521367512,0.0,1.9230769230769231,3.8461538461538463,3.8461538461538463,90.3846153846154,0.0,0.0,0.0,0.0,100.0,9.615384615384611,3.8461538461538463,3.8461538461538463,13.461538461538462,61.53846153846154,11.538461538461538,1.9230769230769231,3.8461538461538463,0.0,0.0,11.11111111111111,77.77777777777779,11.11111111111111,0.0,0.0,16.239316239316242,21.153846153846157,57.692307692307686,21.153846153846157,0.0,22.22222222222222,55.55555555555556,22.22222222222222,0.0,2.1367521367521327
E0200,0.0,8.333333333333332,91.66666666666666,0.0,0.0,0.0,100.0,0.0,8.333333333333337,0.0,0.0,8.333333333333332,88.88888888888889,2.7777777777777777,0.0,0.0,0.0,100.0,0.0,11.111111111111112,8.333333333333332,0.0,0.0,13.88888888888889,61.11111111111112,13.88888888888889,2.7777777777777777,0.0,0.0,0.0,50.0,50.0,0.0,0.0,36.11111111111111,0.0,8.333333333333332,72.22222222222221,19.444444444444446,0.0,50.0,50.0,0.0,41.66666666666666
E0201,2.702702702702702,2.702702702702702,5.405405405405405,89.1891891891892,0.0,50.0,0.0,50.0,47.2972972972973,0.0,5.405405405405405,2.702702702702702,91.8918918918919,0.0,0.0,0.0,50.0,50.0,0.0,47.297297297297305,2.702702702702702,0.0,2.702702702702702,5.405405405405405,5.405405405405405,0.0,83.78378378378379,0.0,0.0,0.0,0.0,0.0,0.0,100.0,16.216216216216214,0.0,13.513513513513514,67.56756756756756,18.91891891891892,0.0,0.0,50.0,50.0,31.08108108108108
E0202,91.8032786885246,1.639344262295082,3.278688524590164,3.278688524590164,100.0,0.0,0.0,0.0,8.196721311475413,1.639344262295082,3.278688524590164,1.639344262295082,90.1639344262295,3.278688524590164,0.0,0.0,0.0,66.66666666666666,33.33333333333333,30.05464480874317,4.918032786885246,1.639344262295082,0.0,6.557377049180328,1.639344262295082,3.278688524590164,81.9672131147541,0.0,0.0,0.0,33.33333333333333,0.0,33.33333333333333,33.33333333333333,56.830601092896174,19.672131147540984,73.77049180327869,6.557377049180328,0.0,0.0,100.0,0.0,0.0,26.229508196721312
E0203,100.0,0.0,0.0,0.0,100.0,0.0,0.0,0.0,0.0,3.571428571428571,85.71428571428571,7.142857142857142,3.571428571428571,0.0,0.0,100.0,0.0,0.0,0.0,14.285714285714288,42.85714285714285,35.714285714285715,7.142857142857142,0.0,7.142857142857142,3.571428571428571,3.571428571428571,100.0,0.0,0.0,0.0,0.0,0.0,0.0,57.14285714285714,14.285714285714285,75.0,10.714285714285714,0.0,0.0,100.0,0.0,0.0,25.0
E0205,5.970149253731343,1.4925373134328357,2.985074626865672,89.55223880597015,16.666666666666664,0.0,16.666666666666664,66.66666666666666,24.37810945273632,0.0,1.4925373134328357,2.985074626865672,94.02985074626866,1.4925373134328357,0.0,0.0,0.0,100.0,0.0,5.970149253731339,1.4925373134328357,1.4925373134328357,23.88059701492537,56.71641791044776,13.432835820895525,0.0,2.985074626865672,0.0,0.0,33.33333333333333,50.0,0.0,0.0,16.666666666666664,23.134328358208958,0.0,25.37313432835821,56.71641791044776,17.91044776119403,0.0,0.0,66.66666666666666,33.33333333333333,25.3731343283582
E0206,1.7543859649122806,0.0,1.7543859649122806,96.49122807017544,0.0,0.0,0.0,100.0,3.5087719298245617,0.0,0.0,1.7543859649122806,1.7543859649122806,96.49122807017544,0.0,0.0,0.0,0.0,100.0,3.5087719298245617,1.7543859649122806,1.7543859649122806,14.035087719298245,57.89473684210527,21.052631578947366,1.7543859649122806,1.7543859649122806,0.0,0.0,75.0,0.0,0.0,0.0,25.0,84.21052631578948,0.0,12.280701754385964,73.68421052631578,14.035087719298245,0.0,25.0,75.0,0.0,14.03508771929825
E0207,5.454545454545454,1.818181818181818,87.27272727272727,5.454545454545454,0.0,16.666666666666664,66.66666666666666,16.666666666666664,26.06060606060606,0.0,3.636363636363636,92.72727272727272,0.0,3.636363636363636,0.0,0.0,100.0,0.0,0.0,7.272727272727277,56.36363636363636,29.09090909090909,0.0,1.818181818181818,7.272727272727272,1.818181818181818,3.636363636363636,50.0,16.666666666666664,0.0,16.666666666666664,0.0,0.0,16.666666666666664,27.878787878787875,20.0,67.27272727272727,12.727272727272728,0.0,16.666666666666664,50.0,33.33333333333333,0.0,20.6060606060606
E0208,4.477611940298507,7.462686567164178,83.5820895522388,4.477611940298507,0.0,0.0,100.0,0.0,16.417910447761198,0.0,2.985074626865672,88.05970149253731,5.970149253731343,2.985074626865672,0.0,0.0,71.42857142857143,28.57142857142857,0.0,22.601279317697227,2.985074626865672,1.4925373134328357,10.44776119402985,55.223880597014926,26.86567164179105,0.0,2.985074626865672,0.0,0.0,0.0,85.71428571428571,0.0,0.0,14.285714285714285,41.79104477611939,79.1044776119403,20.8955223880597,0.0,0.0,57.14285714285714,42.85714285714285,0.0,0.0,21.96162046908316
E0209,2.857142857142857,2.857142857142857,94.28571428571428,0.0,0.0,0.0,100.0,0.0,5.714285714285719,0.0,0.0,5.714285714285714,94.28571428571428,0.0,0.0,0.0,0.0,100.0,0.0,5.714285714285719,2.857142857142857,0.0,5.714285714285714,2.857142857142857,2.857142857142857,0.0,85.71428571428571,0.0,0.0,0.0,0.0,0.0,0.0,100.0,14.285714285714288,17.142857142857142,62.85714285714285,20.0,0.0,0.0,66.66666666666666,33.33333333333333,0.0,17.14285714285714
E0210,2.380952380952381,85.71428571428571,4.761904761904762,7.142857142857142,0.0,60.0,0.0,40.0,32.857142857142854,2.380952380952381,0.0,4.761904761904762,4.761904761904762,88.09523809523809,0.0,0.0,20.0,0.0,80.0,15.238095238095234,7.142857142857142,0.0,7.142857142857142,0.0,30.952380952380956,54.761904761904766,0.0,0.0,0.0,0.0,0.0,40.0,60.0,0.0,14.285714285714285,7.142857142857142,73.80952380952381,19.047619047619047,0.0,0.0,80.0,20.0,0.0,7.142857142857142
E0211,96.875,0.0,0.0,3.125,100.0,0.0,0.0,0.0,3.125,3.125,3.125,0.0,3.125,90.625,0.0,0.0,0.0,100.0,0.0,96.875,6.25,9.375,50.0,25.0,9.375,0.0,0.0,0.0,0.0,0.0,100.0,0.0,0.0,0.0,75.0,9.375,62.5,28.125,0.0,0.0,100.0,0.0,0.0,37.5
E0212,4.444444444444445,82.22222222222221,11.11111111111111,2.2222222222222223,0.0,100.0,0.0,0.0,17.777777777777782,2.2222222222222223,0.0,0.0,2.2222222222222223,95.55555555555556,0.0,0.0,0.0,0.0,100.0,4.444444444444444,53.333333333333336,28.88888888888889,2.2222222222222223,2.2222222222222223,8.88888888888889,2.2222222222222223,2.2222222222222223,50.0,25.0,0.0,0.0,0.0,0.0,25.0,22.77777777777778,22.22222222222222,66.66666666666666,11.11111111111111,0.0,0.0,100.0,0.0,0.0,33.333333333333336
E0213,0.0,0.0,100.0,0.0,0.0,0.0,100.0,0.0,0.0,38.46153846153847,46.15384615384615,0.0,7.6923076923076925,7.6923076923076925,50.0,25.0,0.0,25.0,0.0,28.846153846153843,38.46153846153847,15.384615384615383,38.46153846153847,0.0,0.0,0.0,7.6923076923076925,25.0,50.0,25.0,0.0,0.0,0.0,0.0,34.61538461538462,0.0,7.6923076923076925,69.23076923076923,23.07692307692308,0.0,0.0,75.0,25.0,7.692307692307695
E0214,8.0,10.0,4.0,78.0,0.0,0.0,0.0,100.0,22.0,4.0,0.0,90.0,4.0,2.0,0.0,0.0,100.0,0.0,0.0,10.0,4.0,2.0,2.0,24.0,44.0,24.0,0.0,33.33333333333333,0.0,0.0,0.0,66.66666666666666,0.0,0.0,51.99999999999999,22.0,56.00000000000001,22.0,0.0,0.0,100.0,0.0,0.0,44.0
E0215,10.869565217391305,13.043478260869565,6.521739130434782,69.56521739130434,25.0,0.0,0.0,75.0,19.565217391304348,6.521739130434782,4.3478260869565215,4.3478260869565215,19.565217391304348,65.21739130434783,0.0,0.0,25.0,50.0,25.0,51.08695652173913,2.1739130434782608,0.0,34.78260869565217,39.130434782608695,15.217391304347828,0.0,8.695652173913043,25.0,0.0,25.0,50.0,0.0,0.0,0.0,33.69565217391304,0.0,13.043478260869565,76.08695652173914,10.869565217391305,0.0,0.0,100.0,0.0,23.913043478260864
E0216,91.17647058823528,2.941176470588235,2.941176470588235,2.941176470588235,80.0,0.0,20.0,0.0,17.05882352941176,0.0,0.0,0.0,8.823529411764707,91.17647058823528,0.0,0.0,0.0,40.0,60.0,31.17647058823529,2.941176470588235,26.47058823529412,41.17647058823529,20.588235294117645,2.941176470588235,5.88235294117647,0.0,20.0,0.0,60.0,0.0,0.0,20.0,0.0,50.0,17.647058823529413,58.82352941176471,23.52941176470588,0.0,20.0,80.0,0.0,0.0,23.52941176470588
E0217,30.76923076923077,53.84615384615385,7.6923076923076925,7.6923076923076925,0.0,100.0,0.0,0.0,46.15384615384615,15.384615384615383,76.92307692307693,0.0,0.0,7.6923076923076925,50.0,50.0,0.0,0.0,0.0,34.61538461538462,53.84615384615385,38.46153846153847,0.0,0.0,0.0,0.0,7.6923076923076925,100.0,0.0,0.0,0.0,0.0,0.0,0.0,46.15384615384615,30.76923076923077,46.15384615384615,23.07692307692308,0.0,50.0,50.0,0.0,0.0,23.07692307692308
E0218,4.878048780487805,14.634146341463412,70.73170731707317,9.75609756097561,0.0,50.0,50.0,0.0,35.36585365853659,0.0,97.5609756097561,0.0,0.0,2.4390243902439024,0.0,100.0,0.0,0.0,0.0,2.439024390243902,0.0,24.390243902439025,41.46341463414634,24.390243902439025,2.4390243902439024,4.878048780487805,2.4390243902439024,0.0,50.0,50.0,0.0,0.0,0.0,0.0,34.14634146341464,9.75609756097561,70.73170731707317,19.51219512195122,0.0,0.0,100.0,0.0,0.0,29.268292682926827
E0219,10.81081081081081,2.702702702702702,81.08108108108108,5.405405405405405,25.0,0.0,75.0,0.0,14.18918918918919,5.405405405405405,0.0,2.702702702702702,24.324324324324326,67.56756756756756,0.0,0.0,0.0,25.0,75.0,8.108108108108109,8.108108108108109,29.72972972972973,43.24324324324324,10.81081081081081,0.0,5.405405405405405,2.702702702702702,25.0,25.0,50.0,0.0,0.0,0.0,0.0,23.64864864864865,0.0,18.91891891891892,70.27027027027027,10.81081081081081,0.0,0.0,100.0,0.0,29.729729729729726
E0220,91.17647058823528,2.941176470588235,2.941176470588235,2.941176470588235,87.5,12.5,0.0,0.0,9.558823529411764,91.17647058823528,2.941176470588235,0.0,2.941176470588235,2.941176470588235,100.0,0.0,0.0,0.0,0.0,8.823529411764708,0.0,0.0,2.941176470588235,8.823529411764707,23.52941176470588,64.70588235294117,0.0,0.0,0.0,0.0,0.0,12.5,87.5,0.0,22.794117647058822,94.11764705882352,5.88235294117647,0.0,0.0,87.5,12.5,0.0,0.0,6.617647058823525
E0221,87.8048780487805,2.4390243902439024,4.878048780487805,4.878048780487805,100.0,0.0,0.0,0.0,12.195121951219509,0.0,2.4390243902439024,1.2195121951219512,0.0,96.34146341463416,0.0,0.0,0.0,0.0,100.0,3.658536585365853,1.2195121951219512,1.2195121951219512,18.29268292682927,57.3170731707317,17.073170731707318,1.2195121951219512,3.658536585365853,0.0,0.0,0.0,66.66666666666666,33.33333333333333,0.0,0.0,25.609756097560968,81.70731707317073,18.29268292682927,0.0,0.0,66.66666666666666,33.33333333333333,0.0,0.0,15.040650406504064
E0222,72.72727272727273,4.545454545454546,15.909090909090908,6.8181818181818175,100.0,0.0,0.0,0.0,27.27272727272727,2.272727272727273,4.545454545454546,2.272727272727273,4.545454545454546,86.36363636363636,0.0,50.0,0.0,0.0,50.0,45.45454545454545,25.0,38.63636363636363,20.454545454545457,6.8181818181818175,0.0,4.545454545454546,4.545454545454546,50.0,0.0,50.0,0.0,0.0,0.0,0.0,54.54545454545454,0.0,11.363636363636363,68.18181818181817,20.454545454545457,0.0,50.0,50.0,0.0,38.63636363636363
E0223,12.5,0.0,87.5,0.0,0.0,0.0,100.0,0.0,12.5,0.0,75.0,12.5,0.0,12.5,0.0,100.0,0.0,0.0,0.0,25.0,0.0,0.0,75.0,12.5,0.0,0.0,12.5,0.0,0.0,100.0,0.0,0.0,0.0,0.0,25.0,75.0,25.0,0.0,0.0,0.0,100.0,0.0,0.0,75.0
E0224,77.77777777777779,11.11111111111111,0.0,11.11111111111111,100.0,0.0,0.0,0.0,22.22222222222222,0.0,100.0,0.0,0.0,0.0,0.0,100.0,0.0,0.0,0.0,0.0,33.33333333333333,44.44444444444444,11.11111111111111,11.11111111111111,0.0,0.0,0.0,0.0,0.0,0.0,100.0,0.0,0.0,0.0,88.88888888888889,22.22222222222222,44.44444444444444,33.33333333333333,0.0,0.0,0.0,100.0,0.0,66.66666666666666
E0225,2.2222222222222223,8.88888888888889,86.66666666666667,2.2222222222222223,0.0,0.0,100.0,0.0,13.33333333333333,0.0,0.0,0.0,4.444444444444445,95.55555555555556,0.0,0.0,0.0,25.0,75.0,20.55555555555556,2.2222222222222223,4.444444444444445,4.444444444444445,2.2222222222222223,2.2222222222222223,8.88888888888889,75.55555555555556,0.0,0.0,25.0,0.0,0.0,0.0,75.0,20.55555555555556,13.333333333333334,71.11111111111111,15.555555555555555,0.0,0.0,75.0,25.0,0.0,13.333333333333332
E0226,4.411764705882353,4.411764705882353,85.29411764705883,5.88235294117647,11.11111111111111,11.11111111111111,77.77777777777779,0.0,13.398692810457511,0.0,2.941176470588235,4.411764705882353,4.411764705882353,88.23529411764706,0.0,0.0,0.0,11.11111111111111,88.88888888888889,7.352941176470587,17.647058823529413,52.94117647058824,20.588235294117645,1.4705882352941175,0.0,1.4705882352941175,5.88235294117647,11.11111111111111,55.55555555555556,33.33333333333333,0.0,0.0,0.0,0.0,15.359477124183003,11.76470588235294,72.05882352941177,16.176470588235293,0.0,11.11111111111111,66.66666666666666,22.22222222222222,0.0,6.045751633986934
E0228,80.0,3.333333333333333,10.0,6.666666666666667,0.0,100.0,0.0,0.0,96.66666666666669,3.333333333333333,85.0,3.333333333333333,5.0,3.333333333333333,0.0,100.0,0.0,0.0,0.0,14.999999999999998,16.666666666666664,61.66666666666667,15.0,1.6666666666666667,0.0,3.333333333333333,1.6666666666666667,100.0,0.0,0.0,0.0,0.0,0.0,0.0,83.33333333333333,15.0,75.0,10.0,0.0,0.0,100.0,0.0,0.0,25.0
E0230,0.0,6.451612903225806,87.09677419354838,6.451612903225806,0.0,0.0,100.0,0.0,12.903225806451616,0.0,0.0,3.225806451612903,9.67741935483871,87.09677419354838,0.0,0.0,0.0,0.0,100.0,12.903225806451614,6.451612903225806,6.451612903225806,19.35483870967742,45.16129032258064,16.129032258064516,3.225806451612903,3.225806451612903,0.0,0.0,0.0,100.0,0.0,0.0,0.0,54.83870967741935,32.25806451612903,58.06451612903226,9.67741935483871,0.0,0.0,100.0,0.0,0.0,41.93548387096774
E0231,1.351351351351351,1.351351351351351,95.94594594594594,1.351351351351351,0.0,0.0,100.0,0.0,4.054054054054059,2.702702702702702,2.702702702702702,2.702702702702702,89.1891891891892,2.702702702702702,0.0,0.0,0.0,100.0,0.0,10.810810810810809,2.702702702702702,2.702702702702702,18.91891891891892,51.35135135135135,22.972972972972972,1.351351351351351,0.0,0.0,0.0,33.33333333333333,33.33333333333333,33.33333333333333,0.0,0.0,24.77477477477477,20.27027027027027,64.86486486486487,14.864864864864863,0.0,33.33333333333333,66.66666666666666,0.0,0.0,14.864864864864856
E0232,7.317073170731707,2.4390243902439024,90.2439024390244,0.0,0.0,0.0,100.0,0.0,9.756097560975608,95.1219512195122,0.0,0.0,2.4390243902439024,2.4390243902439024,83.33333333333334,0.0,0.0,16.666666666666664,0.0,14.22764227642276,9.75609756097561,58.53658536585365,26.82926829268293,2.4390243902439024,2.4390243902439024,0.0,0.0,16.666666666666664,50.0,33.33333333333333,0.0,0.0,0.0,0.0,13.414634146341456,85.36585365853658,14.634146341463412,0.0,0.0,100.0,0.0,0.0,0.0,14.634146341463415
E0233,6.25,6.25,6.25,81.25,12.5,12.5,0.0,75.0,12.5,0.0,7.5,87.5,3.75,1.25,0.0,0.0,87.5,12.5,0.0,8.75,28.75,48.75,15.0,3.75,2.5,0.0,1.25,25.0,50.0,25.0,0.0,0.0,0.0,0.0,11.249999999999998,16.25,72.5,11.25,0.0,37.5,37.5,25.0,0.0,35.0
E0235,0.0,0.0,100.0,0.0,0.0,0.0,100.0,0.0,0.0,0.0,0.0,0.0,87.5,12.5,0.0,0.0,0.0,100.0,0.0,12.5,12.5,12.5,25.0,50.0,0.0,0.0,0.0,0.0,0.0,0.0,100.0,0.0,0.0,0.0,50.0,12.5,62.5,25.0,0.0,0.0,100.0,0.0,0.0,37.5
E0236,0.0,8.571428571428571,5.714285714285714,85.71428571428571,0.0,0.0,0.0,100.0,14.285714285714288,2.857142857142857,11.428571428571429,77.14285714285715,5.714285714285714,2.857142857142857,0.0,50.0,50.0,0.0,0.0,38.57142857142858,48.57142857142857,31.428571428571427,2.857142857142857,2.857142857142857,0.0,5.714285714285714,8.571428571428571,50.0,0.0,0.0,0.0,0.0,0.0,50.0,42.85714285714286,14.285714285714285,60.0,25.71428571428571,0.0,0.0,0.0,100.0,0.0,74.28571428571428
E0237,6.122448979591836,8.16326530612245,6.122448979591836,79.59183673469387,0.0,0.0,0.0,100.0,20.40816326530613,2.0408163265306123,2.0408163265306123,6.122448979591836,2.0408163265306123,87.75510204081633,0.0,0.0,0.0,0.0,100.0,12.244897959183676,4.081632653061225,0.0,24.489795918367346,40.81632653061224,22.448979591836736,2.0408163265306123,6.122448979591836,0.0,0.0,0.0,66.66666666666666,33.33333333333333,0.0,0.0,36.73469387755102,93.87755102040816,6.122448979591836,0.0,0.0,66.66666666666666,33.33333333333333,0.0,0.0,27.2108843537415
E0239,5.333333333333334,0.0,93.33333333333331,1.3333333333333337,0.0,0.0,100.0,0.0,6.66666666666667,1.3333333333333337,0.0,1.3333333333333337,5.333333333333334,92.0,0.0,0.0,50.0,0.0,50.0,48.66666666666667,1.3333333333333337,0.0,0.0,2.666666666666667,22.666666666666664,69.33333333333334,4.0,0.0,0.0,0.0,0.0,50.0,50.0,0.0,27.33333333333334,18.666666666666668,65.33333333333333,16.0,0.0,0.0,0.0,100.0,0.0,84.0
E0240,2.941176470588235,94.11764705882352,2.941176470588235,0.0,0.0,100.0,0.0,0.0,5.882352941176475,5.88235294117647,79.41176470588235,5.88235294117647,5.88235294117647,2.941176470588235,0.0,100.0,0.0,0.0,0.0,20.58823529411765,2.941176470588235,26.47058823529412,52.94117647058824,11.76470588235294,2.941176470588235,0.0,2.941176470588235,0.0,100.0,0.0,0.0,0.0,0.0,0.0,73.52941176470587,0.0,23.52941176470588,67.64705882352942,8.823529411764707,0.0,0.0,100.0,0.0,32.35294117647059
E0243,8.88888888888889,8.88888888888889,75.55555555555556,6.666666666666667,0.0,20.0,40.0,40.0,44.44444444444444,0.0,4.444444444444445,11.11111111111111,80.0,4.444444444444445,0.0,0.0,0.0,100.0,0.0,20.0,2.2222222222222223,0.0,22.22222222222222,53.333333333333336,15.555555555555555,2.2222222222222223,4.444444444444445,0.0,0.0,40.0,40.0,20.0,0.0,0.0,22.22222222222222,68.88888888888889,31.11111111111111,0.0,0.0,40.0,60.0,0.0,0.0,28.88888888888889
E0244,95.0,0.0,2.5,2.5,100.0,0.0,0.0,0.0,5.0,2.5,2.5,2.5,90.0,2.5,0.0,0.0,0.0,50.0,50.0,47.5,2.5,0.0,0.0,20.0,57.49999999999999,20.0,0.0,0.0,0.0,0.0,0.0,100.0,0.0,0.0,42.5,12.5,70.0,17.5,0.0,0.0,100.0,0.0,0.0,30.0
E0245,0.0,6.25,93.75,0.0,0.0,0.0,100.0,0.0,6.25,6.25,81.25,6.25,6.25,0.0,0.0,75.0,25.0,0.0,0.0,18.75,25.0,50.0,15.625,6.25,3.125,0.0,0.0,25.0,25.0,25.0,25.0,0.0,0.0,0.0,28.125,0.0,12.5,71.875,15.625,0.0,25.0,25.0,50.0,46.875
E0246,5.405405405405405,10.81081081081081,81.08108108108108,2.702702702702702,0.0,0.0,100.0,0.0,18.91891891891892,2.702702702702702,2.702702702702702,91.8918918918919,2.702702702702702,0.0,0.0,0.0,100.0,0.0,0.0,8.108108108108103,2.702702702702702,13.513513513513514,45.94594594594595,29.72972972972973,2.702702702702702,2.702702702702702,2.702702702702702,0.0,25.0,50.0,25.0,0.0,0.0,0.0,15.540540540540537,16.216216216216218,62.16216216216216,21.62162162162162,0.0,0.0,75.0,25.0,0.0,16.216216216216218
E0247,0.0,7.142857142857142,89.28571428571429,3.571428571428571,0.0,0.0,100.0,0.0,10.714285714285712,92.85714285714286,3.571428571428571,0.0,3.571428571428571,0.0,100.0,0.0,0.0,0.0,0.0,7.142857142857141,0.0,7.142857142857142,0.0,25.0,53.57142857142857,10.714285714285714,3.571428571428571,0.0,0.0,0.0,50.0,50.0,0.0,0.0,25.0,85.71428571428571,14.285714285714285,0.0,0.0,100.0,0.0,0.0,0.0,14.285714285714288
E0248,6.578947368421052,3.947368421052632,3.947368421052632,85.52631578947368,16.666666666666664,0.0,0.0,83.33333333333334,10.08771929824561,0.0,2.631578947368421,2.631578947368421,1.3157894736842104,93.42105263157896,0.0,0.0,0.0,0.0,100.0,6.578947368421053,3.947368421052632,0.0,2.631578947368421,1.3157894736842104,28.947368421052637,59.210526315789465,3.947368421052632,0.0,0.0,16.666666666666664,0.0,16.666666666666664,66.66666666666666,0.0,21.49122807017544,17.105263157894736,64.47368421052632,18.421052631578945,0.0,16.666666666666664,83.33333333333334,0.0,0.0,18.85964912280702
E0249,0.0,5.405405405405405,8.108108108108109,86.48648648648648,0.0,0.0,20.0,80.0,11.891891891891891,0.0,2.702702702702702,2.702702702702702,86.48648648648648,8.108108108108109,0.0,0.0,0.0,100.0,0.0,13.513513513513514,24.324324324324326,56.75675675675676,16.216216216216218,0.0,2.702702702702702,0.0,0.0,60.0,40.0,0.0,0.0,0.0,0.0,0.0,35.67567567567568,0.0,16.216216216216218,56.75675675675676,27.027027027027028,0.0,40.0,20.0,40.0,36.75675675675676
E0250,5.555555555555555,5.555555555555555,80.55555555555556,8.333333333333332,14.285714285714285,0.0,85.71428571428571,0.0,13.888888888888884,2.7777777777777777,0.0,0.0,0.0,97.2222222222222,0.0,0.0,0.0,0.0,100.0,2.7777777777777817,2.7777777777777777,5.555555555555555,16.666666666666664,55.55555555555556,19.444444444444446,0.0,0.0,0.0,0.0,28.57142857142857,71.42857142857143,0.0,0.0,0.0,27.77777777777778,0.0,13.88888888888889,77.77777777777779,8.333333333333332,0.0,14.285714285714285,85.71428571428571,0.0,8.333333333333325
E0251,2.857142857142857,0.0,2.857142857142857,94.28571428571428,0.0,0.0,0.0,100.0,5.714285714285719,11.428571428571429,68.57142857142857,2.857142857142857,11.428571428571429,5.714285714285714,0.0,0.0,0.0,0.0,100.0,94.28571428571428,28.57142857142857,42.85714285714285,20.0,2.857142857142857,0.0,0.0,5.714285714285714,100.0,0.0,0.0,0.0,0.0,0.0,0.0,71.42857142857143,82.85714285714286,17.142857142857142,0.0,0.0,0.0,100.0,0.0,0.0,82.85714285714286
E0252,4.0,12.0,8.0,76.0,50.0,0.0,0.0,50.0,46.0,0.0,4.0,8.0,16.0,72.0,0.0,0.0,0.0,0.0,100.0,28.0,64.0,28.000000000000004,0.0,4.0,0.0,4.0,0.0,50.0,50.0,0.0,0.0,0.0,0.0,0.0,22.0,28.000000000000004,52.0,20.0,0.0,0.0,50.0,50.0,0.0,30.0
E0254,7.142857142857142,7.142857142857142,78.57142857142857,7.142857142857142,0.0,0.0,100.0,0.0,21.42857142857143,3.571428571428571,0.0,0.0,7.142857142857142,89.28571428571429,0.0,0.0,0.0,0.0,100.0,10.714285714285712,3.571428571428571,0.0,7.142857142857142,17.857142857142858,42.85714285714285,25.0,3.571428571428571,50.0,0.0,0.0,50.0,0.0,0.0,0.0,78.57142857142857,21.428571428571427,75.0,3.571428571428571,0.0,0.0,100.0,0.0,0.0,25.0
E0255,82.85714285714286,2.857142857142857,11.428571428571429,2.857142857142857,80.0,0.0,20.0,0.0,8.571428571428573,68.57142857142857,22.857142857142858,8.571428571428571,0.0,0.0,80.0,20.0,0.0,0.0,0.0,11.42857142857143,2.857142857142857,2.857142857142857,5.714285714285714,28.57142857142857,37.142857142857146,17.142857142857142,5.714285714285714,20.0,0.0,0.0,20.0,60.0,0.0,0.0,39.99999999999999,0.0,14.285714285714285,65.71428571428571,20.0,0.0,40.0,40.0,20.0,25.71428571428571
E0256,0.0,100.0,0.0,0.0,0.0,100.0,0.0,0.0,0.0,66.21621621621621,12.162162162162163,9.45945945945946,6.756756756756757,5.405405405405405,71.42857142857143,0.0,28.57142857142857,0.0,0.0,24.324324324324326,60.810810810810814,24.324324324324326,8.108108108108109,5.405405405405405,1.351351351351351,0.0,0.0,42.85714285714285,42.85714285714285,0.0,0.0,14.285714285714285,0.0,0.0,31.46718146718147,18.91891891891892,64.86486486486487,16.216216216216218,0.0,28.57142857142857,71.42857142857143,0.0,0.0,16.216216216216214
E0257,97.72727272727272,0.0,0.0,2.272727272727273,100.0,0.0,0.0,0.0,2.27272727272727,95.45454545454544,4.545454545454546,0.0,0.0,0.0,75.0,25.0,0.0,0.0,0.0,20.454545454545453,0.0,0.0,0.0,20.454545454545457,56.81818181818182,20.454545454545457,2.272727272727273,0.0,0.0,0.0,25.0,75.0,0.0,0.0,22.727272727272727,20.454545454545457,52.27272727272727,27.27272727272727,0.0,25.0,25.0,50.0,0.0,27.272727272727277
E0258,8.333333333333332,5.555555555555555,77.77777777777779,8.333333333333332,0.0,0.0,100.0,0.0,22.22222222222221,83.33333333333334,11.11111111111111,2.7777777777777777,2.7777777777777777,0.0,66.66666666666666,33.33333333333333,0.0,0.0,0.0,22.22222222222223,2.7777777777777777,22.22222222222222,50.0,13.88888888888889,5.555555555555555,2.7777777777777777,2.7777777777777777,0.0,33.33333333333333,66.66666666666666,0.0,0.0,0.0,0.0,27.77777777777777,80.55555555555556,19.444444444444446,0.0,0.0,66.66666666666666,33.33333333333333,0.0,0.0,13.888888888888893
E0259,93.93939393939394,0.0,0.0,6.0606060606060606,100.0,0.0,0.0,0.0,6.060606060606061,84.84848484848484,3.0303030303030303,9.090909090909092,3.0303030303030303,0.0,100.0,0.0,0.0,0.0,0.0,15.151515151515156,15.151515151515152,48.48484848484848,15.151515151515152,6.0606060606060606,3.0303030303030303,6.0606060606060606,6.0606060606060606,33.33333333333333,33.33333333333333,0.0,0.0,33.33333333333333,0.0,0.0,48.48484848484848,0.0,6.0606060606060606,69.6969696969697,24.24242424242424,0.0,0.0,66.66666666666666,33.33333333333333,9.090909090909095
E0260,96.875,3.125,0.0,0.0,80.0,20.0,0.0,0.0,16.875,84.375,6.25,3.125,3.125,3.125,80.0,0.0,0.0,20.0,0.0,16.875,0.0,21.875,59.375,15.625,3.125,0.0,0.0,0.0,20.0,80.0,0.0,0.0,0.0,0.0,20.625,0.0,21.875,50.0,28.125,0.0,40.0,40.0,20.0,18.125
E0261,89.47368421052632,5.263157894736842,0.0,5.263157894736842,66.66666666666666,33.33333333333333,0.0,0.0,28.070175438596493,0.0,94.73684210526316,2.631578947368421,2.631578947368421,0.0,0.0,100.0,0.0,0.0,0.0,5.263157894736846,52.63157894736842,26.31578947368421,5.263157894736842,2.631578947368421,2.631578947368421,2.631578947368421,7.894736842105263,33.33333333333333,33.33333333333333,0.0,0.0,0.0,0.0,33.33333333333333,32.456140350877185,13.157894736842104,71.05263157894737,15.789473684210526,0.0,0.0,66.66666666666666,33.33333333333333,0.0,17.54385964912281
E0262,4.166666666666666,2.083333333333333,91.66666666666666,2.083333333333333,16.666666666666664,0.0,83.33333333333334,0.0,12.49999999999999,4.166666666666666,0.0,0.0,95.83333333333334,0.0,0.0,0.0,0.0,100.0,0.0,4.166666666666662,0.0,2.083333333333333,2.083333333333333,31.25,50.0,10.416666666666668,4.166666666666666,0.0,0.0,0.0,33.33333333333333,33.33333333333333,33.33333333333333,0.0,25.0,0.0,16.666666666666664,72.91666666666666,10.416666666666668,0.0,16.666666666666664,83.33333333333334,0.0,10.416666666666677
E0263,5.88235294117647,8.823529411764707,73.52941176470588,11.76470588235294,0.0,0.0,100.0,0.0,26.47058823529412,5.88235294117647,0.0,5.88235294117647,5.88235294117647,82.35294117647058,0.0,0.0,0.0,0.0,100.0,17.647058823529413,2.941176470588235,0.0,20.588235294117645,44.11764705882353,23.52941176470588,2.941176470588235,5.88235294117647,0.0,0.0,0.0,50.0,50.0,0.0,0.0,32.35294117647059,91.17647058823528,8.823529411764707,0.0,0.0,100.0,0.0,0.0,0.0,8.823529411764708
E0264,25.0,0.0,0.0,75.0,0.0,0.0,0.0,100.0,25.0,37.5,37.5,12.5,12.5,0.0,0.0,100.0,0.0,0.0,0.0,62.5,12.5,50.0,25.0,0.0,0.0,12.5,0.0,0.0,100.0,0.0,0.0,0.0,0.0,0.0,50.0,25.0,62.5,12.5,0.0,0.0,100.0,0.0,0.0,37.5
E0266,0.0,2.4390243902439024,95.1219512195122,2.4390243902439024,0.0,0.0,100.0,0.0,4.878048780487804,2.4390243902439024,78.04878048780488,14.634146341463412,2.4390243902439024,2.4390243902439024,0.0,0.0,66.66666666666666,0.0,33.33333333333333,82.92682926829266,26.82926829268293,39.02439024390244,19.51219512195122,0.0,0.0,7.317073170731707,7.317073170731707,33.33333333333333,33.33333333333333,33.33333333333333,0.0,0.0,0.0,0.0,20.32520325203252,92.6829268292683,7.317073170731707,0.0,0.0,100.0,0.0,0.0,0.0,7.317073170731705
E0267,8.620689655172415,84.48275862068965,0.0,6.896551724137931,12.5,87.5,0.0,0.0,6.896551724137932,1.7241379310344829,89.65517241379311,6.896551724137931,1.7241379310344829,0.0,0.0,100.0,0.0,0.0,0.0,10.344827586206891,56.896551724137936,27.58620689655172,0.0,1.7241379310344829,3.4482758620689653,6.896551724137931,3.4482758620689653,37.5,37.5,0.0,12.5,12.5,0.0,0.0,29.74137931034483,13.79310344827586,65.51724137931035,20.689655172413797,0.0,12.5,87.5,0.0,0.0,21.98275862068965
E0268,0.0,3.125,93.75,3.125,0.0,0.0,100.0,0.0,6.25,0.0,0.0,0.0,100.0,0.0,0.0,0.0,0.0,100.0,0.0,0.0,3.125,0.0,25.0,53.125,12.5,3.125,3.125,0.0,0.0,0.0,100.0,0.0,0.0,0.0,46.875,0.0,21.875,62.5,15.625,0.0,0.0,100.0,0.0,37.5
E0269,79.71014492753623,7.246376811594203,8.695652173913043,4.3478260869565215,87.5,12.5,0.0,0.0,13.043478260869565,7.246376811594203,14.492753623188406,1.4492753623188406,10.144927536231885,66.66666666666666,0.0,37.5,0.0,12.5,50.0,25.362318840579704,0.0,0.0,2.898550724637681,15.942028985507244,59.42028985507246,17.391304347826086,4.3478260869565215,0.0,0.0,0.0,12.5,75.0,12.5,0.0,15.579710144927535,84.05797101449275,15.942028985507244,0.0,0.0,62.5,37.5,0.0,0.0,21.557971014492757
E0270,2.564102564102564,7.6923076923076925,7.6923076923076925,82.05128205128204,0.0,33.33333333333333,0.0,66.66666666666666,25.64102564102564,5.128205128205128,7.6923076923076925,5.128205128205128,61.53846153846154,20.51282051282051,0.0,0.0,0.0,100.0,0.0,38.46153846153846,71.7948717948718,12.82051282051282,2.564102564102564,5.128205128205128,0.0,2.564102564102564,5.128205128205128,66.66666666666666,0.0,33.33333333333333,0.0,0.0,0.0,0.0,30.769230769230774,17.94871794871795,61.53846153846154,20.51282051282051,0.0,33.33333333333333,33.33333333333333,33.33333333333333,0.0,28.205128205128204
E0272,2.857142857142857,91.42857142857144,2.857142857142857,2.857142857142857,0.0,100.0,0.0,0.0,8.571428571428571,5.714285714285714,91.42857142857144,2.857142857142857,0.0,0.0,0.0,80.0,20.0,0.0,0.0,17.142857142857146,0.0,2.857142857142857,22.857142857142858,40.0,25.71428571428571,5.714285714285714,2.857142857142857,0.0,0.0,40.0,40.0,20.0,0.0,0.0,17.142857142857142,22.857142857142858,57.14285714285714,20.0,0.0,0.0,80.0,20.0,0.0,22.85714285714286
E0273,0.0,10.0,90.0,0.0,0.0,0.0,100.0,0.0,10.0,5.0,5.0,85.0,5.0,0.0,0.0,25.0,75.0,0.0,0.0,20.0,5.0,5.0,0.0,30.0,45.0,15.0,0.0,0.0,0.0,0.0,50.0,25.0,25.0,0.0,30.0,0.0,35.0,50.0,15.0,0.0,25.0,75.0,0.0,25.0
E0274,3.225806451612903,6.451612903225806,6.451612903225806,83.87096774193549,0.0,0.0,0.0,100.0,16.129032258064512,83.87096774193549,9.67741935483871,3.225806451612903,0.0,3.225806451612903,75.0,0.0,0.0,0.0,25.0,21.7741935483871,25.806451612903224,45.16129032258064,16.129032258064516,6.451612903225806,3.225806451612903,0.0,3.225806451612903,50.0,50.0,0.0,0.0,0.0,0.0,0.0,29.03225806451613,22.58064516129032,74.19354838709677,3.225806451612903,0.0,25.0,50.0,25.0,0.0,24.19354838709677
E0275,0.0,16.666666666666664,75.0,8.333333333333332,0.0,0.0,100.0,0.0,25.0,100.0,0.0,0.0,0.0,0.0,100.0,0.0,0.0,0.0,0.0,0.0,0.0,50.0,25.0,0.0,16.666666666666664,0.0,8.333333333333332,0.0,0.0,100.0,0.0,0.0,0.0,0.0,75.0,33.33333333333333,66.66666666666666,0.0,0.0,0.0,100.0,0.0,0.0,33.333333333333336
E0276,86.11111111111111,5.555555555555555,5.555555555555555,2.7777777777777777,66.66666666666666,0.0,33.33333333333333,0.0,27.777777777777786,5.555555555555555,2.7777777777777777,8.333333333333332,80.55555555555556,2.7777777777777777,0.0,33.33333333333333,0.0,66.66666666666666,0.0,30.55555555555556,2.7777777777777777,0.0,27.77777777777778,47.22222222222222,16.666666666666664,2.7777777777777777,2.7777777777777777,0.0,0.0,0.0,100.0,0.0,0.0,0.0,52.77777777777777,0.0,8.333333333333332,69.44444444444444,22.22222222222222,0.0,33.33333333333333,33.33333333333333,33.33333333333333,36.11111111111112
E0277,100.0,0.0,0.0,0.0,100.0,0.0,0.0,0.0,0.0,6.451612903225806,3.225806451612903,9.67741935483871,6.451612903225806,74.19354838709677,16.666666666666664,0.0,33.33333333333333,0.0,50.0,33.87096774193547,19.35483870967742,35.483870967741936,38.70967741935484,3.225806451612903,0.0,3.225806451612903,0.0,50.0,16.666666666666664,33.33333333333333,0.0,0.0,0.0,0.0,30.645161290322587,70.96774193548387,29.03225806451613,0.0,0.0,50.0,50.0,0.0,0.0,20.967741935483872
E0278,80.95238095238095,4.761904761904762,4.761904761904762,9.523809523809524,66.66666666666666,0.0,0.0,33.33333333333333,23.80952380952381,0.0,0.0,92.85714285714286,7.142857142857142,0.0,0.0,0.0,100.0,0.0,0.0,7.142857142857141,71.42857142857143,16.666666666666664,2.380952380952381,2.380952380952381,2.380952380952381,0.0,4.761904761904762,33.33333333333333,0.0,33.33333333333333,0.0,33.33333333333333,0.0,0.0,61.90476190476191,26.190476190476197,57.14285714285714,16.666666666666664,0.0,0.0,66.66666666666666,33.33333333333333,0.0,26.190476190476183
E0279,3.1746031746031744,0.0,93.65079365079364,3.1746031746031744,0.0,0.0,100.0,0.0,6.349206349206352,1.5873015873015872,3.1746031746031744,3.1746031746031744,15.873015873015872,76.19047619047619,0.0,0.0,0.0,20.0,80.0,7.936507936507938,0.0,1.5873015873015872,23.809523809523807,50.79365079365079,20.634920634920636,1.5873015873015872,1.5873015873015872,0.0,0.0,0.0,60.0,40.0,0.0,0.0,28.571428571428577,12.698412698412698,69.84126984126983,17.46031746031746,0.0,20.0,60.0,20.0,0.0,9.84126984126984
E0282,2.4390243902439024,4.878048780487805,90.2439024390244,2.4390243902439024,0.0,0.0,100.0,0.0,9.756097560975606,0.0,0.0,2.4390243902439024,2.4390243902439024,95.1219512195122,0.0,0.0,0.0,0.0,100.0,4.878048780487804,4.878048780487805,7.317073170731707,21.951219512195124,41.46341463414634,19.51219512195122,0.0,4.878048780487805,20.0,20.0,20.0,20.0,20.0,0.0,0.0,28.292682926829265,0.0,14.634146341463412,75.60975609756098,9.75609756097561,0.0,0.0,100.0,0.0,24.390243902439025
E0283,81.57894736842105,2.631578947368421,2.631578947368421,13.157894736842104,100.0,0.0,0.0,0.0,18.421052631578945,5.263157894736842,0.0,2.631578947368421,10.526315789473683,81.57894736842105,0.0,0.0,0.0,0.0,100.0,18.421052631578945,2.631578947368421,0.0,23.684210526315788,42.10526315789473,26.31578947368421,2.631578947368421,2.631578947368421,0.0,0.0,40.0,20.0,20.0,20.0,0.0,33.68421052631579,15.789473684210526,68.42105263157895,15.789473684210526,0.0,40.0,60.0,0.0,0.0,24.210526315789476
E0284,91.66666666666666,5.555555555555555,0.0,2.7777777777777777,100.0,0.0,0.0,0.0,8.333333333333337,83.33333333333334,2.7777777777777777,5.555555555555555,5.555555555555555,2.7777777777777777,100.0,0.0,0.0,0.0,0.0,16.666666666666664,19.444444444444446,50.0,22.22222222222222,0.0,0.0,2.7777777777777777,5.555555555555555,0.0,100.0,0.0,0.0,0.0,0.0,0.0,49.99999999999999,0.0,22.22222222222222,61.11111111111112,16.666666666666664,0.0,0.0,0.0,100.0,83.33333333333334
E0285,6.25,3.125,6.25,84.375,0.0,0.0,0.0,100.0,15.625,6.25,6.25,65.625,18.75,3.125,33.33333333333333,0.0,66.66666666666666,0.0,0.0,28.124999999999996,15.625,50.0,21.875,6.25,3.125,0.0,3.125,33.33333333333333,33.33333333333333,33.33333333333333,0.0,0.0,0.0,0.0,29.166666666666664,84.375,15.625,0.0,0.0,100.0,0.0,0.0,0.0,15.625
E0287,10.256410256410255,0.0,84.61538461538461,5.128205128205128,0.0,0.0,100.0,0.0,15.384615384615383,2.564102564102564,2.564102564102564,0.0,0.0,94.87179487179486,0.0,0.0,0.0,0.0,100.0,5.128205128205133,56.41025641025641,30.76923076923077,0.0,2.564102564102564,5.128205128205128,2.564102564102564,2.564102564102564,75.0,0.0,0.0,0.0,0.0,0.0,25.0,41.02564102564103,12.82051282051282,76.92307692307693,10.256410256410255,0.0,0.0,100.0,0.0,0.0,23.07692307692307
E0288,2.702702702702702,4.054054054054054,9.45945945945946,83.78378378378379,14.285714285714285,14.285714285714285,14.285714285714285,57.14285714285714,26.640926640926644,2.702702702702702,1.351351351351351,91.8918918918919,2.702702702702702,1.351351351351351,0.0,0.0,100.0,0.0,0.0,8.108108108108103,1.351351351351351,5.405405405405405,22.972972972972972,36.48648648648648,29.72972972972973,2.702702702702702,1.351351351351351,0.0,14.285714285714285,28.57142857142857,28.57142857142857,14.285714285714285,0.0,14.285714285714285,27.413127413127405,13.513513513513514,68.91891891891892,17.56756756756757,0.0,0.0,85.71428571428571,14.285714285714285,0.0,16.795366795366796
E0289,90.9090909090909,3.0303030303030303,0.0,6.0606060606060606,100.0,0.0,0.0,0.0,9.090909090909092,0.0,9.090909090909092,81.81818181818183,6.0606060606060606,3.0303030303030303,0.0,0.0,100.0,0.0,0.0,18.18181818181818,0.0,6.0606060606060606,0.0,3.0303030303030303,24.24242424242424,63.63636363636363,3.0303030303030303,0.0,0.0,0.0,0.0,25.0,75.0,0.0,12.121212121212125,30.303030303030305,57.57575757575758,12.12121212121212,0.0,25.0,75.0,0.0,0.0,17.424242424242422
E0290,0.0,3.571428571428571,92.85714285714286,3.571428571428571,0.0,0.0,100.0,0.0,7.142857142857141,78.57142857142857,10.714285714285714,7.142857142857142,3.571428571428571,0.0,33.33333333333333,33.33333333333333,33.33333333333333,0.0,0.0,48.80952380952381,0.0,3.571428571428571,3.571428571428571,7.142857142857142,0.0,3.571428571428571,82.14285714285714,0.0,0.0,0.0,33.33333333333333,0.0,0.0,66.66666666666666,26.19047619047619,7.142857142857142,71.42857142857143,21.428571428571427,0.0,0.0,100.0,0.0,0.0,28.57142857142857
E0291,88.63636363636364,4.545454545454546,4.545454545454546,2.272727272727273,100.0,0.0,0.0,0.0,11.363636363636363,0.0,2.272727272727273,4.545454545454546,2.272727272727273,90.9090909090909,0.0,0.0,0.0,0.0,100.0,9.090909090909092,2.272727272727273,4.545454545454546,31.818181818181817,40.909090909090914,18.181818181818183,0.0,2.272727272727273,0.0,0.0,80.0,0.0,20.0,0.0,0.0,50.0,0.0,18.181818181818183,61.36363636363637,20.454545454545457,0.0,20.0,60.0,20.0,1.81818181818182
E0292,75.0,11.363636363636363,4.545454545454546,9.090909090909092,33.33333333333333,33.33333333333333,0.0,33.33333333333333,46.21212121212121,0.0,0.0,0.0,97.72727272727272,2.272727272727273,0.0,0.0,0.0,100.0,0.0,2.27272727272727,15.909090909090908,59.09090909090909,15.909090909090908,0.0,4.545454545454546,2.272727272727273,2.272727272727273,33.33333333333333,66.66666666666666,0.0,0.0,0.0,0.0,0.0,24.999999999999996,9.090909090909092,84.0909090909091,6.8181818181818175,0.0,33.33333333333333,66.66666666666666,0.0,0.0,24.24242424242425
E0293,72.72727272727273,12.12121212121212,9.090909090909092,6.0606060606060606,60.0,20.0,20.0,0.0,18.787878787878796,0.0,3.0303030303030303,0.0,0.0,96.96969696969695,0.0,0.0,0.0,0.0,100.0,3.0303030303030307,63.63636363636363,21.21212121212121,0.0,0.0,3.0303030303030303,0.0,12.12121212121212,80.0,20.0,0.0,0.0,0.0,0.0,0.0,16.363636363636367,18.181818181818183,69.6969696969697,12.12121212121212,0.0,20.0,80.0,0.0,0.0,12.121212121212118
E0294,92.10526315789474,0.0,7.894736842105263,0.0,100.0,0.0,0.0,0.0,7.894736842105262,0.0,97.36842105263158,0.0,0.0,2.631578947368421,0.0,100.0,0.0,0.0,0.0,2.631578947368423,2.631578947368421,2.631578947368421,2.631578947368421,18.421052631578945,57.89473684210527,13.157894736842104,2.631578947368421,0.0,0.0,0.0,0.0,100.0,0.0,0.0,42.10526315789473,84.21052631578947,15.789473684210526,0.0,0.0,100.0,0.0,0.0,0.0,15.789473684210533
E0295,3.225806451612903,9.67741935483871,9.67741935483871,77.41935483870968,50.0,0.0,50.0,0.0,87.09677419354838,0.0,0.0,0.0,100.0,0.0,0.0,0.0,0.0,100.0,0.0,0.0,0.0,3.225806451612903,12.903225806451612,35.483870967741936,35.483870967741936,9.67741935483871,3.225806451612903,0.0,0.0,50.0,0.0,50.0,0.0,0.0,51.61290322580645,80.64516129032258,19.35483870967742,0.0,0.0,50.0,50.0,0.0,0.0,30.645161290322577
E0296,0.0,0.0,9.090909090909092,90.9090909090909,0.0,0.0,0.0,100.0,9.090909090909092,0.0,9.090909090909092,90.9090909090909,0.0,0.0,0.0,0.0,100.0,0.0,0.0,9.090909090909092,0.0,0.0,27.27272727272727,36.36363636363637,36.36363636363637,0.0,0.0,0.0,0.0,0.0,0.0,100.0,0.0,0.0,63.63636363636364,27.27272727272727,72.72727272727273,0.0,0.0,100.0,0.0,0.0,0.0,72.72727272727273
E0297,90.0,10.0,0.0,0.0,100.0,0.0,0.0,0.0,10.0,0.0,0.0,10.0,90.0,0.0,0.0,0.0,0.0,100.0,0.0,10.0,0.0,0.0,0.0,10.0,50.0,40.0,0.0,0.0,0.0,0.0,0.0,100.0,0.0,0.0,50.0,10.0,50.0,40.0,0.0,100.0,0.0,0.0,0.0,90.0
E0298,5.405405405405405,2.702702702702702,86.48648648648648,5.405405405405405,0.0,0.0,100.0,0.0,13.513513513513516,2.702702702702702,2.702702702702702,86.48648648648648,2.702702702702702,5.405405405405405,16.666666666666664,0.0,83.33333333333334,0.0,0.0,13.963963963963955,0.0,2.702702702702702,24.324324324324326,56.75675675675676,16.216216216216218,0.0,0.0,0.0,0.0,0.0,100.0,0.0,0.0,0.0,43.24324324324324,0.0,18.91891891891892,59.45945945945946,21.62162162162162,0.0,16.666666666666664,66.66666666666666,16.666666666666664,7.207207207207205
E0299,3.333333333333333,3.333333333333333,3.333333333333333,90.0,0.0,0.0,0.0,100.0,10.0,3.333333333333333,10.0,76.66666666666667,6.666666666666667,3.333333333333333,0.0,0.0,100.0,0.0,0.0,23.33333333333333,0.0,6.666666666666667,3.333333333333333,23.33333333333333,50.0,10.0,6.666666666666667,0.0,0.0,0.0,50.0,50.0,0.0,0.0,26.666666666666668,76.66666666666667,23.33333333333333,0.0,0.0,100.0,0.0,0.0,0.0,23.33333333333333
E0300,92.13483146067416,4.49438202247191,1.1235955056179776,2.247191011235955,100.0,0.0,0.0,0.0,7.86516853932584,0.0,5.617977528089887,2.247191011235955,84.26966292134831,7.865168539325842,0.0,0.0,0.0,100.0,0.0,15.730337078651688,62.92134831460674,19.101123595505616,3.3707865168539324,4.49438202247191,4.49438202247191,1.1235955056179776,4.49438202247191,40.0,40.0,0.0,0.0,0.0,20.0,0.0,39.7752808988764,84.26966292134831,15.730337078651685,0.0,0.0,80.0,20.0,0.0,0.0,4.269662921348314
E0301,92.85714285714286,2.380952380952381,2.380952380952381,2.380952380952381,100.0,0.0,0.0,0.0,7.1428571428571415,4.761904761904762,7.142857142857142,78.57142857142857,4.761904761904762,4.761904761904762,0.0,20.0,60.0,0.0,20.0,28.09523809523809,2.380952380952381,4.761904761904762,30.952380952380956,38.095238095238095,16.666666666666664,2.380952380952381,4.761904761904762,0.0,0.0,20.0,40.0,40.0,0.0,0.0,25.23809523809524,11.904761904761903,73.80952380952381,14.285714285714285,0.0,40.0,20.0,40.0,0.0,53.80952380952381
E0302,12.0,6.0,72.0,10.0,25.0,0.0,75.0,0.0,16.0,0.0,2.0,94.0,4.0,0.0,0.0,0.0,100.0,0.0,0.0,6.0,6.0,8.0,4.0,0.0,24.0,52.0,6.0,0.0,0.0,25.0,0.0,0.0,75.0,0.0,44.0,14.000000000000002,68.0,18.0,0.0,25.0,25.0,50.0,0.0,43.0
E0303,7.6923076923076925,0.0,7.6923076923076925,84.61538461538461,0.0,0.0,0.0,100.0,15.384615384615389,5.128205128205128,92.3076923076923,2.564102564102564,0.0,0.0,0.0,100.0,0.0,0.0,0.0,7.6923076923076925,10.256410256410255,41.02564102564102,33.33333333333333,10.256410256410255,0.0,2.564102564102564,2.564102564102564,0.0,50.0,0.0,0.0,0.0,0.0,50.0,56.41025641025641,82.05128205128204,17.94871794871795,0.0,0.0,50.0,50.0,0.0,0.0,32.051282051282044
E0304,87.5,3.75,3.75,5.0,100.0,0.0,0.0,0.0,12.5,0.0,2.5,6.25,11.25,80.0,0.0,0.0,33.33333333333333,0.0,66.66666666666666,27.083333333333336,0.0,1.25,15.0,51.24999999999999,26.25,2.5,3.75,0.0,0.0,33.33333333333333,66.66666666666666,0.0,0.0,0.0,33.75,18.75,67.5,13.750000000000002,0.0,0.0,100.0,0.0,0.0,32.5
E0305,3.076923076923077,0.0,95.3846153846154,1.5384615384615383,0.0,0.0,100.0,0.0,4.615384615384614,0.0,4.615384615384616,3.076923076923077,10.76923076923077,81.53846153846153,0.0,0.0,16.666666666666664,0.0,83.33333333333334,15.384615384615392,20.0,52.30769230769232,21.53846153846154,1.5384615384615383,1.5384615384615383,1.5384615384615383,1.5384615384615383,33.33333333333333,33.33333333333333,33.33333333333333,0.0,0.0,0.0,0.0,25.12820512820513,76.92307692307693,23.07692307692308,0.0,0.0,66.66666666666666,33.33333333333333,0.0,0.0,10.256410256410264
E0306,13.79310344827586,3.4482758620689653,82.75862068965517,0.0,0.0,0.0,100.0,0.0,17.241379310344826,3.4482758620689653,89.65517241379311,3.4482758620689653,3.4482758620689653,0.0,0.0,100.0,0.0,0.0,0.0,10.344827586206891,3.4482758620689653,6.896551724137931,3.4482758620689653,3.4482758620689653,10.344827586206897,0.0,72.41379310344827,0.0,0.0,0.0,0.0,0.0,0.0,100.0,27.58620689655173,17.24137931034483,68.96551724137932,13.79310344827586,0.0,100.0,0.0,0.0,0.0,82.75862068965517
E0307,0.0,5.128205128205128,5.128205128205128,89.74358974358975,0.0,0.0,0.0,100.0,10.256410256410252,0.0,0.0,10.256410256410255,74.35897435897436,15.384615384615383,0.0,0.0,25.0,75.0,0.0,15.384615384615383,43.58974358974359,48.71794871794872,2.564102564102564,0.0,0.0,2.564102564102564,2.564102564102564,50.0,25.0,0.0,0.0,0.0,0.0,25.0,28.846153846153843,12.82051282051282,71.7948717948718,15.384615384615383,0.0,25.0,50.0,25.0,0.0,21.7948717948718
E0308,10.344827586206897,0.0,89.65517241379311,0.0,50.0,0.0,50.0,0.0,39.65517241379311,89.65517241379311,0.0,0.0,3.4482758620689653,6.896551724137931,100.0,0.0,0.0,0.0,0.0,10.344827586206891,3.4482758620689653,3.4482758620689653,17.24137931034483,41.37931034482759,24.13793103448276,10.344827586206897,0.0,0.0,0.0,50.0,50.0,0.0,0.0,0.0,41.37931034482759,89.65517241379311,10.344827586206897,0.0,0.0,100.0,0.0,0.0,0.0,10.344827586206891
E0309,8.620689655172415,79.3103448275862,5.172413793103448,6.896551724137931,0.0,71.42857142857143,14.285714285714285,14.285714285714285,16.50246305418719,86.20689655172413,6.896551724137931,1.7241379310344829,3.4482758620689653,1.7241379310344829,100.0,0.0,0.0,0.0,0.0,13.793103448275868,27.58620689655172,55.172413793103445,12.06896551724138,1.7241379310344829,0.0,0.0,3.4482758620689653,42.85714285714285,42.85714285714285,0.0,0.0,0.0,0.0,14.285714285714285,26.108374384236456,22.41379310344828,60.3448275862069,17.24137931034483,0.0,28.57142857142857,57.14285714285714,14.285714285714285,0.0,6.157635467980297
E0310,92.3076923076923,0.0,5.128205128205128,2.564102564102564,100.0,0.0,0.0,0.0,7.6923076923076925,74.35897435897436,17.94871794871795,2.564102564102564,0.0,5.128205128205128,33.33333333333333,66.66666666666666,0.0,0.0,0.0,48.71794871794872,2.564102564102564,0.0,15.384615384615383,64.1025641025641,17.94871794871795,0.0,0.0,0.0,0.0,33.33333333333333,33.33333333333333,33.33333333333333,0.0,0.0,33.33333333333333,0.0,10.256410256410255,66.66666666666666,23.07692307692308,0.0,0.0,100.0,0.0,33.333333333333336
E0311,70.58823529411765,8.823529411764707,2.941176470588235,17.647058823529413,40.0,20.0,20.0,20.0,30.58823529411765,2.941176470588235,88.23529411764706,2.941176470588235,2.941176470588235,2.941176470588235,0.0,80.0,0.0,0.0,20.0,17.058823529411764,29.411764705882355,50.0,11.76470588235294,0.0,0.0,5.88235294117647,2.941176470588235,20.0,60.0,0.0,0.0,0.0,0.0,20.0,27.058823529411768,20.588235294117645,67.64705882352942,11.76470588235294,0.0,20.0,60.0,20.0,0.0,8.235294117647062
E0312,4.615384615384616,4.615384615384616,89.23076923076924,1.5384615384615383,0.0,0.0,100.0,0.0,10.769230769230766,7.6923076923076925,87.6923076923077,4.615384615384616,0.0,0.0,20.0,80.0,0.0,0.0,0.0,12.307692307692308,13.846153846153848,53.84615384615385,18.461538461538463,3.076923076923077,3.076923076923077,3.076923076923077,4.615384615384616,0.0,60.0,20.0,20.0,0.0,0.0,0.0,24.615384615384617,0.0,13.846153846153848,80.0,6.153846153846154,0.0,20.0,80.0,0.0,6.153846153846153
E0313,6.25,6.25,87.5,0.0,16.666666666666664,0.0,83.33333333333334,0.0,10.41666666666666,0.0,9.375,84.375,6.25,0.0,0.0,16.666666666666664,66.66666666666666,16.666666666666664,0.0,17.708333333333336,3.125,9.375,68.75,15.625,0.0,3.125,0.0,0.0,16.666666666666664,66.66666666666666,16.666666666666664,0.0,0.0,0.0,8.333333333333336,81.25,18.75,0.0,0.0,83.33333333333334,16.666666666666664,0.0,0.0,2.0833333333333397
E0314,9.090909090909092,80.3030303030303,7.575757575757576,3.0303030303030303,20.0,60.0,0.0,20.0,27.878787878787875,80.3030303030303,9.090909090909092,4.545454545454546,3.0303030303030303,3.0303030303030303,100.0,0.0,0.0,0.0,0.0,19.696969696969703,0.0,3.0303030303030303,3.0303030303030303,3.0303030303030303,28.78787878787879,59.09090909090909,3.0303030303030303,0.0,0.0,0.0,0.0,20.0,80.0,0.0,20.909090909090907,0.0,27.27272727272727,63.63636363636363,9.090909090909092,0.0,20.0,80.0,0.0,16.363636363636363
E0315,0.0,2.380952380952381,95.23809523809524,2.380952380952381,0.0,0.0,100.0,0.0,4.761904761904768,2.380952380952381,7.142857142857142,9.523809523809524,69.04761904761905,11.904761904761903,0.0,0.0,0.0,100.0,0.0,30.952380952380956,7.142857142857142,61.90476190476191,19.047619047619047,2.380952380952381,2.380952380952381,7.142857142857142,0.0,0.0,100.0,0.0,0.0,0.0,0.0,0.0,38.095238095238095,21.428571428571427,61.90476190476191,16.666666666666664,0.0,0.0,0.0,100.0,0.0,83.33333333333334
E0316,10.0,0.0,17.5,72.5,0.0,0.0,16.666666666666664,83.33333333333334,10.83333333333334,0.0,0.0,2.5,95.0,2.5,0.0,0.0,0.0,100.0,0.0,5.0,72.5,10.0,0.0,7.5,2.5,0.0,7.5,100.0,0.0,0.0,0.0,0.0,0.0,0.0,27.5,22.5,62.5,15.0,0.0,16.666666666666664,50.0,33.33333333333333,0.0,18.33333333333333
E0317,2.7777777777777777,0.0,94.44444444444444,2.7777777777777777,0.0,0.0,100.0,0.0,5.555555555555557,86.11111111111111,8.333333333333332,0.0,2.7777777777777777,2.7777777777777777,100.0,0.0,0.0,0.0,0.0,13.888888888888888,0.0,0.0,5.555555555555555,16.666666666666664,47.22222222222222,27.77777777777778,2.7777777777777777,0.0,0.0,33.33333333333333,33.33333333333333,33.33333333333333,0.0,0.0,44.44444444444444,22.22222222222222,63.888888888888886,13.88888888888889,0.0,66.66666666666666,33.33333333333333,0.0,0.0,44.44444444444444
E0318,7.142857142857142,2.857142857142857,87.14285714285714,2.857142857142857,0.0,0.0,100.0,0.0,12.85714285714286,75.71428571428571,10.0,7.142857142857142,4.285714285714286,2.857142857142857,77.77777777777779,11.11111111111111,0.0,11.11111111111111,0.0,10.000000000000009,1.4285714285714286,17.142857142857142,58.57142857142858,20.0,1.4285714285714286,1.4285714285714286,0.0,0.0,0.0,55.55555555555556,44.44444444444444,0.0,0.0,0.0,24.444444444444446,0.0,11.428571428571429,65.71428571428571,22.857142857142858,0.0,0.0,77.77777777777779,22.22222222222222,12.063492063492072
E0319,0.0,0.0,100.0,0.0,0.0,0.0,100.0,0.0,0.0,100.0,0.0,0.0,0.0,0.0,100.0,0.0,0.0,0.0,0.0,0.0,0.0,0.0,25.0,0.0,50.0,25.0,0.0,0.0,0.0,0.0,0.0,50.0,50.0,0.0,25.0,25.0,75.0,0.0,0.0,50.0,50.0,0.0,0.0,25.0
E0320,93.42105263157896,3.947368421052632,1.3157894736842104,1.3157894736842104,100.0,0.0,0.0,0.0,6.578947368421054,5.263157894736842,78.94736842105263,7.894736842105263,6.578947368421052,1.3157894736842104,0.0,66.66666666666666,0.0,33.33333333333333,0.0,26.754385964912284,64.47368421052632,21.052631578947366,1.3157894736842104,2.631578947368421,2.631578947368421,5.263157894736842,2.631578947368421,33.33333333333333,33.33333333333333,0.0,0.0,0.0,33.33333333333333,0.0,40.35087719298245,84.21052631578947,15.789473684210526,0.0,0.0,66.66666666666666,33.33333333333333,0.0,0.0,17.543859649122805
E0321,4.761904761904762,85.71428571428571,9.523809523809524,0.0,0.0,100.0,0.0,0.0,14.285714285714288,14.285714285714285,69.04761904761905,4.761904761904762,9.523809523809524,2.380952380952381,25.0,50.0,0.0,25.0,0.0,26.19047619047619,0.0,7.142857142857142,16.666666666666664,42.85714285714285,33.33333333333333,0.0,0.0,0.0,0.0,0.0,50.0,50.0,0.0,0.0,23.80952380952381,76.19047619047619,23.809523809523807,0.0,0.0,25.0,75.0,0.0,0.0,51.19047619047619
E0322,8.620689655172415,3.4482758620689653,84.48275862068965,3.4482758620689653,0.0,0.0,100.0,0.0,15.517241379310349,15.517241379310343,77.58620689655173,5.172413793103448,1.7241379310344829,0.0,25.0,75.0,0.0,0.0,0.0,9.482758620689658,20.689655172413797,46.55172413793103,24.13793103448276,0.0,1.7241379310344829,1.7241379310344829,5.172413793103448,50.0,25.0,25.0,0.0,0.0,0.0,0.0,30.172413793103445,0.0,24.13793103448276,56.896551724137936,18.96551724137931,0.0,50.0,50.0,0.0,25.86206896551724
E0323,2.7777777777777777,2.7777777777777777,88.88888888888889,5.555555555555555,0.0,33.33333333333333,66.66666666666666,0.0,30.55555555555556,2.7777777777777777,2.7777777777777777,11.11111111111111,8.333333333333332,75.0,0.0,0.0,0.0,0.0,100.0,25.0,8.333333333333332,58.333333333333336,25.0,2.7777777777777777,5.555555555555555,0.0,0.0,33.33333333333333,66.66666666666666,0.0,0.0,0.0,0.0,0.0,33.33333333333332,16.666666666666664,72.22222222222221,11.11111111111111,0.0,0.0,100.0,0.0,0.0,27.77777777777778
E0324,7.6923076923076925,1.9230769230769231,90.3846153846154,0.0,0.0,0.0,100.0,0.0,9.615384615384611,1.9230769230769231,3.8461538461538463,0.0,88.46153846153845,5.769230769230769,0.0,0.0,0.0,100.0,0.0,11.538461538461544,0.0,1.9230769230769231,23.07692307692308,42.30769230769231,25.0,3.8461538461538463,3.8461538461538463,0.0,0.0,20.0,60.0,20.0,0.0,0.0,17.692307692307693,0.0,17.307692307692307,65.38461538461539,17.307692307692307,0.0,20.0,60.0,20.0,5.384615384615387
E0326,6.0606060606060606,9.090909090909092,78.78787878787878,6.0606060606060606,0.0,0.0,100.0,0.0,21.212121212121215,3.0303030303030303,12.12121212121212,75.75757575757575,6.0606060606060606,3.0303030303030303,0.0,0.0,100.0,0.0,0.0,24.24242424242425,0.0,3.0303030303030303,3.0303030303030303,9.090909090909092,63.63636363636363,18.181818181818183,3.0303030303030303,0.0,0.0,100.0,0.0,0.0,0.0,0.0,96.96969696969695,12.12121212121212,66.66666666666666,21.21212121212121,0.0,0.0,100.0,0.0,0.0,33.33333333333334
E0327,11.428571428571429,8.571428571428571,5.714285714285714,74.28571428571429,42.85714285714285,14.285714285714285,0.0,42.85714285714285,37.142857142857146,11.428571428571429,82.85714285714286,2.857142857142857,2.857142857142857,0.0,0.0,85.71428571428571,14.285714285714285,0.0,0.0,14.28571428571428,34.285714285714285,34.285714285714285,17.142857142857142,14.285714285714285,0.0,0.0,0.0,14.285714285714285,42.85714285714285,14.285714285714285,28.57142857142857,0.0,0.0,0.0,22.85714285714285,80.0,20.0,0.0,0.0,100.0,0.0,0.0,0.0,20.0
E0328,84.61538461538461,2.564102564102564,7.6923076923076925,5.128205128205128,100.0,0.0,0.0,0.0,15.384615384615383,0.0,0.0,2.564102564102564,23.07692307692308,74.35897435897436,0.0,0.0,0.0,33.33333333333333,66.66666666666666,10.256410256410264,2.564102564102564,25.64102564102564,33.33333333333333,23.07692307692308,0.0,7.6923076923076925,7.6923076923076925,0.0,66.66666666666666,0.0,0.0,0.0,33.33333333333333,0.0,66.66666666666666,0.0,20.51282051282051,66.66666666666666,12.82051282051282,0.0,0.0,33.33333333333333,66.66666666666666,53.84615384615384
E0329,81.63265306122449,6.122448979591836,8.16326530612245,4.081632653061225,80.0,20.0,0.0,0.0,13.87755102040816,6.122448979591836,10.20408163265306,4.081632653061225,6.122448979591836,73.46938775510205,0.0,0.0,20.0,20.0,60.0,29.795918367346943,0.0,20.40816326530612,51.02040816326531,20.40816326530612,4.081632653061225,4.081632653061225,0.0,0.0,20.0,60.0,20.0,0.0,0.0,0.0,8.979591836734691,18.367346938775512,63.26530612244898,18.367346938775512,0.0,20.0,60.0,20.0,0.0,3.26530612244898
E0330,5.555555555555555,11.11111111111111,77.77777777777779,5.555555555555555,0.0,0.0,100.0,0.0,22.222222222222214,0.0,2.7777777777777777,5.555555555555555,88.88888888888889,2.7777777777777777,0.0,0.0,0.0,100.0,0.0,11.111111111111112,2.7777777777777777,0.0,5.555555555555555,2.7777777777777777,5.555555555555555,5.555555555555555,77.77777777777779,0.0,0.0,0.0,0.0,0.0,0.0,100.0,22.222222222222214,0.0,11.11111111111111,72.22222222222221,16.666666666666664,0.0,0.0,66.66666666666666,33.33333333333333,16.666666666666664
E0331,0.0,97.5,0.0,2.5,0.0,100.0,0.0,0.0,2.5,2.5,87.5,5.0,5.0,0.0,0.0,100.0,0.0,0.0,0.0,12.5,32.5,30.0,22.5,2.5,5.0,0.0,7.5,50.0,50.0,0.0,0.0,0.0,0.0,0.0,37.5,5.0,60.0,35.0,0.0,0.0,0.0,100.0,0.0,65.0
E0332,4.651162790697675,2.3255813953488373,86.04651162790698,6.976744186046512,0.0,0.0,100.0,0.0,13.95348837209302,0.0,6.976744186046512,83.72093023255815,6.976744186046512,2.3255813953488373,0.0,0.0,100.0,0.0,0.0,16.279069767441854,18.6046511627907,55.81395348837209,16.27906976744186,2.3255813953488373,4.651162790697675,0.0,2.3255813953488373,60.0,40.0,0.0,0.0,0.0,0.0,0.0,41.3953488372093,16.27906976744186,69.76744186046511,13.953488372093023,0.0,40.0,40.0,20.0,0.0,29.767441860465112
E0333,0.0,0.0,100.0,0.0,0.0,0.0,100.0,0.0,0.0,0.0,100.0,0.0,0.0,0.0,0.0,100.0,0.0,0.0,0.0,0.0,0.0,57.14285714285714,28.57142857142857,0.0,0.0,14.285714285714285,0.0,0.0,0.0,100.0,0.0,0.0,0.0,0.0,71.42857142857142,42.85714285714285,42.85714285714285,14.285714285714285,0.0,0.0,0.0,100.0,0.0,85.71428571428572
E0334,90.14084507042254,2.8169014084507045,4.225352112676056,2.8169014084507045,100.0,0.0,0.0,0.0,9.85915492957746,94.3661971830986,2.8169014084507045,2.8169014084507045,0.0,0.0,100.0,0.0,0.0,0.0,0.0,5.633802816901408,0.0,2.8169014084507045,18.30985915492958,56.33802816901409,15.492957746478872,4.225352112676056,2.8169014084507045,0.0,0.0,0.0,0.0,100.0,0.0,0.0,84.50704225352113,19.718309859154928,69.01408450704226,11.267605633802818,0.0,100.0,0.0,0.0,0.0,80.28169014084507
E0335,91.83673469387756,2.0408163265306123,4.081632653061225,2.0408163265306123,100.0,0.0,0.0,0.0,8.163265306122446,4.081632653061225,93.87755102040816,0.0,0.0,2.0408163265306123,0.0,100.0,0.0,0.0,0.0,6.122448979591836,20.40816326530612,51.02040816326531,18.367346938775512,4.081632653061225,0.0,0.0,6.122448979591836,0.0,100.0,0.0,0.0,0.0,0.0,0.0,48.97959183673469,0.0,14.285714285714285,75.51020408163265,10.20408163265306,0.0,0.0,50.0,50.0,39.79591836734694
E0336,2.380952380952381,2.380952380952381,88.09523809523809,7.142857142857142,0.0,0.0,100.0,0.0,11.904761904761909,97.61904761904762,2.380952380952381,0.0,0.0,0.0,100.0,0.0,0.0,0.0,0.0,2.3809523809523805,11.904761904761903,4.761904761904762,4.761904761904762,2.380952380952381,21.428571428571427,52.38095238095239,2.380952380952381,33.33333333333333,0.0,0.0,0.0,33.33333333333333,33.33333333333333,0.0,33.33333333333333,0.0,19.047619047619047,57.14285714285714,23.809523809523807,0.0,33.33333333333333,66.66666666666666,0.0,23.809523809523803
E0337,5.0,7.5,80.0,7.5,0.0,0.0,66.66666666666666,33.33333333333333,25.833333333333336,85.0,5.0,5.0,0.0,5.0,66.66666666666666,33.33333333333333,0.0,0.0,0.0,28.333333333333336,25.0,52.5,15.0,0.0,2.5,5.0,0.0,66.66666666666666,33.33333333333333,0.0,0.0,0.0,0.0,0.0,41.66666666666666,0.0,17.5,67.5,15.0,0.0,66.66666666666666,33.33333333333333,0.0,49.16666666666666
E0338,8.333333333333332,0.0,5.555555555555555,86.11111111111111,0.0,0.0,0.0,100.0,13.888888888888886,0.0,5.555555555555555,86.11111111111111,5.555555555555555,2.7777777777777777,0.0,16.666666666666664,83.33333333333334,0.0,0.0,11.111111111111107,5.555555555555555,0.0,5.555555555555555,5.555555555555555,22.22222222222222,61.11111111111112,0.0,0.0,0.0,0.0,0.0,0.0,100.0,0.0,38.888888888888886,19.444444444444446,69.44444444444444,11.11111111111111,0.0,16.666666666666664,66.66666666666666,16.666666666666664,0.0,5.555555555555561
E0339,0.0,11.11111111111111,83.33333333333334,5.555555555555555,0.0,0.0,75.0,25.0,19.44444444444445,2.7777777777777777,2.7777777777777777,5.555555555555555,83.33333333333334,5.555555555555555,0.0,0.0,0.0,75.0,25.0,19.44444444444445,66.66666666666666,22.22222222222222,0.0,2.7777777777777777,0.0,5.555555555555555,2.7777777777777777,50.0,50.0,0.0,0.0,0.0,0.0,0.0,27.77777777777777,11.11111111111111,72.22222222222221,16.666666666666664,0.0,0.0,100.0,0.0,0.0,27.777777777777786
E0340,1.36986301369863,0.0,5.47945205479452,93.15068493150685,0.0,0.0,0.0,100.0,6.849315068493153,6.849315068493151,84.93150684931507,4.10958904109589,2.73972602739726,1.36986301369863,0.0,75.0,25.0,0.0,0.0,20.89041095890411,0.0,2.73972602739726,17.80821917808219,52.05479452054794,23.28767123287671,2.73972602739726,1.36986301369863,0.0,0.0,50.0,50.0,0.0,0.0,0.0,32.19178082191781,24.65753424657534,54.7945205479452,20.54794520547945,0.0,50.0,25.0,25.0,0.0,29.794520547945204
E0341,90.2439024390244,7.317073170731707,2.4390243902439024,0.0,100.0,0.0,0.0,0.0,9.756097560975606,68.29268292682927,17.073170731707318,7.317073170731707,4.878048780487805,2.4390243902439024,0.0,0.0,0.0,100.0,0.0,95.1219512195122,2.4390243902439024,2.4390243902439024,0.0,0.0,9.75609756097561,82.92682926829268,2.4390243902439024,0.0,0.0,0.0,0.0,0.0,100.0,0.0,17.073170731707318,0.0,17.073170731707318,60.97560975609756,21.951219512195124,0.0,0.0,100.0,0.0,39.02439024390244
E0343,87.8048780487805,0.0,9.75609756097561,2.4390243902439024,100.0,0.0,0.0,0.0,12.195121951219509,0.0,2.4390243902439024,9.75609756097561,85.36585365853658,2.4390243902439024,0.0,0.0,14.285714285714285,71.42857142857143,14.285714285714285,16.376306620209053,0.0,2.4390243902439024,2.4390243902439024,2.4390243902439024,0.0,4.878048780487805,87.8048780487805,0.0,0.0,0.0,14.285714285714285,0.0,14.285714285714285,71.42857142857143,21.254355400696863,17.073170731707318,65.85365853658537,17.073170731707318,0.0,42.85714285714285,57.14285714285714,0.0,0.0,25.783972125435547
E0344,2.702702702702702,0.0,94.5945945945946,2.702702702702702,0.0,0.0,100.0,0.0,5.405405405405404,5.405405405405405,2.702702702702702,0.0,86.48648648648648,5.405405405405405,25.0,0.0,0.0,75.0,0.0,19.594594594594597,5.405405405405405,18.91891891891892,51.35135135135135,13.513513513513514,0.0,5.405405405405405,5.405405405405405,25.0,25.0,50.0,0.0,0.0,0.0,0.0,25.675675675675677,18.91891891891892,70.27027027027027,10.81081081081081,0.0,0.0,100.0,0.0,0.0,29.729729729729726
E0346,91.93548387096774,3.225806451612903,3.225806451612903,1.6129032258064515,100.0,0.0,0.0,0.0,8.064516129032258,4.838709677419355,0.0,12.903225806451612,70.96774193548387,11.29032258064516,0.0,0.0,0.0,100.0,0.0,29.032258064516128,0.0,3.225806451612903,16.129032258064516,56.451612903225815,19.35483870967742,4.838709677419355,0.0,0.0,0.0,0.0,66.66666666666666,33.33333333333333,0.0,0.0,24.19354838709676,0.0,19.35483870967742,61.29032258064516,19.35483870967742,0.0,0.0,100.0,0.0,38.70967741935484
E0347,2.564102564102564,10.256410256410255,84.61538461538461,2.564102564102564,0.0,0.0,100.0,0.0,15.384615384615383,0.0,5.128205128205128,94.87179487179486,0.0,0.0,0.0,0.0,100.0,0.0,0.0,5.128205128205133,23.07692307692308,38.46153846153847,25.64102564102564,2.564102564102564,5.128205128205128,2.564102564102564,2.564102564102564,20.0,40.0,20.0,0.0,0.0,0.0,20.0,18.97435897435897,12.82051282051282,69.23076923076923,17.94871794871795,0.0,40.0,40.0,20.0,0.0,29.23076923076923
E0348,100.0,0.0,0.0,0.0,100.0,0.0,0.0,0.0,0.0,61.53846153846154,15.384615384615383,23.07692307692308,0.0,0.0,75.0,25.0,0.0,0.0,0.0,23.076923076923077,15.384615384615383,61.53846153846154,15.384615384615383,0.0,0.0,0.0,7.6923076923076925,50.0,25.0,25.0,0.0,0.0,0.0,0.0,44.23076923076923,0.0,76.92307692307693,23.07692307692308,0.0,0.0,75.0,25.0,0.0,1.923076923076929
E0349,2.564102564102564,94.87179487179486,0.0,2.564102564102564,0.0,100.0,0.0,0.0,5.128205128205133,0.0,2.564102564102564,5.128205128205128,5.128205128205128,87.17948717948718,0.0,0.0,0.0,0.0,100.0,12.820512820512818,17.94871794871795,56.41025641025641,17.94871794871795,0.0,2.564102564102564,2.564102564102564,2.564102564102564,50.0,25.0,25.0,0.0,0.0,0.0,0.0,39.10256410256411,84.61538461538461,15.384615384615383,0.0,0.0,100.0,0.0,0.0,0.0,15.384615384615389
E0350,0.0,0.0,75.0,25.0,0.0,0.0,100.0,0.0,25.0,0.0,0.0,100.0,0.0,0.0,0.0,0.0,100.0,0.0,0.0,0.0,62.5,25.0,0.0,0.0,0.0,12.5,0.0,0.0,100.0,0.0,0.0,0.0,0.0,0.0,75.0,25.0,50.0,25.0,0.0,0.0,100.0,0.0,0.0,50.0
E0351,6.666666666666667,78.33333333333333,10.0,5.0,25.0,25.0,25.0,25.0,53.33333333333333,6.666666666666667,75.0,15.0,1.6666666666666667,1.6666666666666667,0.0,50.0,50.0,0.0,0.0,35.00000000000001,55.00000000000001,30.0,6.666666666666667,1.6666666666666667,3.333333333333333,0.0,3.333333333333333,100.0,0.0,0.0,0.0,0.0,0.0,0.0,45.0,11.666666666666666,73.33333333333333,15.0,0.0,0.0,100.0,0.0,0.0,26.666666666666668
E0352,0.0,3.333333333333333,93.33333333333331,3.333333333333333,0.0,0.0,100.0,0.0,6.66666666666667,86.66666666666667,6.666666666666667,3.333333333333333,3.333333333333333,0.0,100.0,0.0,0.0,0.0,0.0,13.33333333333333,60.0,23.33333333333333,10.0,3.333333333333333,0.0,3.333333333333333,0.0,0.0,100.0,0.0,0.0,0.0,0.0,0.0,76.66666666666669,33.33333333333333,56.66666666666666,10.0,0.0,100.0,0.0,0.0,0.0,66.66666666666667
E0353,4.651162790697675,4.651162790697675,79.06976744186046,11.627906976744184,0.0,0.0,100.0,0.0,20.930232558139537,2.3255813953488373,0.0,2.3255813953488373,93.02325581395348,2.3255813953488373,0.0,0.0,0.0,100.0,0.0,6.976744186046515,4.651162790697675,18.6046511627907,48.837209302325576,16.27906976744186,2.3255813953488373,2.3255813953488373,6.976744186046512,0.0,100.0,0.0,0.0,0.0,0.0,0.0,81.3953488372093,0.0,11.627906976744184,72.09302325581395,16.27906976744186,0.0,0.0,100.0,0.0,27.90697674418605
E0354,2.272727272727273,4.545454545454546,84.0909090909091,9.090909090909092,0.0,25.0,75.0,0.0,20.454545454545457,77.27272727272727,13.636363636363637,6.8181818181818175,2.272727272727273,0.0,75.0,25.0,0.0,0.0,0.0,11.363636363636362,6.8181818181818175,0.0,2.272727272727273,20.454545454545457,54.54545454545454,11.363636363636363,4.545454545454546,0.0,0.0,0.0,0.0,100.0,0.0,0.0,45.45454545454545,0.0,13.636363636363637,72.72727272727273,13.636363636363637,0.0,25.0,75.0,0.0,13.636363636363631
E0355,5.263157894736842,2.631578947368421,86.8421052631579,5.263157894736842,25.0,25.0,50.0,0.0,42.10526315789474,0.0,97.36842105263158,2.631578947368421,0.0,0.0,0.0,100.0,0.0,0.0,0.0,2.631578947368423,73.68421052631578,15.789473684210526,0.0,2.631578947368421,2.631578947368421,5.263157894736842,0.0,75.0,25.0,0.0,0.0,0.0,0.0,0.0,10.526315789473689,81.57894736842105,18.421052631578945,0.0,0.0,75.0,25.0,0.0,0.0,6.578947368421055
E0356,20.253164556962027,22.78481012658228,37.9746835443038,18.9873417721519,10.0,20.0,40.0,30.0,13.037974683544302,1.2658227848101269,2.5316455696202533,1.2658227848101269,5.063291139240507,89.87341772151899,0.0,10.0,0.0,0.0,90.0,7.594936708860758,53.16455696202531,22.78481012658228,2.5316455696202533,1.2658227848101269,7.59493670886076,7.59493670886076,5.063291139240507,40.0,20.0,0.0,10.0,0.0,10.0,20.0,26.075949367088604,21.518987341772156,70.88607594936708,7.59493670886076,0.0,40.0,60.0,0.0,0.0,18.481012658227844
E0357,8.333333333333332,13.88888888888889,69.44444444444444,8.333333333333332,0.0,0.0,100.0,0.0,30.55555555555556,5.555555555555555,2.7777777777777777,0.0,8.333333333333332,83.33333333333334,0.0,0.0,0.0,0.0,100.0,16.66666666666666,2.7777777777777777,2.7777777777777777,16.666666666666664,38.88888888888889,33.33333333333333,2.7777777777777777,2.7777777777777777,0.0,0.0,50.0,50.0,0.0,0.0,0.0,44.44444444444444,0.0,11.11111111111111,69.44444444444444,19.444444444444446,0.0,0.0,50.0,50.0,30.555555555555557
E0358,0.0,100.0,0.0,0.0,0.0,100.0,0.0,0.0,0.0,9.67741935483871,0.0,3.225806451612903,6.451612903225806,80.64516129032258,0.0,0.0,0.0,0.0,100.0,19.35483870967742,22.58064516129032,58.06451612903226,16.129032258064516,0.0,0.0,0.0,3.225806451612903,50.0,25.0,25.0,0.0,0.0,0.0,0.0,36.29032258064516,77.41935483870968,22.58064516129032,0.0,0.0,50.0,50.0,0.0,0.0,27.41935483870968
E0359,3.4482758620689653,12.06896551724138,0.0,84.48275862068965,0.0,20.0,0.0,80.0,7.931034482758619,0.0,3.4482758620689653,3.4482758620689653,89.65517241379311,3.4482758620689653,0.0,20.0,0.0,80.0,0.0,16.55172413793104,48.27586206896552,24.13793103448276,10.344827586206897,3.4482758620689653,3.4482758620689653,5.172413793103448,5.172413793103448,60.0,40.0,0.0,0.0,0.0,0.0,0.0,27.58620689655172,79.3103448275862,20.689655172413797,0.0,0.0,80.0,20.0,0.0,0.0,0.6896551724137936
E0360,100.0,0.0,0.0,0.0,100.0,0.0,0.0,0.0,0.0,0.0,0.0,87.5,12.5,0.0,0.0,0.0,100.0,0.0,0.0,12.5,0.0,62.5,12.5,12.5,0.0,0.0,12.5,0.0,100.0,0.0,0.0,0.0,0.0,0.0,37.5,50.0,50.0,0.0,0.0,0.0,100.0,0.0,0.0,50.0
E0361,6.976744186046512,0.0,90.69767441860463,2.3255813953488373,25.0,0.0,75.0,0.0,18.023255813953487,0.0,0.0,100.0,0.0,0.0,0.0,0.0,100.0,0.0,0.0,0.0,0.0,9.30232558139535,4.651162790697675,2.3255813953488373,20.930232558139537,60.46511627906976,2.3255813953488373,0.0,0.0,25.0,0.0,0.0,75.0,0.0,34.88372093023256,18.6046511627907,65.11627906976744,16.27906976744186,0.0,50.0,50.0,0.0,0.0,31.3953488372093
E0362,0.0,2.941176470588235,94.11764705882352,2.941176470588235,0.0,0.0,100.0,0.0,5.882352941176475,88.23529411764706,2.941176470588235,2.941176470588235,5.88235294117647,0.0,100.0,0.0,0.0,0.0,0.0,11.764705882352942,2.941176470588235,0.0,2.941176470588235,23.52941176470588,41.17647058823529,26.47058823529412,2.941176470588235,0.0,0.0,0.0,50.0,50.0,0.0,0.0,35.294117647058826,94.11764705882352,5.88235294117647,0.0,0.0,100.0,0.0,0.0,0.0,5.882352941176475
E0363,0.0,0.0,95.1219512195122,4.878048780487805,0.0,0.0,100.0,0.0,4.878048780487804,2.4390243902439024,2.4390243902439024,4.878048780487805,85.36585365853658,4.878048780487805,0.0,0.0,0.0,100.0,0.0,14.63414634146342,19.51219512195122,46.34146341463415,17.073170731707318,0.0,7.317073170731707,2.4390243902439024,7.317073170731707,0.0,33.33333333333333,33.33333333333333,0.0,0.0,33.33333333333333,0.0,47.15447154471544,0.0,19.51219512195122,75.60975609756098,4.878048780487805,0.0,33.33333333333333,66.66666666666666,0.0,13.821138211382117
E0364,73.33333333333333,10.0,10.0,6.666666666666667,100.0,0.0,0.0,0.0,26.666666666666668,0.0,0.0,0.0,6.666666666666667,93.33333333333331,0.0,0.0,0.0,0.0,100.0,6.66666666666667,3.333333333333333,0.0,26.666666666666668,30.0,26.666666666666668,6.666666666666667,6.666666666666667,0.0,0.0,50.0,0.0,0.0,50.0,0.0,66.66666666666666,16.666666666666664,63.33333333333333,20.0,0.0,0.0,50.0,50.0,0.0,30.0
E0366,10.526315789473683,15.789473684210526,71.05263157894737,2.631578947368421,20.0,0.0,80.0,0.0,18.421052631578945,10.526315789473683,84.21052631578947,0.0,2.631578947368421,2.631578947368421,0.0,100.0,0.0,0.0,0.0,15.789473684210533,2.631578947368421,2.631578947368421,18.421052631578945,52.63157894736842,21.052631578947366,0.0,2.631578947368421,0.0,20.0,0.0,60.0,20.0,0.0,0.0,24.736842105263158,13.157894736842104,60.526315789473685,26.31578947368421,0.0,0.0,60.0,40.0,0.0,13.684210526315791
E0367,4.3478260869565215,13.043478260869565,73.91304347826086,8.695652173913043,0.0,0.0,100.0,0.0,26.086956521739133,0.0,100.0,0.0,0.0,0.0,0.0,100.0,0.0,0.0,0.0,0.0,4.3478260869565215,0.0,17.391304347826086,41.30434782608695,28.26086956521739,8.695652173913043,0.0,0.0,0.0,0.0,0.0,100.0,0.0,0.0,71.73913043478261,10.869565217391305,67.3913043478261,21.73913043478261,0.0,0.0,0.0,100.0,0.0,78.2608695652174
E0368,83.72093023255815,4.651162790697675,11.627906976744184,0.0,100.0,0.0,0.0,0.0,16.279069767441857,6.976744186046512,6.976744186046512,11.627906976744184,13.953488372093023,60.46511627906976,50.0,0.0,0.0,0.0,50.0,43.02325581395348,4.651162790697675,2.3255813953488373,13.953488372093023,48.837209302325576,25.58139534883721,0.0,4.651162790697675,50.0,0.0,0.0,0.0,50.0,0.0,0.0,69.76744186046511,6.976744186046512,67.44186046511628,25.58139534883721,0.0,0.0,50.0,50.0,0.0,24.418604651162788
E0369,6.25,3.125,87.5,3.125,0.0,0.0,100.0,0.0,12.5,3.125,0.0,0.0,0.0,96.875,0.0,0.0,0.0,0.0,100.0,3.125,18.75,50.0,18.75,3.125,3.125,3.125,3.125,25.0,75.0,0.0,0.0,0.0,0.0,0.0,31.25,0.0,15.625,53.125,31.25,0.0,25.0,75.0,0.0,31.25
E0370,2.985074626865672,7.462686567164178,82.08955223880598,7.462686567164178,20.0,0.0,80.0,0.0,17.014925373134332,0.0,0.0,1.4925373134328357,94.02985074626866,4.477611940298507,0.0,0.0,0.0,100.0,0.0,5.970149253731339,68.65671641791045,17.91044776119403,7.462686567164178,1.4925373134328357,2.985074626865672,1.4925373134328357,0.0,80.0,20.0,0.0,0.0,0.0,0.0,0.0,13.432835820895525,0.0,20.8955223880597,65.67164179104478,13.432835820895525,0.0,40.0,40.0,20.0,25.671641791044777
E0371,96.72131147540983,1.639344262295082,0.0,1.639344262295082,100.0,0.0,0.0,0.0,3.278688524590165,6.557377049180328,3.278688524590164,88.52459016393442,0.0,1.639344262295082,0.0,0.0,100.0,0.0,0.0,11.475409836065577,4.918032786885246,13.114754098360656,49.18032786885246,22.950819672131143,3.278688524590164,1.639344262295082,4.918032786885246,0.0,20.0,40.0,40.0,0.0,0.0,0.0,23.9344262295082,14.754098360655735,72.1311475409836,13.114754098360656,0.0,40.0,60.0,0.0,0.0,25.24590163934426
E0372,97.36842105263158,2.631578947368421,0.0,0.0,75.0,25.0,0.0,0.0,22.36842105263157,2.631578947368421,92.10526315789474,2.631578947368421,2.631578947368421,0.0,0.0,100.0,0.0,0.0,0.0,7.894736842105262,2.631578947368421,5.263157894736842,2.631578947368421,5.263157894736842,18.421052631578945,65.78947368421053,0.0,0.0,0.0,0.0,25.0,25.0,50.0,0.0,26.315789473684216,0.0,15.789473684210526,78.94736842105263,5.263157894736842,0.0,25.0,75.0,0.0,9.210526315789473
E0373,13.79310344827586,3.4482758620689653,75.86206896551724,6.896551724137931,0.0,0.0,100.0,0.0,24.13793103448276,0.0,0.0,89.65517241379311,3.4482758620689653,6.896551724137931,0.0,0.0,100.0,0.0,0.0,10.344827586206891,3.4482758620689653,0.0,24.13793103448276,48.27586206896552,10.344827586206897,10.344827586206897,3.4482758620689653,0.0,0.0,0.0,50.0,0.0,0.0,50.0,48.27586206896552,0.0,10.344827586206897,82.75862068965517,6.896551724137931,0.0,0.0,100.0,0.0,17.241379310344826
E0374,4.651162790697675,6.976744186046512,86.04651162790698,2.3255813953488373,0.0,0.0,100.0,0.0,13.95348837209302,0.0,2.3255813953488373,2.3255813953488373,88.37209302325581,6.976744186046512,0.0,0.0,0.0,100.0,0.0,11.627906976744184,2.3255813953488373,0.0,11.627906976744184,16.27906976744186,41.86046511627907,25.58139534883721,2.3255813953488373,0.0,0.0,0.0,0.0,33.33333333333333,66.66666666666666,0.0,41.08527131782946,0.0,18.6046511627907,65.11627906976744,16.27906976744186,0.0,0.0,33.33333333333333,66.66666666666666,50.3875968992248
E0375,0.0,100.0,0.0,0.0,0.0,100.0,0.0,0.0,0.0,0.0,0.0,0.0,0.0,100.0,0.0,0.0,0.0,0.0,100.0,0.0,0.0,0.0,0.0,11.11111111111111,0.0,11.11111111111111,77.77777777777779,0.0,0.0,0.0,0.0,0.0,50.0,50.0,38.88888888888889,100.0,0.0,0.0,0.0,100.0,0.0,0.0,0.0,0.0
E0378,0.0,0.0,100.0,0.0,0.0,0.0,100.0,0.0,0.0,0.0,0.0,4.444444444444445,8.88888888888889,86.66666666666667,0.0,0.0,0.0,0.0,100.0,13.333333333333332,2.2222222222222223,4.444444444444445,17.77777777777778,48.888888888888886,22.22222222222222,2.2222222222222223,2.2222222222222223,0.0,33.33333333333333,33.33333333333333,33.33333333333333,0.0,0.0,0.0,44.44444444444444,26.666666666666668,51.11111111111111,22.22222222222222,0.0,66.66666666666666,0.0,33.33333333333333,0.0,51.1111111111111
E0379,8.333333333333332,5.0,80.0,6.666666666666667,0.0,0.0,66.66666666666666,33.33333333333333,26.666666666666668,80.0,8.333333333333332,1.6666666666666667,3.333333333333333,6.666666666666667,66.66666666666666,0.0,0.0,0.0,33.33333333333333,26.666666666666668,3.333333333333333,10.0,1.6666666666666667,3.333333333333333,3.333333333333333,6.666666666666667,71.66666666666667,0.0,0.0,0.0,0.0,0.0,0.0,100.0,28.33333333333333,16.666666666666664,65.0,18.33333333333333,0.0,0.0,66.66666666666666,33.33333333333333,0.0,16.666666666666657
E0380,8.108108108108109,2.702702702702702,78.37837837837837,10.81081081081081,0.0,0.0,66.66666666666666,33.33333333333333,22.52252252252252,2.702702702702702,2.702702702702702,94.5945945945946,0.0,0.0,0.0,0.0,100.0,0.0,0.0,5.405405405405404,5.405405405405405,2.702702702702702,8.108108108108109,2.702702702702702,0.0,2.702702702702702,78.37837837837837,33.33333333333333,33.33333333333333,0.0,0.0,0.0,0.0,33.33333333333333,58.55855855855856,16.216216216216218,67.56756756756756,16.216216216216218,0.0,66.66666666666666,33.33333333333333,0.0,0.0,50.45045045045045
E0381,0.0,0.0,0.0,100.0,0.0,0.0,0.0,100.0,0.0,0.0,0.0,87.5,0.0,12.5,0.0,0.0,100.0,0.0,0.0,12.5,0.0,12.5,12.5,37.5,37.5,0.0,0.0,0.0,100.0,0.0,0.0,0.0,0.0,0.0,87.5,0.0,25.0,75.0,0.0,0.0,100.0,0.0,0.0,75.0
E0382,7.6923076923076925,0.0,89.74358974358975,2.564102564102564,0.0,0.0,100.0,0.0,10.256410256410252,2.564102564102564,0.0,2.564102564102564,5.128205128205128,89.74358974358975,0.0,0.0,0.0,0.0,100.0,10.256410256410252,7.6923076923076925,48.71794871794872,28.205128205128204,5.128205128205128,2.564102564102564,2.564102564102564,5.128205128205128,0.0,100.0,0.0,0.0,0.0,0.0,0.0,51.282051282051285,0.0,10.256410256410255,69.23076923076923,20.51282051282051,0.0,0.0,100.0,0.0,30.76923076923077
E0383,5.714285714285714,5.714285714285714,88.57142857142857,0.0,0.0,0.0,100.0,0.0,11.42857142857143,0.0,0.0,0.0,100.0,0.0,0.0,0.0,0.0,100.0,0.0,0.0,0.0,0.0,5.714285714285714,25.71428571428571,48.57142857142857,20.0,0.0,0.0,0.0,0.0,33.33333333333333,33.33333333333333,33.33333333333333,0.0,20.95238095238095,0.0,20.0,65.71428571428571,14.285714285714285,0.0,33.33333333333333,66.66666666666666,0.0,14.28571428571428
E0384,82.35294117647058,5.88235294117647,5.88235294117647,5.88235294117647,100.0,0.0,0.0,0.0,17.647058823529417,97.05882352941175,2.941176470588235,0.0,0.0,0.0,100.0,0.0,0.0,0.0,0.0,2.9411764705882337,70.58823529411765,23.52941176470588,0.0,0.0,2.941176470588235,0.0,2.941176470588235,100.0,0.0,0.0,0.0,0.0,0.0,0.0,29.411764705882348,14.705882352941178,58.82352941176471,26.47058823529412,0.0,0.0,100.0,0.0,0.0,41.17647058823529
E0385,90.625,3.125,3.125,3.125,100.0,0.0,0.0,0.0,9.375,0.0,0.0,3.125,0.0,96.875,0.0,0.0,0.0,0.0,100.0,3.125,0.0,3.125,3.125,18.75,56.25,18.75,0.0,0.0,0.0,0.0,0.0,100.0,0.0,0.0,43.75,15.625,75.0,9.375,0.0,66.66666666666666,33.33333333333333,0.0,0.0,51.04166666666666
E0386,2.564102564102564,0.0,5.128205128205128,92.3076923076923,0.0,0.0,33.33333333333333,66.66666666666666,28.205128205128208,2.564102564102564,87.17948717948718,7.6923076923076925,0.0,2.564102564102564,0.0,100.0,0.0,0.0,0.0,12.820512820512818,2.564102564102564,0.0,5.128205128205128,2.564102564102564,17.94871794871795,66.66666666666666,5.128205128205128,0.0,0.0,0.0,0.0,33.33333333333333,66.66666666666666,0.0,15.38461538461538,12.82051282051282,66.66666666666666,20.51282051282051,0.0,0.0,100.0,0.0,0.0,33.333333333333336
E0387,0.0,0.0,3.389830508474576,96.61016949152544,0.0,0.0,8.333333333333332,91.66666666666666,4.943502824858762,11.864406779661016,76.27118644067797,5.084745762711865,1.694915254237288,5.084745762711865,16.666666666666664,75.0,0.0,0.0,8.333333333333332,8.050847457627116,23.728813559322035,45.76271186440678,15.254237288135592,3.389830508474576,5.084745762711865,3.389830508474576,3.389830508474576,16.666666666666664,33.33333333333333,16.666666666666664,8.333333333333332,0.0,16.666666666666664,8.333333333333332,24.57627118644068,79.66101694915254,20.33898305084746,0.0,0.0,91.66666666666666,8.333333333333332,0.0,0.0,12.005649717514125
E0388,0.0,0.0,97.2972972972973,2.702702702702702,0.0,0.0,100.0,0.0,2.702702702702698,59.45945945945946,10.81081081081081,8.108108108108109,16.216216216216218,5.405405405405405,66.66666666666666,33.33333333333333,0.0,0.0,0.0,29.729729729729723,8.108108108108109,2.702702702702702,21.62162162162162,35.13513513513514,29.72972972972973,2.702702702702702,0.0,0.0,0.0,0.0,33.33333333333333,66.66666666666666,0.0,0.0,36.93693693693695,86.48648648648648,13.513513513513514,0.0,0.0,100.0,0.0,0.0,0.0,13.513513513513516
E0389,5.970149253731343,2.985074626865672,2.985074626865672,88.05970149253731,0.0,0.0,0.0,100.0,11.940298507462686,1.4925373134328357,2.985074626865672,2.985074626865672,91.04477611940298,1.4925373134328357,11.11111111111111,0.0,0.0,88.88888888888889,0.0,9.618573797678271,0.0,22.388059701492537,49.25373134328358,23.88059701492537,0.0,1.4925373134328357,2.985074626865672,0.0,33.33333333333333,44.44444444444444,22.22222222222222,0.0,0.0,0.0,10.945273631840791,16.417910447761194,65.67164179104478,17.91044776119403,0.0,11.11111111111111,77.77777777777779,11.11111111111111,0.0,12.106135986733005
E0391,5.128205128205128,89.74358974358975,2.564102564102564,2.564102564102564,0.0,100.0,0.0,0.0,10.256410256410252,2.564102564102564,7.6923076923076925,82.05128205128204,5.128205128205128,2.564102564102564,0.0,0.0,100.0,0.0,0.0,17.948717948717952,25.64102564102564,43.58974358974359,23.07692307692308,2.564102564102564,0.0,0.0,5.128205128205128,0.0,66.66666666666666,33.33333333333333,0.0,0.0,0.0,0.0,33.33333333333332,0.0,15.384615384615383,66.66666666666666,17.94871794871795,0.0,0.0,100.0,0.0,33.33333333333334
E0392,85.36585365853658,4.878048780487805,2.4390243902439024,7.317073170731707,100.0,0.0,0.0,0.0,14.634146341463415,90.2439024390244,7.317073170731707,0.0,0.0,2.4390243902439024,100.0,0.0,0.0,0.0,0.0,9.756097560975606,2.4390243902439024,2.4390243902439024,2.4390243902439024,14.634146341463412,53.65853658536586,19.51219512195122,4.878048780487805,0.0,0.0,0.0,0.0,100.0,0.0,0.0,46.34146341463414,90.2439024390244,9.75609756097561,0.0,0.0,100.0,0.0,0.0,0.0,9.756097560975608
E0393,3.225806451612903,93.5483870967742,3.225806451612903,0.0,0.0,100.0,0.0,0.0,6.451612903225808,0.0,3.225806451612903,0.0,96.7741935483871,0.0,0.0,0.0,0.0,100.0,0.0,3.2258064516129,6.451612903225806,3.225806451612903,3.225806451612903,6.451612903225806,22.58064516129032,51.61290322580645,6.451612903225806,0.0,0.0,0.0,0.0,50.0,50.0,0.0,27.41935483870968,19.35483870967742,64.51612903225806,16.129032258064516,0.0,0.0,100.0,0.0,0.0,35.483870967741936
E0394,3.658536585365853,4.878048780487805,2.4390243902439024,89.02439024390245,0.0,0.0,0.0,100.0,10.975609756097558,0.0,0.0,96.34146341463416,2.4390243902439024,1.2195121951219512,0.0,0.0,100.0,0.0,0.0,3.658536585365853,2.4390243902439024,2.4390243902439024,2.4390243902439024,6.097560975609756,23.170731707317078,62.19512195121951,1.2195121951219512,0.0,11.11111111111111,0.0,0.0,33.33333333333333,55.55555555555556,0.0,18.834688346883464,15.853658536585366,62.19512195121951,21.951219512195124,0.0,11.11111111111111,66.66666666666666,22.22222222222222,0.0,4.742547425474249
E0395,7.894736842105263,13.157894736842104,57.89473684210527,21.052631578947366,0.0,16.666666666666664,50.0,33.33333333333333,15.789473684210526,7.894736842105263,81.57894736842105,5.263157894736842,2.631578947368421,2.631578947368421,16.666666666666664,50.0,33.33333333333333,0.0,0.0,36.84210526315789,26.31578947368421,50.0,7.894736842105263,5.263157894736842,2.631578947368421,5.263157894736842,2.631578947368421,16.666666666666664,66.66666666666666,0.0,16.666666666666664,0.0,0.0,0.0,28.070175438596483,10.526315789473683,81.57894736842105,7.894736842105263,0.0,0.0,83.33333333333334,16.666666666666664,0.0,10.526315789473683
E0396,72.09302325581395,6.976744186046512,9.30232558139535,11.627906976744184,71.42857142857143,14.285714285714285,14.285714285714285,0.0,12.292358803986705,13.953488372093023,72.09302325581395,4.651162790697675,6.976744186046512,2.3255813953488373,14.285714285714285,71.42857142857143,0.0,14.285714285714285,0.0,7.641196013289031,2.3255813953488373,0.0,4.651162790697675,4.651162790697675,23.25581395348837,58.13953488372093,6.976744186046512,14.285714285714285,0.0,14.285714285714285,0.0,14.285714285714285,57.14285714285714,0.0,21.59468438538206,23.25581395348837,58.13953488372093,18.6046511627907,0.0,14.285714285714285,71.42857142857143,14.285714285714285,0.0,13.289036544850498
E0397,6.896551724137931,86.20689655172413,3.4482758620689653,3.4482758620689653,0.0,100.0,0.0,0.0,13.793103448275865,0.0,3.4482758620689653,86.20689655172413,6.896551724137931,3.4482758620689653,0.0,0.0,80.0,20.0,0.0,13.103448275862062,3.4482758620689653,3.4482758620689653,13.79310344827586,41.37931034482759,31.03448275862069,6.896551724137931,0.0,20.0,0.0,20.0,40.0,20.0,0.0,0.0,22.75862068965517,20.689655172413797,65.51724137931035,13.79310344827586,0.0,20.0,60.0,20.0,0.0,6.206896551724141
E0398,10.9375,6.25,4.6875,78.125,0.0,0.0,14.285714285714285,85.71428571428571,17.187499999999996,90.625,6.25,1.5625,0.0,1.5625,100.0,0.0,0.0,0.0,0.0,9.375,21.875,54.6875,12.5,1.5625,6.25,1.5625,1.5625,42.85714285714285,42.85714285714285,14.285714285714285,0.0,0.0,0.0,0.0,22.767857142857142,18.75,62.5,18.75,0.0,14.285714285714285,71.42857142857143,14.285714285714285,0.0,8.92857142857143
E0399,7.142857142857142,7.142857142857142,85.71428571428571,0.0,0.0,0.0,100.0,0.0,14.285714285714288,0.0,92.85714285714286,0.0,7.142857142857142,0.0,0.0,100.0,0.0,0.0,0.0,7.142857142857141,85.71428571428571,14.285714285714285,0.0,0.0,0.0,0.0,0.0,100.0,0.0,0.0,0.0,0.0,0.0,0.0,14.285714285714288,0.0,92.85714285714286,7.142857142857142,0.0,0.0,100.0,0.0,0.0,7.142857142857141
E0400,92.0,0.0,4.0,4.0,75.0,0.0,25.0,0.0,21.0,4.0,1.3333333333333337,2.666666666666667,6.666666666666667,85.33333333333334,0.0,0.0,0.0,25.0,75.0,18.333333333333336,21.333333333333336,54.66666666666666,14.666666666666666,1.3333333333333337,2.666666666666667,1.3333333333333337,4.0,25.0,75.0,0.0,0.0,0.0,0.0,0.0,24.0,85.33333333333334,14.666666666666666,0.0,0.0,75.0,25.0,0.0,0.0,10.33333333333334
E0401,3.0303030303030303,0.0,96.96969696969695,0.0,0.0,0.0,100.0,0.0,3.0303030303030307,3.0303030303030303,6.0606060606060606,81.81818181818183,6.0606060606060606,3.0303030303030303,0.0,0.0,66.66666666666666,33.33333333333333,0.0,27.27272727272728,3.0303030303030303,3.0303030303030303,6.0606060606060606,6.0606060606060606,18.181818181818183,63.63636363636363,0.0,0.0,0.0,0.0,0.0,66.66666666666666,33.33333333333333,0.0,48.48484848484848,81.81818181818183,18.181818181818183,0.0,0.0,66.66666666666666,33.33333333333333,0.0,0.0,15.151515151515158
E0402,11.428571428571429,2.857142857142857,77.14285714285715,8.571428571428571,0.0,0.0,100.0,0.0,22.85714285714285,2.857142857142857,2.857142857142857,80.0,2.857142857142857,11.428571428571429,0.0,0.0,100.0,0.0,0.0,20.0,8.571428571428571,5.714285714285714,20.0,42.85714285714285,14.285714285714285,0.0,8.571428571428571,0.0,0.0,100.0,0.0,0.0,0.0,0.0,80.0,17.142857142857142,62.85714285714285,20.0,0.0,0.0,100.0,0.0,0.0,37.142857142857146
E0403,3.225806451612903,0.0,90.32258064516128,6.451612903225806,0.0,0.0,100.0,0.0,9.677419354838715,0.0,100.0,0.0,0.0,0.0,0.0,100.0,0.0,0.0,0.0,0.0,0.0,3.225806451612903,25.806451612903224,45.16129032258064,22.58064516129032,3.225806451612903,0.0,0.0,0.0,75.0,25.0,0.0,0.0,0.0,49.19354838709677,0.0,12.903225806451612,67.74193548387096,19.35483870967742,0.0,50.0,50.0,0.0,37.096774193548384
E0404,11.76470588235294,11.76470588235294,70.58823529411765,5.88235294117647,25.0,0.0,75.0,0.0,17.64705882352941,61.76470588235294,14.705882352941178,11.76470588235294,2.941176470588235,8.823529411764707,75.0,25.0,0.0,0.0,0.0,23.52941176470588,14.705882352941178,52.94117647058824,14.705882352941178,8.823529411764707,2.941176470588235,2.941176470588235,2.941176470588235,25.0,75.0,0.0,0.0,0.0,0.0,0.0,32.35294117647058,14.705882352941178,64.70588235294117,20.588235294117645,0.0,0.0,75.0,25.0,0.0,14.70588235294118
E0405,2.702702702702702,0.0,8.108108108108109,89.1891891891892,0.0,0.0,0.0,100.0,10.810810810810809,5.405405405405405,8.108108108108109,13.513513513513514,16.216216216216218,56.75675675675676,0.0,50.0,0.0,0.0,50.0,41.891891891891895,2.702702702702702,5.405405405405405,21.62162162162162,40.54054054054054,16.216216216216218,8.108108108108109,5.405405405405405,0.0,0.0,50.0,0.0,50.0,0.0,0.0,62.16216216216216,13.513513513513514,67.56756756756756,18.91891891891892,0.0,0.0,100.0,0.0,0.0,32.432432432432435
E0406,2.127659574468085,17.02127659574468,78.72340425531915,2.127659574468085,0.0,25.0,75.0,0.0,7.978723404255321,82.97872340425532,6.382978723404255,8.51063829787234,2.127659574468085,0.0,100.0,0.0,0.0,0.0,0.0,17.02127659574468,53.191489361702125,27.659574468085108,2.127659574468085,6.382978723404255,6.382978723404255,4.25531914893617,0.0,25.0,75.0,0.0,0.0,0.0,0.0,0.0,47.34042553191488,12.76595744680851,68.08510638297872,19.148936170212767,0.0,25.0,50.0,25.0,0.0,18.08510638297872
E0407,4.0,16.0,8.0,72.0,0.0,0.0,0.0,100.0,28.0,0.0,4.0,12.0,68.0,16.0,0.0,0.0,100.0,0.0,0.0,88.0,16.0,44.0,24.0,12.0,4.0,0.0,0.0,0.0,100.0,0.0,0.0,0.0,0.0,0.0,56.0,0.0,16.0,76.0,8.0,0.0,0.0,100.0,0.0,24.0
E0408,0.0,6.25,93.75,0.0,0.0,0.0,100.0,0.0,6.25,0.0,6.25,3.125,87.5,3.125,0.0,0.0,0.0,100.0,0.0,12.5,0.0,0.0,28.125,43.75,25.0,0.0,3.125,0.0,0.0,0.0,50.0,50.0,0.0,0.0,31.25,0.0,18.75,68.75,12.5,0.0,50.0,0.0,50.0,68.75
E0409,6.25,6.25,85.9375,1.5625,0.0,0.0,100.0,0.0,14.0625,1.5625,96.875,1.5625,0.0,0.0,16.666666666666664,83.33333333333334,0.0,0.0,0.0,15.10416666666666,53.125,26.5625,6.25,1.5625,3.125,6.25,3.125,66.66666666666666,33.33333333333333,0.0,0.0,0.0,0.0,0.0,20.312499999999996,14.0625,71.875,14.0625,0.0,16.666666666666664,66.66666666666666,16.666666666666664,0.0,5.208333333333336
E0411,6.896551724137931,6.896551724137931,82.75862068965517,3.4482758620689653,0.0,0.0,100.0,0.0,17.241379310344826,0.0,89.65517241379311,6.896551724137931,3.4482758620689653,0.0,0.0,100.0,0.0,0.0,0.0,10.344827586206891,17.24137931034483,48.27586206896552,24.13793103448276,0.0,3.4482758620689653,6.896551724137931,0.0,100.0,0.0,0.0,0.0,0.0,0.0,0.0,82.75862068965517,0.0,10.344827586206897,72.41379310344827,17.24137931034483,0.0,0.0,100.0,0.0,27.58620689655173
E0412,4.10958904109589,4.10958904109589,86.3013698630137,5.47945205479452,0.0,0.0,100.0,0.0,13.6986301369863,1.36986301369863,1.36986301369863,1.36986301369863,93.15068493150685,2.73972602739726,0.0,0.0,0.0,100.0,0.0,6.849315068493153,1.36986301369863,1.36986301369863,24.65753424657534,42.465753424657535,20.54794520547945,6.849315068493151,2.73972602739726,0.0,0.0,14.285714285714285,71.42857142857143,14.285714285714285,0.0,0.0,28.96281800391389,10.95890410958904,60.273972602739725,28.767123287671232,0.0,14.285714285714285,71.42857142857143,14.285714285714285,0.0,14.481409001956948
E0413,4.878048780487805,7.317073170731707,75.60975609756098,12.195121951219512,0.0,50.0,0.0,50.0,80.48780487804878,87.8048780487805,7.317073170731707,4.878048780487805,0.0,0.0,100.0,0.0,0.0,0.0,0.0,12.195121951219509,9.75609756097561,26.82926829268293,43.90243902439025,14.634146341463412,0.0,2.4390243902439024,2.4390243902439024,0.0,100.0,0.0,0.0,0.0,0.0,0.0,73.17073170731707,14.634146341463412,60.97560975609756,24.390243902439025,0.0,0.0,100.0,0.0,0.0,39.02439024390244
E0414,80.0,6.25,10.0,3.75,100.0,0.0,0.0,0.0,20.0,73.75,11.25,7.5,1.25,6.25,57.14285714285714,14.285714285714285,14.285714285714285,0.0,14.285714285714285,17.857142857142858,2.5,3.75,17.5,52.5,18.75,2.5,2.5,0.0,0.0,14.285714285714285,57.14285714285714,14.285714285714285,14.285714285714285,0.0,16.428571428571427,88.75,11.25,0.0,0.0,85.71428571428571,14.285714285714285,0.0,0.0,3.0357142857142883
E0415,6.521739130434782,2.1739130434782608,80.43478260869566,10.869565217391305,12.5,0.0,75.0,12.5,7.608695652173915,19.565217391304348,58.69565217391305,8.695652173913043,6.521739130434782,6.521739130434782,12.5,75.0,12.5,0.0,0.0,20.10869565217391,52.17391304347826,26.08695652173913,4.3478260869565215,0.0,6.521739130434782,4.3478260869565215,6.521739130434782,62.5,12.5,0.0,0.0,0.0,12.5,12.5,24.456521739130437,0.0,13.043478260869565,63.04347826086957,23.91304347826087,0.0,12.5,62.5,25.0,1.0869565217391317
E0416,2.127659574468085,4.25531914893617,87.2340425531915,6.382978723404255,0.0,0.0,100.0,0.0,12.765957446808509,0.0,4.25531914893617,6.382978723404255,8.51063829787234,80.85106382978722,0.0,33.33333333333333,0.0,0.0,66.66666666666666,29.07801418439716,53.191489361702125,21.27659574468085,10.638297872340424,4.25531914893617,2.127659574468085,2.127659574468085,6.382978723404255,33.33333333333333,33.33333333333333,33.33333333333333,0.0,0.0,0.0,0.0,34.75177304964538,0.0,14.893617021276595,68.08510638297872,17.02127659574468,0.0,33.33333333333333,66.66666666666666,0.0,18.43971631205674
E0417,0.0,0.0,98.64864864864865,1.351351351351351,0.0,0.0,100.0,0.0,1.3513513513513529,94.5945945945946,2.702702702702702,1.351351351351351,1.351351351351351,0.0,87.5,0.0,0.0,12.5,0.0,11.14864864864865,0.0,1.351351351351351,4.054054054054054,6.756756756756757,28.37837837837838,58.108108108108105,1.351351351351351,0.0,0.0,12.5,0.0,50.0,37.5,0.0,30.06756756756757,82.43243243243244,17.56756756756757,0.0,0.0,100.0,0.0,0.0,0.0,17.567567567567565
E0418,3.278688524590164,0.0,3.278688524590164,93.44262295081968,0.0,0.0,0.0,100.0,6.557377049180323,1.639344262295082,6.557377049180328,6.557377049180328,73.77049180327869,11.475409836065571,0.0,0.0,0.0,100.0,0.0,26.229508196721312,22.950819672131143,40.98360655737705,22.950819672131143,3.278688524590164,3.278688524590164,3.278688524590164,3.278688524590164,75.0,0.0,25.0,0.0,0.0,0.0,0.0,54.098360655737714,18.0327868852459,57.377049180327866,24.59016393442623,0.0,50.0,0.0,50.0,0.0,57.377049180327866
E0419,11.39240506329114,72.15189873417721,7.59493670886076,8.860759493670885,12.5,75.0,0.0,12.5,7.5949367088607636,5.063291139240507,6.329113924050633,69.62025316455697,10.126582278481012,8.860759493670885,12.5,12.5,62.5,12.5,0.0,15.98101265822785,2.5316455696202533,2.5316455696202533,2.5316455696202533,12.658227848101266,54.43037974683544,21.518987341772156,3.79746835443038,0.0,0.0,0.0,25.0,37.5,12.5,25.0,33.54430379746836,17.72151898734177,62.0253164556962,20.253164556962027,0.0,0.0,75.0,25.0,0.0,17.721518987341774
E0420,95.0,2.5,0.0,2.5,100.0,0.0,0.0,0.0,5.0,5.0,2.5,87.5,5.0,0.0,0.0,0.0,83.33333333333334,16.666666666666664,0.0,11.66666666666666,2.5,5.0,2.5,5.0,0.0,2.5,82.5,0.0,33.33333333333333,0.0,0.0,0.0,0.0,66.66666666666666,28.333333333333336,90.0,10.0,0.0,0.0,83.33333333333334,16.666666666666664,0.0,0.0,6.666666666666661
E0421,0.0,2.857142857142857,94.28571428571428,2.857142857142857,0.0,0.0,100.0,0.0,5.714285714285719,0.0,0.0,85.71428571428571,8.571428571428571,5.714285714285714,0.0,0.0,50.0,50.0,0.0,41.42857142857142,22.857142857142858,45.71428571428572,22.857142857142858,0.0,0.0,5.714285714285714,2.857142857142857,0.0,0.0,50.0,0.0,0.0,50.0,0.0,71.42857142857143,0.0,17.142857142857142,68.57142857142857,14.285714285714285,0.0,50.0,50.0,0.0,32.85714285714286
E0422,10.0,2.5,85.0,2.5,50.0,0.0,50.0,0.0,40.0,0.0,0.0,0.0,5.0,95.0,0.0,0.0,0.0,0.0,100.0,5.0,25.0,47.5,20.0,2.5,0.0,2.5,2.5,50.0,50.0,0.0,0.0,0.0,0.0,0.0,27.5,22.5,62.5,15.0,0.0,50.0,0.0,50.0,0.0,62.5
E0423,0.0,96.96969696969695,0.0,3.0303030303030303,0.0,50.0,0.0,50.0,46.96969696969697,3.0303030303030303,90.9090909090909,6.0606060606060606,0.0,0.0,0.0,100.0,0.0,0.0,0.0,9.090909090909092,6.0606060606060606,3.0303030303030303,27.27272727272727,57.57575757575758,3.0303030303030303,0.0,3.0303030303030303,0.0,0.0,50.0,50.0,0.0,0.0,0.0,22.72727272727273,84.84848484848484,15.151515151515152,0.0,0.0,100.0,0.0,0.0,0.0,15.151515151515154
E0425,4.545454545454546,6.8181818181818175,84.0909090909091,4.545454545454546,50.0,0.0,50.0,0.0,45.45454545454546,0.0,0.0,0.0,4.545454545454546,95.45454545454544,0.0,0.0,0.0,0.0,100.0,4.545454545454547,2.272727272727273,2.272727272727273,4.545454545454546,4.545454545454546,13.636363636363637,68.18181818181817,4.545454545454546,0.0,0.0,0.0,50.0,0.0,50.0,0.0,45.45454545454545,20.454545454545457,59.09090909090909,20.454545454545457,0.0,0.0,50.0,50.0,0.0,29.545454545454547
E0427,2.702702702702702,5.405405405405405,89.1891891891892,2.702702702702702,0.0,25.0,75.0,0.0,19.5945945945946,2.702702702702702,0.0,5.405405405405405,78.37837837837837,13.513513513513514,0.0,0.0,0.0,100.0,0.0,21.621621621621625,0.0,2.702702702702702,2.702702702702702,27.027027027027028,43.24324324324324,21.62162162162162,2.702702702702702,0.0,0.0,0.0,50.0,50.0,0.0,0.0,29.72972972972973,16.216216216216218,78.37837837837837,5.405405405405405,0.0,50.0,50.0,0.0,0.0,33.78378378378378
E0428,7.142857142857142,3.571428571428571,78.57142857142857,10.714285714285714,0.0,0.0,100.0,0.0,21.42857142857143,3.571428571428571,67.85714285714286,14.285714285714285,10.714285714285714,3.571428571428571,0.0,100.0,0.0,0.0,0.0,32.14285714285714,60.71428571428571,32.142857142857146,0.0,7.142857142857142,0.0,0.0,0.0,100.0,0.0,0.0,0.0,0.0,0.0,0.0,39.28571428571429,28.57142857142857,57.14285714285714,14.285714285714285,0.0,100.0,0.0,0.0,0.0,71.42857142857142
E0429,0.0,0.0,0.0,100.0,0.0,0.0,0.0,100.0,0.0,0.0,0.0,97.36842105263158,0.0,2.631578947368421,0.0,0.0,100.0,0.0,0.0,2.631578947368423,7.894736842105263,2.631578947368421,7.894736842105263,5.263157894736842,2.631578947368421,5.263157894736842,68.42105263157895,0.0,0.0,0.0,0.0,0.0,0.0,100.0,31.57894736842105,89.47368421052632,10.526315789473683,0.0,0.0,100.0,0.0,0.0,0.0,10.526315789473683
E0430,11.11111111111111,0.0,77.77777777777779,11.11111111111111,0.0,0.0,100.0,0.0,22.22222222222222,11.11111111111111,66.66666666666666,11.11111111111111,11.11111111111111,0.0,0.0,100.0,0.0,0.0,0.0,33.33333333333334,11.11111111111111,0.0,11.11111111111111,11.11111111111111,11.11111111111111,22.22222222222222,33.33333333333333,0.0,0.0,0.0,0.0,0.0,0.0,100.0,66.66666666666666,88.88888888888889,11.11111111111111,0.0,0.0,100.0,0.0,0.0,0.0,11.111111111111112
E0431,75.34246575342466,12.32876712328767,9.58904109589041,2.73972602739726,75.0,25.0,0.0,0.0,12.671232876712333,4.10958904109589,5.47945205479452,9.58904109589041,15.068493150684931,65.75342465753424,0.0,25.0,0.0,0.0,75.0,28.76712328767124,32.87671232876712,46.57534246575342,10.95890410958904,1.36986301369863,2.73972602739726,0.0,5.47945205479452,25.0,0.0,75.0,0.0,0.0,0.0,0.0,64.04109589041094,17.80821917808219,65.75342465753424,16.43835616438356,0.0,0.0,100.0,0.0,0.0,34.24657534246575
E0432,1.4925373134328357,7.462686567164178,89.55223880597015,1.4925373134328357,0.0,0.0,100.0,0.0,10.447761194029852,5.970149253731343,8.955223880597014,4.477611940298507,5.970149253731343,74.6268656716418,25.0,0.0,0.0,0.0,75.0,19.402985074626866,22.388059701492537,50.74626865671642,20.8955223880597,1.4925373134328357,2.985074626865672,0.0,1.4925373134328357,25.0,50.0,25.0,0.0,0.0,0.0,0.0,6.7164179104477615,13.432835820895525,67.16417910447761,19.402985074626866,0.0,25.0,50.0,25.0,0.0,17.16417910447761
E0433,2.5974025974025974,1.2987012987012987,89.6103896103896,6.493506493506493,0.0,0.0,75.0,25.0,18.506493506493506,2.5974025974025974,3.896103896103896,6.493506493506493,9.090909090909092,77.92207792207793,0.0,25.0,0.0,50.0,25.0,62.01298701298702,70.12987012987013,15.584415584415584,5.194805194805195,2.5974025974025974,1.2987012987012987,5.194805194805195,0.0,100.0,0.0,0.0,0.0,0.0,0.0,0.0,29.870129870129876,0.0,19.480519480519483,68.83116883116884,11.688311688311687,0.0,25.0,75.0,0.0,11.688311688311682
E0434,6.666666666666667,80.0,5.0,8.333333333333332,16.666666666666664,83.33333333333334,0.0,0.0,13.333333333333336,3.333333333333333,86.66666666666667,5.0,3.333333333333333,1.6666666666666667,0.0,83.33333333333334,16.666666666666664,0.0,0.0,11.666666666666664,13.333333333333334,63.33333333333333,10.0,1.6666666666666667,3.333333333333333,6.666666666666667,1.6666666666666667,16.666666666666664,66.66666666666666,0.0,16.666666666666664,0.0,0.0,0.0,21.66666666666666,0.0,18.33333333333333,61.66666666666667,20.0,0.0,16.666666666666664,50.0,33.33333333333333,13.333333333333334
E0435,6.0606060606060606,4.545454545454546,83.33333333333334,6.0606060606060606,0.0,0.0,80.0,20.0,13.939393939393945,0.0,3.0303030303030303,7.575757575757576,86.36363636363636,3.0303030303030303,0.0,0.0,0.0,100.0,0.0,13.636363636363638,3.0303030303030303,4.545454545454546,1.5151515151515151,16.666666666666664,56.060606060606055,15.151515151515152,3.0303030303030303,20.0,0.0,0.0,40.0,20.0,20.0,0.0,45.15151515151515,0.0,21.21212121212121,63.63636363636363,15.151515151515152,0.0,0.0,80.0,20.0,21.21212121212121
E0436,0.0,6.8181818181818175,2.272727272727273,90.9090909090909,0.0,0.0,0.0,100.0,9.090909090909092,2.272727272727273,0.0,4.545454545454546,90.9090909090909,2.272727272727273,0.0,0.0,0.0,100.0,0.0,9.090909090909092,18.181818181818183,59.09090909090909,15.909090909090908,2.272727272727273,2.272727272727273,2.272727272727273,0.0,0.0,100.0,0.0,0.0,0.0,0.0,0.0,40.9090909090909,15.909090909090908,68.18181818181817,15.909090909090908,0.0,0.0,50.0,50.0,0.0,34.090909090909086
E0437,100.0,0.0,0.0,0.0,100.0,0.0,0.0,0.0,0.0,88.88888888888889,5.555555555555555,0.0,5.555555555555555,0.0,100.0,0.0,0.0,0.0,0.0,11.111111111111114,52.77777777777778,36.11111111111111,2.7777777777777777,0.0,0.0,5.555555555555555,2.7777777777777777,100.0,0.0,0.0,0.0,0.0,0.0,0.0,47.22222222222221,0.0,19.444444444444446,66.66666666666666,13.88888888888889,0.0,0.0,100.0,0.0,33.333333333333336
E0438,2.941176470588235,2.941176470588235,94.11764705882352,0.0,0.0,0.0,100.0,0.0,5.882352941176475,2.941176470588235,2.941176470588235,0.0,14.705882352941178,79.41176470588235,0.0,0.0,0.0,0.0,100.0,20.58823529411765,32.35294117647059,35.294117647058826,23.52941176470588,5.88235294117647,2.941176470588235,0.0,0.0,40.0,40.0,20.0,0.0,0.0,0.0,0.0,12.352941176470589,11.76470588235294,82.35294117647058,5.88235294117647,0.0,20.0,80.0,0.0,0.0,8.235294117647054
E0440,0.0,0.0,100.0,0.0,0.0,0.0,100.0,0.0,0.0,100.0,0.0,0.0,0.0,0.0,100.0,0.0,0.0,0.0,0.0,0.0,0.0,0.0,18.181818181818183,63.63636363636363,9.090909090909092,0.0,9.090909090909092,0.0,0.0,0.0,100.0,0.0,0.0,0.0,36.36363636363637,72.72727272727273,27.27272727272727,0.0,0.0,100.0,0.0,0.0,0.0,27.272727272727263
E0441,10.0,0.0,3.333333333333333,86.66666666666667,0.0,0.0,0.0,100.0,13.333333333333332,0.0,0.0,10.0,76.66666666666667,13.333333333333334,0.0,0.0,100.0,0.0,0.0,90.00000000000001,3.333333333333333,13.333333333333334,53.333333333333336,30.0,0.0,0.0,0.0,0.0,0.0,100.0,0.0,0.0,0.0,0.0,46.66666666666666,76.66666666666667,23.33333333333333,0.0,0.0,100.0,0.0,0.0,0.0,23.33333333333333
E0442,5.357142857142857,3.571428571428571,91.07142857142856,0.0,0.0,0.0,100.0,0.0,8.928571428571429,0.0,0.0,3.571428571428571,7.142857142857142,89.28571428571429,0.0,0.0,0.0,0.0,100.0,10.714285714285712,14.285714285714285,66.07142857142857,5.357142857142857,3.571428571428571,7.142857142857142,1.7857142857142856,1.7857142857142856,33.33333333333333,66.66666666666666,0.0,0.0,0.0,0.0,0.0,19.64285714285714,17.857142857142858,58.92857142857143,23.214285714285715,0.0,33.33333333333333,66.66666666666666,0.0,0.0,23.214285714285708
E0443,0.0,0.0,0.0,100.0,0.0,0.0,0.0,100.0,0.0,0.0,0.0,100.0,0.0,0.0,0.0,0.0,100.0,0.0,0.0,0.0,0.0,0.0,0.0,0.0,0.0,0.0,100.0,0.0,0.0,0.0,0.0,0.0,0.0,100.0,0.0,40.0,60.0,0.0,0.0,0.0,100.0,0.0,0.0,40.0
E0444,2.3255813953488373,13.953488372093023,81.3953488372093,2.3255813953488373,0.0,0.0,100.0,0.0,18.6046511627907,0.0,0.0,9.30232558139535,4.651162790697675,86.04651162790698,0.0,0.0,0.0,0.0,100.0,13.95348837209302,4.651162790697675,4.651162790697675,0.0,9.30232558139535,58.13953488372093,20.930232558139537,2.3255813953488373,0.0,0.0,0.0,50.0,0.0,50.0,0.0,69.76744186046513,11.627906976744184,67.44186046511628,20.930232558139537,0.0,0.0,100.0,0.0,0.0,32.55813953488372
E0445,95.91836734693877,2.0408163265306123,0.0,2.0408163265306123,66.66666666666666,33.33333333333333,0.0,0.0,31.292517006802715,6.122448979591836,93.87755102040816,0.0,0.0,0.0,0.0,100.0,0.0,0.0,0.0,6.122448979591837,28.57142857142857,55.10204081632652,12.244897959183673,0.0,2.0408163265306123,0.0,2.0408163265306123,33.33333333333333,33.33333333333333,0.0,0.0,0.0,0.0,33.33333333333333,36.05442176870748,24.489795918367346,63.26530612244898,12.244897959183673,0.0,0.0,100.0,0.0,0.0,36.73469387755102
E0446,0.0,33.33333333333333,22.22222222222222,44.44444444444444,0.0,100.0,0.0,0.0,66.66666666666666,0.0,0.0,22.22222222222222,66.66666666666666,11.11111111111111,0.0,0.0,0.0,100.0,0.0,33.333333333333336,55.55555555555556,44.44444444444444,0.0,0.0,0.0,0.0,0.0,50.0,50.0,0.0,0.0,0.0,0.0,0.0,5.555555555555557,0.0,88.88888888888889,11.11111111111111,0.0,0.0,100.0,0.0,0.0,11.111111111111112
E0447,3.4482758620689653,89.65517241379311,0.0,6.896551724137931,0.0,100.0,0.0,0.0,10.344827586206891,0.0,3.4482758620689653,13.79310344827586,82.75862068965517,0.0,0.0,0.0,0.0,100.0,0.0,17.241379310344826,58.620689655172406,27.58620689655172,3.4482758620689653,3.4482758620689653,3.4482758620689653,0.0,3.4482758620689653,100.0,0.0,0.0,0.0,0.0,0.0,0.0,41.3793103448276,20.689655172413797,68.96551724137932,10.344827586206897,0.0,0.0,0.0,100.0,0.0,89.65517241379311
E0448,6.122448979591836,75.51020408163265,6.122448979591836,12.244897959183673,0.0,100.0,0.0,0.0,24.48979591836735,0.0,97.95918367346938,0.0,0.0,2.0408163265306123,0.0,100.0,0.0,0.0,0.0,2.0408163265306145,57.14285714285714,26.53061224489796,0.0,4.081632653061225,10.20408163265306,0.0,2.0408163265306123,50.0,50.0,0.0,0.0,0.0,0.0,0.0,23.46938775510204,14.285714285714285,67.3469387755102,18.367346938775512,0.0,50.0,50.0,0.0,0.0,35.71428571428571
E0452,0.0,0.0,100.0,0.0,0.0,0.0,100.0,0.0,0.0,0.0,0.0,10.0,90.0,0.0,0.0,0.0,0.0,100.0,0.0,10.0,0.0,0.0,10.0,10.0,60.0,20.0,0.0,0.0,0.0,100.0,0.0,0.0,0.0,0.0,90.0,10.0,70.0,20.0,0.0,0.0,100.0,0.0,0.0,30.0
E0453,8.108108108108109,13.513513513513514,72.97297297297297,5.405405405405405,0.0,0.0,100.0,0.0,27.027027027027028,0.0,0.0,94.5945945945946,2.702702702702702,2.702702702702702,0.0,0.0,100.0,0.0,0.0,5.405405405405404,0.0,21.62162162162162,51.35135135135135,24.324324324324326,0.0,2.702702702702702,0.0,0.0,0.0,50.0,50.0,0.0,0.0,0.0,25.675675675675677,24.324324324324326,59.45945945945946,16.216216216216218,0.0,50.0,0.0,50.0,0.0,59.45945945945945
E0455,1.7857142857142856,3.571428571428571,94.64285714285714,0.0,0.0,16.666666666666664,83.33333333333334,0.0,13.095238095238088,1.7857142857142856,3.571428571428571,92.85714285714286,0.0,1.7857142857142856,0.0,0.0,100.0,0.0,0.0,7.142857142857141,1.7857142857142856,5.357142857142857,8.928571428571429,51.78571428571429,28.57142857142857,1.7857142857142856,1.7857142857142856,0.0,0.0,16.666666666666664,50.0,33.33333333333333,0.0,0.0,12.5,10.714285714285714,76.78571428571429,12.5,0.0,0.0,83.33333333333334,16.666666666666664,0.0,10.714285714285715
E0456,96.42857142857144,3.571428571428571,0.0,0.0,100.0,0.0,0.0,0.0,3.5714285714285703,0.0,0.0,0.0,3.571428571428571,96.42857142857144,0.0,0.0,0.0,0.0,100.0,3.5714285714285703,17.857142857142858,46.42857142857143,25.0,3.571428571428571,0.0,3.571428571428571,3.571428571428571,50.0,0.0,50.0,0.0,0.0,0.0,0.0,57.14285714285714,17.857142857142858,67.85714285714286,14.285714285714285,0.0,50.0,50.0,0.0,0.0,32.14285714285714
E0457,1.4925373134328357,5.970149253731343,89.55223880597015,2.985074626865672,0.0,0.0,100.0,0.0,10.44776119402985,0.0,1.4925373134328357,4.477611940298507,94.02985074626866,0.0,0.0,0.0,0.0,100.0,0.0,5.970149253731339,11.940298507462686,50.74626865671642,22.388059701492537,1.4925373134328357,1.4925373134328357,4.477611940298507,7.462686567164178,0.0,25.0,25.0,0.0,0.0,0.0,50.0,45.14925373134328,89.55223880597015,10.44776119402985,0.0,0.0,75.0,25.0,0.0,0.0,14.552238805970148
E0458,91.42857142857144,2.857142857142857,0.0,5.714285714285714,100.0,0.0,0.0,0.0,8.571428571428571,0.0,97.14285714285714,2.857142857142857,0.0,0.0,0.0,100.0,0.0,0.0,0.0,2.8571428571428594,2.857142857142857,0.0,22.857142857142858,51.42857142857142,14.285714285714285,5.714285714285714,2.857142857142857,0.0,0.0,0.0,33.33333333333333,66.66666666666666,0.0,0.0,52.38095238095237,20.0,71.42857142857143,8.571428571428571,0.0,66.66666666666666,33.33333333333333,0.0,0.0,46.66666666666666
E0459,0.0,0.0,96.42857142857144,3.571428571428571,0.0,0.0,66.66666666666666,33.33333333333333,29.761904761904766,0.0,3.571428571428571,0.0,7.142857142857142,89.28571428571429,0.0,0.0,0.0,0.0,100.0,10.714285714285712,67.85714285714286,28.57142857142857,0.0,0.0,0.0,3.571428571428571,0.0,33.33333333333333,33.33333333333333,0.0,0.0,0.0,33.33333333333333,0.0,34.523809523809526,7.142857142857142,82.14285714285714,10.714285714285714,0.0,33.33333333333333,66.66666666666666,0.0,0.0,26.190476190476197
E0460,0.0,0.0,100.0,0.0,0.0,0.0,100.0,0.0,0.0,0.0,2.3255813953488373,6.976744186046512,88.37209302325581,2.3255813953488373,0.0,0.0,0.0,100.0,0.0,11.627906976744187,18.6046511627907,55.81395348837209,23.25581395348837,0.0,0.0,0.0,2.3255813953488373,0.0,100.0,0.0,0.0,0.0,0.0,0.0,44.18604651162791,0.0,11.627906976744184,81.3953488372093,6.976744186046512,0.0,0.0,100.0,0.0,18.6046511627907
E0461,88.57142857142857,2.857142857142857,2.857142857142857,5.714285714285714,100.0,0.0,0.0,0.0,11.42857142857143,2.857142857142857,11.428571428571429,77.14285714285715,5.714285714285714,2.857142857142857,25.0,50.0,25.0,0.0,0.0,60.71428571428572,2.857142857142857,14.285714285714285,54.285714285714285,22.857142857142858,0.0,5.714285714285714,0.0,0.0,0.0,75.0,25.0,0.0,0.0,0.0,22.857142857142858,20.0,57.14285714285714,22.857142857142858,0.0,0.0,75.0,25.0,0.0,20.0
E0463,96.0,0.0,1.3333333333333337,2.666666666666667,100.0,0.0,0.0,0.0,4.0,1.3333333333333337,1.3333333333333337,4.0,86.66666666666667,6.666666666666667,0.0,0.0,0.0,90.0,10.0,6.666666666666664,5.333333333333334,21.333333333333336,52.0,13.333333333333334,2.666666666666667,1.3333333333333337,4.0,0.0,20.0,60.0,20.0,0.0,0.0,0.0,14.666666666666668,0.0,20.0,66.66666666666666,13.333333333333334,0.0,10.0,60.0,30.0,16.66666666666666
E0464,83.33333333333334,2.7777777777777777,2.7777777777777777,11.11111111111111,100.0,0.0,0.0,0.0,16.666666666666664,80.55555555555556,11.11111111111111,2.7777777777777777,5.555555555555555,0.0,100.0,0.0,0.0,0.0,0.0,19.444444444444443,0.0,2.7777777777777777,0.0,25.0,47.22222222222222,13.88888888888889,11.11111111111111,0.0,0.0,0.0,50.0,50.0,0.0,0.0,27.77777777777778,0.0,11.11111111111111,61.11111111111112,27.77777777777778,0.0,0.0,100.0,0.0,38.888888888888886
E0465,7.936507936507936,17.46031746031746,71.42857142857143,3.1746031746031744,25.0,0.0,75.0,0.0,20.634920634920636,85.71428571428571,3.1746031746031744,6.349206349206349,1.5873015873015872,3.1746031746031744,100.0,0.0,0.0,0.0,0.0,14.285714285714288,1.5873015873015872,19.047619047619047,50.79365079365079,23.809523809523807,0.0,3.1746031746031744,1.5873015873015872,0.0,12.5,62.5,25.0,0.0,0.0,0.0,12.8968253968254,12.698412698412698,76.19047619047619,11.11111111111111,0.0,0.0,87.5,12.5,0.0,12.698412698412698
E0466,100.0,0.0,0.0,0.0,100.0,0.0,0.0,0.0,0.0,2.857142857142857,97.14285714285714,0.0,0.0,0.0,0.0,100.0,0.0,0.0,0.0,2.8571428571428594,0.0,0.0,2.857142857142857,28.57142857142857,45.71428571428572,22.857142857142858,0.0,0.0,0.0,0.0,0.0,66.66666666666666,33.33333333333333,0.0,31.428571428571416,11.428571428571429,68.57142857142857,20.0,0.0,0.0,33.33333333333333,66.66666666666666,0.0,46.66666666666666
E0467,2.631578947368421,0.0,97.36842105263158,0.0,0.0,0.0,100.0,0.0,2.631578947368423,0.0,0.0,7.894736842105263,86.8421052631579,5.263157894736842,0.0,0.0,0.0,100.0,0.0,13.1578947368421,0.0,5.263157894736842,26.31578947368421,50.0,18.421052631578945,0.0,0.0,0.0,0.0,33.33333333333333,33.33333333333333,33.33333333333333,0.0,0.0,21.929824561403507,10.526315789473683,68.42105263157895,21.052631578947366,0.0,0.0,33.33333333333333,66.66666666666666,0.0,45.614035087719294
E0468,12.82051282051282,12.82051282051282,69.23076923076923,5.128205128205128,25.0,0.0,75.0,0.0,17.94871794871795,94.87179487179486,0.0,2.564102564102564,2.564102564102564,0.0,100.0,0.0,0.0,0.0,0.0,5.128205128205133,5.128205128205128,2.564102564102564,2.564102564102564,2.564102564102564,35.8974358974359,48.71794871794872,2.564102564102564,0.0,0.0,0.0,0.0,50.0,50.0,0.0,15.384615384615383,0.0,33.33333333333333,48.71794871794872,17.94871794871795,0.0,25.0,75.0,0.0,26.28205128205128
E0469,0.0,0.0,100.0,0.0,0.0,0.0,100.0,0.0,0.0,0.0,5.0,90.0,5.0,0.0,0.0,0.0,80.0,20.0,0.0,15.0,0.0,21.666666666666668,46.66666666666666,26.666666666666668,3.333333333333333,0.0,1.6666666666666667,0.0,0.0,60.0,20.0,20.0,0.0,0.0,30.000000000000004,78.33333333333333,21.666666666666668,0.0,0.0,80.0,20.0,0.0,0.0,1.6666666666666696
E0470,2.7777777777777777,11.11111111111111,80.55555555555556,5.555555555555555,0.0,0.0,50.0,50.0,44.44444444444444,2.7777777777777777,2.7777777777777777,2.7777777777777777,86.11111111111111,5.555555555555555,50.0,0.0,0.0,50.0,0.0,47.22222222222222,2.7777777777777777,0.0,27.77777777777778,38.88888888888889,25.0,2.7777777777777777,2.7777777777777777,0.0,0.0,50.0,50.0,0.0,0.0,0.0,33.33333333333333,0.0,16.666666666666664,72.22222222222221,11.11111111111111,0.0,0.0,100.0,0.0,27.77777777777778
E0471,9.230769230769232,6.153846153846154,81.53846153846153,3.076923076923077,20.0,20.0,60.0,0.0,24.615384615384613,0.0,1.5384615384615383,98.46153846153848,0.0,0.0,0.0,0.0,100.0,0.0,0.0,1.5384615384615357,1.5384615384615383,0.0,20.0,49.23076923076923,23.07692307692308,1.5384615384615383,4.615384615384616,0.0,0.0,20.0,40.0,40.0,0.0,0.0,16.923076923076923,13.846153846153848,64.61538461538461,21.53846153846154,0.0,0.0,60.0,40.0,0.0,18.46153846153846
E0472,0.0,90.9090909090909,0.0,9.090909090909092,0.0,100.0,0.0,0.0,9.090909090909092,0.0,0.0,100.0,0.0,0.0,0.0,0.0,100.0,0.0,0.0,0.0,9.090909090909092,18.181818181818183,63.63636363636363,0.0,0.0,9.090909090909092,0.0,0.0,0.0,100.0,0.0,0.0,0.0,0.0,36.36363636363637,18.181818181818183,72.72727272727273,9.090909090909092,0.0,0.0,100.0,0.0,0.0,27.272727272727277
E0473,1.5151515151515151,98.48484848484848,0.0,0.0,0.0,100.0,0.0,0.0,1.5151515151515154,77.27272727272727,13.636363636363637,1.5151515151515151,3.0303030303030303,4.545454545454546,72.72727272727273,9.090909090909092,0.0,0.0,18.181818181818183,13.63636363636363,51.51515151515152,25.75757575757576,1.5151515151515151,6.0606060606060606,6.0606060606060606,4.545454545454546,4.545454545454546,45.45454545454545,9.090909090909092,0.0,9.090909090909092,9.090909090909092,27.27272727272727,0.0,28.78787878787879,87.87878787878788,12.12121212121212,0.0,0.0,81.81818181818183,18.181818181818183,0.0,0.0,6.060606060606055
E0474,4.3478260869565215,8.695652173913043,82.6086956521739,4.3478260869565215,0.0,33.33333333333333,66.66666666666666,0.0,24.63768115942029,2.1739130434782608,2.1739130434782608,0.0,84.78260869565217,10.869565217391305,0.0,0.0,0.0,100.0,0.0,15.217391304347828,58.69565217391305,21.73913043478261,2.1739130434782608,2.1739130434782608,4.3478260869565215,6.521739130434782,4.3478260869565215,33.33333333333333,33.33333333333333,33.33333333333333,0.0,0.0,0.0,0.0,42.75362318840579,15.217391304347828,71.73913043478261,13.043478260869565,0.0,0.0,100.0,0.0,0.0,28.26086956521739
E0475,3.0303030303030303,6.0606060606060606,87.87878787878788,3.0303030303030303,25.0,0.0,75.0,0.0,21.96969696969697,0.0,12.12121212121212,6.0606060606060606,6.0606060606060606,75.75757575757575,0.0,0.0,25.0,0.0,75.0,18.93939393939393,60.60606060606061,30.303030303030305,0.0,6.0606060606060606,0.0,0.0,3.0303030303030303,50.0,25.0,0.0,25.0,0.0,0.0,0.0,18.93939393939394,21.21212121212121,60.60606060606061,18.181818181818183,0.0,25.0,50.0,25.0,0.0,10.606060606060607
E0477,4.878048780487805,4.878048780487805,82.92682926829268,7.317073170731707,0.0,0.0,100.0,0.0,17.07317073170732,78.04878048780488,12.195121951219512,2.4390243902439024,4.878048780487805,2.4390243902439024,0.0,100.0,0.0,0.0,0.0,87.8048780487805,19.51219512195122,51.21951219512195,24.390243902439025,4.878048780487805,0.0,0.0,0.0,0.0,100.0,0.0,0.0,0.0,0.0,0.0,48.78048780487805,9.75609756097561,68.29268292682927,21.951219512195124,0.0,0.0,0.0,100.0,0.0,78.04878048780488
E0478,0.0,100.0,0.0,0.0,0.0,100.0,0.0,0.0,0.0,0.0,0.0,0.0,100.0,0.0,0.0,0.0,0.0,100.0,0.0,0.0,33.33333333333333,66.66666666666666,0.0,0.0,0.0,0.0,0.0,0.0,100.0,0.0,0.0,0.0,0.0,0.0,33.333333333333336,0.0,0.0,100.0,0.0,0.0,0.0,100.0,0.0,0.0
E0479,4.3478260869565215,0.0,91.30434782608695,4.3478260869565215,0.0,0.0,100.0,0.0,8.695652173913045,0.0,0.0,4.3478260869565215,93.47826086956522,2.1739130434782608,0.0,0.0,33.33333333333333,66.66666666666666,0.0,28.98550724637681,6.521739130434782,2.1739130434782608,21.73913043478261,56.52173913043478,13.043478260869565,0.0,0.0,0.0,0.0,33.33333333333333,33.33333333333333,33.33333333333333,0.0,0.0,31.88405797101449,13.043478260869565,71.73913043478261,15.217391304347828,0.0,0.0,100.0,0.0,0.0,28.26086956521739
E0481,7.142857142857142,5.714285714285714,84.28571428571429,2.857142857142857,16.666666666666664,0.0,83.33333333333334,0.0,9.523809523809522,0.0,0.0,2.857142857142857,97.14285714285714,0.0,0.0,0.0,0.0,100.0,0.0,2.8571428571428594,5.714285714285714,17.142857142857142,50.0,18.571428571428573,1.4285714285714286,4.285714285714286,2.857142857142857,16.666666666666664,0.0,66.66666666666666,16.666666666666664,0.0,0.0,0.0,27.619047619047613,82.85714285714286,17.142857142857142,0.0,0.0,83.33333333333334,16.666666666666664,0.0,0.0,0.4761904761904798
E0482,18.181818181818183,81.81818181818183,0.0,0.0,0.0,100.0,0.0,0.0,18.18181818181818,0.0,18.181818181818183,72.72727272727273,9.090909090909092,0.0,0.0,0.0,100.0,0.0,0.0,27.272727272727277,36.36363636363637,36.36363636363637,9.090909090909092,0.0,18.181818181818183,0.0,0.0,0.0,100.0,0.0,0.0,0.0,0.0,0.0,63.63636363636364,0.0,63.63636363636363,36.36363636363637,0.0,0.0,100.0,0.0,0.0,36.36363636363637
E0483,9.090909090909092,0.0,90.9090909090909,0.0,0.0,0.0,100.0,0.0,9.090909090909092,81.81818181818183,4.545454545454546,4.545454545454546,9.090909090909092,0.0,66.66666666666666,0.0,33.33333333333333,0.0,0.0,28.7878787878788,0.0,0.0,0.0,4.545454545454546,9.090909090909092,0.0,86.36363636363636,0.0,0.0,0.0,0.0,33.33333333333333,0.0,66.66666666666666,24.24242424242424,90.9090909090909,9.090909090909092,0.0,0.0,66.66666666666666,33.33333333333333,0.0,0.0,24.24242424242424
E0484,14.457831325301203,4.819277108433735,7.228915662650602,73.49397590361446,25.0,0.0,0.0,75.0,12.048192771084338,6.024096385542169,81.92771084337349,7.228915662650602,3.614457831325301,1.2048192771084338,0.0,75.0,0.0,25.0,0.0,21.3855421686747,3.614457831325301,2.409638554216868,2.409638554216868,3.614457831325301,24.09638554216868,61.44578313253012,2.409638554216868,0.0,0.0,0.0,25.0,0.0,75.0,0.0,34.939759036144586,19.27710843373494,61.44578313253012,19.27710843373494,0.0,50.0,25.0,25.0,0.0,36.44578313253012
E0485,2.564102564102564,5.128205128205128,89.74358974358975,2.564102564102564,0.0,0.0,100.0,0.0,10.256410256410252,0.0,0.0,7.6923076923076925,25.64102564102564,66.66666666666666,0.0,0.0,0.0,0.0,100.0,33.333333333333336,2.564102564102564,2.564102564102564,0.0,2.564102564102564,20.51282051282051,64.1025641025641,7.6923076923076925,0.0,33.33333333333333,0.0,0.0,33.33333333333333,33.33333333333333,0.0,43.589743589743584,0.0,12.82051282051282,71.7948717948718,15.384615384615383,0.0,0.0,100.0,0.0,28.205128205128204
E0486,74.28571428571429,8.571428571428571,11.428571428571429,5.714285714285714,40.0,20.0,20.0,20.0,34.28571428571429,94.28571428571428,2.857142857142857,2.857142857142857,0.0,0.0,100.0,0.0,0.0,0.0,0.0,5.714285714285719,2.857142857142857,14.285714285714285,42.85714285714285,22.857142857142858,8.571428571428571,8.571428571428571,0.0,0.0,20.0,40.0,20.0,20.0,0.0,0.0,17.142857142857142,20.0,57.14285714285714,22.857142857142858,0.0,40.0,60.0,0.0,0.0,22.85714285714286
E0487,10.76923076923077,3.076923076923077,78.46153846153847,7.6923076923076925,0.0,0.0,100.0,0.0,21.538461538461537,3.076923076923077,1.5384615384615383,4.615384615384616,89.23076923076924,1.5384615384615383,0.0,0.0,0.0,100.0,0.0,10.769230769230766,4.615384615384616,4.615384615384616,1.5384615384615383,20.0,52.30769230769232,15.384615384615383,1.5384615384615383,0.0,0.0,0.0,0.0,100.0,0.0,0.0,47.692307692307686,83.07692307692308,16.923076923076923,0.0,0.0,100.0,0.0,0.0,0.0,16.92307692307692
E0488,0.0,0.0,85.71428571428571,14.285714285714285,0.0,0.0,100.0,0.0,14.285714285714288,0.0,0.0,0.0,14.285714285714285,85.71428571428571,0.0,0.0,0.0,0.0,100.0,14.285714285714288,57.14285714285714,42.85714285714285,0.0,0.0,0.0,0.0,0.0,0.0,100.0,0.0,0.0,0.0,0.0,0.0,57.14285714285714,42.85714285714285,57.14285714285714,0.0,0.0,100.0,0.0,0.0,0.0,57.14285714285714
E0490,6.0606060606060606,78.78787878787878,9.090909090909092,6.0606060606060606,11.11111111111111,77.77777777777779,11.11111111111111,0.0,7.070707070707063,1.5151515151515151,87.87878787878788,7.575757575757576,1.5151515151515151,1.5151515151515151,0.0,100.0,0.0,0.0,0.0,12.121212121212125,63.63636363636363,27.27272727272727,0.0,4.545454545454546,0.0,3.0303030303030303,1.5151515151515151,66.66666666666666,22.22222222222222,0.0,0.0,0.0,11.11111111111111,0.0,11.111111111111107,22.727272727272727,66.66666666666666,10.606060606060606,0.0,11.11111111111111,66.66666666666666,22.22222222222222,0.0,11.616161616161616
E0491,2.941176470588235,5.88235294117647,0.0,91.17647058823528,0.0,33.33333333333333,0.0,66.66666666666666,27.450980392156865,5.88235294117647,17.647058823529413,64.70588235294117,5.88235294117647,5.88235294117647,0.0,0.0,66.66666666666666,0.0,33.33333333333333,29.411764705882348,0.0,0.0,17.647058823529413,64.70588235294117,17.647058823529413,0.0,0.0,0.0,0.0,33.33333333333333,66.66666666666666,0.0,0.0,0.0,17.647058823529406,0.0,8.823529411764707,73.52941176470588,17.647058823529413,0.0,0.0,66.66666666666666,33.33333333333333,15.686274509803924
E0492,82.85714285714286,2.857142857142857,5.714285714285714,8.571428571428571,80.0,0.0,0.0,20.0,11.42857142857143,0.0,0.0,14.285714285714285,11.428571428571429,74.28571428571429,0.0,0.0,20.0,20.0,60.0,14.285714285714288,2.857142857142857,8.571428571428571,60.0,25.71428571428571,2.857142857142857,0.0,0.0,0.0,0.0,60.0,40.0,0.0,0.0,0.0,14.285714285714286,0.0,17.142857142857142,60.0,22.857142857142858,0.0,20.0,60.0,20.0,2.8571428571428577
E0493,0.0,1.6666666666666667,5.0,93.33333333333331,0.0,0.0,0.0,100.0,6.66666666666667,0.0,1.6666666666666667,81.66666666666667,10.0,6.666666666666667,0.0,0.0,100.0,0.0,0.0,18.33333333333333,0.0,25.0,50.0,13.333333333333334,5.0,5.0,1.6666666666666667,0.0,0.0,100.0,0.0,0.0,0.0,0.0,50.0,15.0,71.66666666666667,13.333333333333334,0.0,0.0,50.0,50.0,0.0,36.66666666666667
E0494,14.705882352941178,2.941176470588235,76.47058823529412,5.88235294117647,0.0,33.33333333333333,66.66666666666666,0.0,30.3921568627451,70.58823529411765,20.588235294117645,2.941176470588235,2.941176470588235,2.941176470588235,100.0,0.0,0.0,0.0,0.0,29.411764705882344,64.70588235294117,23.52941176470588,0.0,2.941176470588235,0.0,2.941176470588235,5.88235294117647,100.0,0.0,0.0,0.0,0.0,0.0,0.0,35.29411764705882,14.705882352941178,73.52941176470588,11.76470588235294,0.0,0.0,66.66666666666666,33.33333333333333,0.0,21.568627450980397
E0495,2.941176470588235,2.941176470588235,88.23529411764706,5.88235294117647,0.0,0.0,100.0,0.0,11.764705882352942,0.0,8.823529411764707,0.0,5.88235294117647,85.29411764705883,0.0,100.0,0.0,0.0,0.0,91.17647058823528,0.0,29.411764705882355,38.23529411764706,23.52941176470588,0.0,2.941176470588235,5.88235294117647,0.0,100.0,0.0,0.0,0.0,0.0,0.0,70.58823529411764,17.647058823529413,61.76470588235294,20.588235294117645,0.0,0.0,100.0,0.0,0.0,38.23529411764706
E0496,0.0,0.0,95.45454545454544,4.545454545454546,0.0,0.0,100.0,0.0,4.545454545454547,81.81818181818183,4.545454545454546,11.363636363636363,2.272727272727273,0.0,100.0,0.0,0.0,0.0,0.0,18.181818181818176,0.0,4.545454545454546,34.090909090909086,40.909090909090914,15.909090909090908,2.272727272727273,2.272727272727273,0.0,0.0,0.0,0.0,100.0,0.0,0.0,84.0909090909091,81.81818181818183,18.181818181818183,0.0,0.0,100.0,0.0,0.0,0.0,18.18181818181818
E0497,82.35294117647058,5.88235294117647,8.823529411764707,2.941176470588235,100.0,0.0,0.0,0.0,17.647058823529413,11.76470588235294,8.823529411764707,50.0,8.823529411764707,20.588235294117645,0.0,0.0,0.0,0.0,100.0,79.41176470588235,2.941176470588235,32.35294117647059,35.294117647058826,20.588235294117645,0.0,5.88235294117647,2.941176470588235,0.0,100.0,0.0,0.0,0.0,0.0,0.0,67.6470588235294,11.76470588235294,73.52941176470588,14.705882352941178,0.0,0.0,100.0,0.0,0.0,26.47058823529412
E0498,5.405405405405405,5.405405405405405,86.48648648648648,2.702702702702702,0.0,50.0,50.0,0.0,44.5945945945946,2.702702702702702,0.0,0.0,2.702702702702702,94.5945945945946,0.0,0.0,0.0,0.0,100.0,5.405405405405404,2.702702702702702,2.702702702702702,24.324324324324326,48.64864864864865,16.216216216216218,0.0,5.405405405405405,0.0,0.0,0.0,50.0,0.0,0.0,50.0,45.94594594594595,24.324324324324326,51.35135135135135,24.324324324324326,0.0,50.0,50.0,0.0,0.0,25.675675675675677
E0499,2.564102564102564,0.0,94.87179487179486,2.564102564102564,0.0,0.0,100.0,0.0,5.128205128205133,0.0,2.564102564102564,94.87179487179486,2.564102564102564,0.0,0.0,0.0,100.0,0.0,0.0,5.128205128205133,15.384615384615383,51.28205128205128,28.205128205128204,0.0,2.564102564102564,0.0,2.564102564102564,50.0,0.0,50.0,0.0,0.0,0.0,0.0,56.41025641025641,10.256410256410255,64.1025641025641,25.64102564102564,0.0,0.0,0.0,100.0,0.0,74.35897435897436
E0500,83.78378378378379,10.81081081081081,0.0,5.405405405405405,100.0,0.0,0.0,0.0,16.216216216216214,0.0,0.0,2.702702702702702,2.702702702702702,94.5945945945946,0.0,0.0,0.0,0.0,100.0,5.405405405405404,8.108108108108109,2.702702702702702,2.702702702702702,21.62162162162162,37.83783783783784,27.027027027027028,0.0,0.0,0.0,0.0,0.0,100.0,0.0,0.0,62.16216216216216,18.91891891891892,67.56756756756756,13.513513513513514,0.0,0.0,100.0,0.0,0.0,32.432432432432435
E0501,2.7777777777777777,5.555555555555555,5.555555555555555,86.11111111111111,0.0,0.0,20.0,80.0,14.444444444444446,0.0,0.0,97.2222222222222,0.0,2.7777777777777777,0.0,0.0,100.0,0.0,0.0,2.7777777777777817,5.555555555555555,11.11111111111111,27.77777777777778,36.11111111111111,11.11111111111111,2.7777777777777777,5.555555555555555,0.0,0.0,20.0,60.0,0.0,20.0,0.0,41.11111111111111,80.55555555555556,19.444444444444446,0.0,0.0,80.0,20.0,0.0,0.0,0.5555555555555554
E0503,2.564102564102564,2.564102564102564,92.3076923076923,2.564102564102564,0.0,0.0,100.0,0.0,7.6923076923076925,2.564102564102564,2.564102564102564,89.74358974358975,5.128205128205128,0.0,0.0,0.0,100.0,0.0,0.0,10.256410256410252,17.94871794871795,64.1025641025641,10.256410256410255,5.128205128205128,0.0,2.564102564102564,0.0,0.0,100.0,0.0,0.0,0.0,0.0,0.0,35.8974358974359,79.48717948717949,20.51282051282051,0.0,0.0,100.0,0.0,0.0,0.0,20.51282051282051
E0504,6.896551724137931,3.4482758620689653,86.20689655172413,3.4482758620689653,0.0,50.0,50.0,0.0,46.55172413793103,13.79310344827586,75.86206896551724,6.896551724137931,3.4482758620689653,0.0,0.0,50.0,50.0,0.0,0.0,43.10344827586207,6.896551724137931,3.4482758620689653,24.13793103448276,44.82758620689656,17.24137931034483,3.4482758620689653,0.0,0.0,0.0,50.0,50.0,0.0,0.0,0.0,31.03448275862069,86.20689655172413,13.79310344827586,0.0,0.0,100.0,0.0,0.0,0.0,13.793103448275868
E0505,8.21917808219178,6.849315068493151,80.82191780821918,4.10958904109589,12.5,25.0,50.0,12.5,30.821917808219183,2.73972602739726,5.47945205479452,84.93150684931507,4.10958904109589,2.73972602739726,12.5,0.0,87.5,0.0,0.0,12.32876712328767,4.10958904109589,1.36986301369863,4.10958904109589,19.17808219178082,56.16438356164384,10.95890410958904,4.10958904109589,0.0,0.0,12.5,12.5,62.5,12.5,0.0,16.26712328767123,0.0,16.43835616438356,60.273972602739725,23.28767123287671,0.0,25.0,50.0,25.0,10.273972602739727
E0506,10.714285714285714,7.142857142857142,67.85714285714286,14.285714285714285,0.0,0.0,75.0,25.0,17.857142857142854,3.571428571428571,7.142857142857142,0.0,10.714285714285714,78.57142857142857,0.0,0.0,0.0,0.0,100.0,21.42857142857143,7.142857142857142,25.0,46.42857142857143,14.285714285714285,3.571428571428571,3.571428571428571,0.0,50.0,25.0,25.0,0.0,0.0,0.0,0.0,42.85714285714286,82.14285714285714,17.857142857142858,0.0,0.0,25.0,75.0,0.0,0.0,57.14285714285714
E0507,62.5,0.0,25.0,12.5,0.0,0.0,0.0,100.0,87.5,0.0,0.0,0.0,0.0,100.0,0.0,0.0,0.0,0.0,100.0,0.0,12.5,50.0,12.5,0.0,12.5,0.0,12.5,100.0,0.0,0.0,0.0,0.0,0.0,0.0,87.5,62.5,12.5,25.0,0.0,100.0,0.0,0.0,0.0,37.5
E0508,77.5,3.75,11.25,7.5,88.88888888888889,0.0,0.0,11.11111111111111,14.999999999999998,2.5,5.0,6.25,8.75,77.5,11.11111111111111,0.0,11.11111111111111,0.0,77.77777777777779,13.750000000000004,3.75,2.5,2.5,1.25,30.0,56.25,3.75,0.0,0.0,0.0,0.0,44.44444444444444,55.55555555555556,0.0,14.444444444444445,85.0,15.0,0.0,0.0,77.77777777777779,22.22222222222222,0.0,0.0,7.222222222222218
E0509,90.9090909090909,3.0303030303030303,0.0,6.0606060606060606,75.0,25.0,0.0,0.0,21.96969696969697,3.0303030303030303,0.0,18.181818181818183,69.6969696969697,9.090909090909092,0.0,0.0,50.0,50.0,0.0,31.81818181818182,3.0303030303030303,0.0,15.151515151515152,51.51515151515152,21.21212121212121,3.0303030303030303,6.0606060606060606,0.0,0.0,25.0,75.0,0.0,0.0,0.0,33.33333333333333,0.0,27.27272727272727,60.60606060606061,12.12121212121212,0.0,25.0,75.0,0.0,14.393939393939393
E0510,8.695652173913043,2.1739130434782608,86.95652173913044,2.1739130434782608,0.0,0.0,100.0,0.0,13.043478260869565,86.95652173913044,4.3478260869565215,2.1739130434782608,2.1739130434782608,4.3478260869565215,100.0,0.0,0.0,0.0,0.0,13.043478260869566,2.1739130434782608,30.434782608695656,34.78260869565217,28.26086956521739,0.0,2.1739130434782608,2.1739130434782608,0.0,33.33333333333333,66.66666666666666,0.0,0.0,0.0,0.0,34.78260869565217,13.043478260869565,65.21739130434783,21.73913043478261,0.0,0.0,33.33333333333333,66.66666666666666,0.0,44.927536231884055
E0513,88.37209302325581,4.651162790697675,2.3255813953488373,4.651162790697675,33.33333333333333,0.0,33.33333333333333,33.33333333333333,59.68992248062016,2.3255813953488373,4.651162790697675,2.3255813953488373,9.30232558139535,81.3953488372093,0.0,33.33333333333333,0.0,0.0,66.66666666666666,28.68217054263566,4.651162790697675,0.0,27.906976744186046,60.46511627906976,6.976744186046512,0.0,0.0,0.0,0.0,33.33333333333333,66.66666666666666,0.0,0.0,0.0,11.627906976744182,13.953488372093023,62.7906976744186,23.25581395348837,0.0,0.0,66.66666666666666,33.33333333333333,0.0,13.953488372093018
E0514,2.666666666666667,2.666666666666667,1.3333333333333337,93.33333333333331,0.0,0.0,0.0,100.0,6.66666666666667,0.0,1.3333333333333337,0.0,97.33333333333334,1.3333333333333337,0.0,0.0,0.0,100.0,0.0,2.666666666666662,21.333333333333336,44.0,25.333333333333336,1.3333333333333337,5.333333333333334,0.0,2.666666666666667,0.0,100.0,0.0,0.0,0.0,0.0,0.0,56.00000000000001,0.0,17.333333333333336,60.0,22.666666666666664,0.0,0.0,75.0,25.0,17.333333333333336
E0515,2.564102564102564,2.564102564102564,92.3076923076923,2.564102564102564,50.0,0.0,50.0,0.0,47.43589743589744,2.564102564102564,87.17948717948718,2.564102564102564,2.564102564102564,5.128205128205128,0.0,100.0,0.0,0.0,0.0,12.82051282051282,2.564102564102564,2.564102564102564,2.564102564102564,5.128205128205128,5.128205128205128,2.564102564102564,79.48717948717949,0.0,0.0,0.0,0.0,0.0,0.0,100.0,20.51282051282051,23.07692307692308,53.84615384615385,23.07692307692308,0.0,0.0,50.0,50.0,0.0,26.923076923076923
E0516,0.0,0.0,100.0,0.0,0.0,0.0,100.0,0.0,0.0,0.0,0.0,11.11111111111111,88.88888888888889,0.0,0.0,0.0,0.0,100.0,0.0,11.111111111111112,11.11111111111111,11.11111111111111,33.33333333333333,22.22222222222222,11.11111111111111,11.11111111111111,0.0,0.0,0.0,0.0,0.0,0.0,100.0,0.0,88.88888888888889,0.0,11.11111111111111,88.88888888888889,0.0,0.0,0.0,100.0,0.0,11.111111111111112
E0517,2.272727272727273,9.090909090909092,0.0,88.63636363636364,0.0,0.0,0.0,100.0,11.363636363636363,6.8181818181818175,93.18181818181816,0.0,0.0,0.0,0.0,100.0,0.0,0.0,0.0,6.818181818181822,2.272727272727273,18.181818181818183,52.27272727272727,15.909090909090908,2.272727272727273,4.545454545454546,4.545454545454546,0.0,33.33333333333333,33.33333333333333,0.0,0.0,33.33333333333333,0.0,43.93939393939393,0.0,4.545454545454546,79.54545454545455,15.909090909090908,0.0,0.0,66.66666666666666,33.33333333333333,17.42424242424243
E0518,14.285714285714285,0.0,85.71428571428571,0.0,100.0,0.0,0.0,0.0,85.71428571428572,0.0,0.0,100.0,0.0,0.0,0.0,0.0,100.0,0.0,0.0,0.0,0.0,0.0,14.285714285714285,57.14285714285714,28.57142857142857,0.0,0.0,0.0,0.0,0.0,100.0,0.0,0.0,0.0,42.85714285714286,0.0,28.57142857142857,57.14285714285714,14.285714285714285,0.0,0.0,100.0,0.0,42.85714285714286
E0519,92.2077922077922,1.2987012987012987,5.194805194805195,1.2987012987012987,100.0,0.0,0.0,0.0,7.792207792207792,87.01298701298701,6.493506493506493,3.896103896103896,1.2987012987012987,1.2987012987012987,50.0,16.666666666666664,16.666666666666664,16.666666666666664,0.0,38.31168831168831,1.2987012987012987,1.2987012987012987,5.194805194805195,2.5974025974025974,18.181818181818183,71.42857142857143,0.0,0.0,0.0,16.666666666666664,0.0,16.666666666666664,66.66666666666666,0.0,11.471861471861478,15.584415584415584,68.83116883116884,15.584415584415584,0.0,16.666666666666664,66.66666666666666,16.666666666666664,0.0,2.1645021645021707
E0520,8.333333333333332,5.555555555555555,79.16666666666666,6.944444444444445,0.0,16.666666666666664,83.33333333333334,0.0,15.277777777777786,93.05555555555556,1.3888888888888888,4.166666666666666,0.0,1.3888888888888888,100.0,0.0,0.0,0.0,0.0,6.944444444444444,1.3888888888888888,1.3888888888888888,4.166666666666666,13.88888888888889,52.77777777777778,23.61111111111111,2.7777777777777777,16.666666666666664,0.0,0.0,33.33333333333333,33.33333333333333,16.666666666666664,0.0,34.72222222222222,16.666666666666664,62.5,20.833333333333336,0.0,33.33333333333333,50.0,16.666666666666664,0.0,16.666666666666668
E0521,87.8048780487805,0.0,4.878048780487805,7.317073170731707,100.0,0.0,0.0,0.0,12.195121951219509,2.4390243902439024,0.0,2.4390243902439024,95.1219512195122,0.0,0.0,0.0,0.0,100.0,0.0,4.878048780487804,2.4390243902439024,19.51219512195122,48.78048780487805,19.51219512195122,2.4390243902439024,2.4390243902439024,4.878048780487805,0.0,0.0,50.0,50.0,0.0,0.0,0.0,31.707317073170728,9.75609756097561,73.17073170731707,17.073170731707318,0.0,0.0,100.0,0.0,0.0,26.82926829268293
E0522,9.375,3.125,78.125,9.375,0.0,0.0,75.0,25.0,15.625,93.75,3.125,0.0,3.125,0.0,100.0,0.0,0.0,0.0,0.0,6.25,0.0,6.25,21.875,53.125,12.5,6.25,0.0,0.0,0.0,0.0,50.0,25.0,25.0,0.0,31.25,0.0,21.875,62.5,15.625,0.0,25.0,75.0,0.0,15.625
E0523,2.4390243902439024,4.878048780487805,87.8048780487805,4.878048780487805,0.0,0.0,100.0,0.0,12.195121951219509,0.0,2.4390243902439024,7.317073170731707,82.92682926829268,7.317073170731707,0.0,33.33333333333333,33.33333333333333,33.33333333333333,0.0,56.91056910569105,0.0,7.317073170731707,31.70731707317073,31.70731707317073,26.82926829268293,2.4390243902439024,0.0,0.0,0.0,33.33333333333333,0.0,66.66666666666666,0.0,0.0,41.46341463414633,17.073170731707318,65.85365853658537,17.073170731707318,0.0,33.33333333333333,66.66666666666666,0.0,0.0,17.073170731707307
E0524,83.87096774193549,3.225806451612903,3.225806451612903,9.67741935483871,100.0,0.0,0.0,0.0,16.129032258064516,0.0,6.451612903225806,12.903225806451612,74.19354838709677,6.451612903225806,0.0,0.0,0.0,100.0,0.0,25.806451612903228,0.0,22.58064516129032,38.70967741935484,29.03225806451613,0.0,9.67741935483871,0.0,0.0,0.0,0.0,100.0,0.0,0.0,0.0,70.96774193548387,9.67741935483871,67.74193548387096,22.58064516129032,0.0,0.0,100.0,0.0,0.0,32.25806451612904
E0525,2.127659574468085,0.0,93.61702127659576,4.25531914893617,33.33333333333333,0.0,66.66666666666666,0.0,31.20567375886525,0.0,0.0,4.25531914893617,93.61702127659576,2.127659574468085,0.0,0.0,0.0,100.0,0.0,6.3829787234042525,19.148936170212767,61.70212765957447,14.893617021276595,4.25531914893617,0.0,0.0,0.0,0.0,100.0,0.0,0.0,0.0,0.0,0.0,38.297872340425535,17.02127659574468,74.46808510638297,8.51063829787234,0.0,0.0,100.0,0.0,0.0,25.531914893617024
E0526,1.351351351351351,4.054054054054054,90.54054054054052,4.054054054054054,0.0,0.0,0.0,100.0,95.94594594594594,81.08108108108108,9.45945945945946,4.054054054054054,2.702702702702702,2.702702702702702,0.0,100.0,0.0,0.0,0.0,90.54054054054056,2.702702702702702,16.216216216216218,56.75675675675676,18.91891891891892,0.0,4.054054054054054,1.351351351351351,0.0,0.0,100.0,0.0,0.0,0.0,0.0,43.24324324324324,20.27027027027027,64.86486486486487,14.864864864864863,0.0,0.0,100.0,0.0,0.0,35.13513513513514
E0527,7.142857142857142,19.047619047619047,66.66666666666666,7.142857142857142,0.0,0.0,100.0,0.0,33.333333333333336,2.380952380952381,0.0,7.142857142857142,90.47619047619048,0.0,50.0,0.0,0.0,50.0,0.0,47.61904761904762,28.57142857142857,52.38095238095239,14.285714285714285,0.0,4.761904761904762,0.0,0.0,0.0,50.0,50.0,0.0,0.0,0.0,0.0,35.714285714285715,0.0,19.047619047619047,61.90476190476191,19.047619047619047,0.0,0.0,50.0,50.0,30.952380952380956
E0528,0.0,6.25,90.625,3.125,0.0,0.0,100.0,0.0,9.375,90.625,6.25,3.125,0.0,0.0,100.0,0.0,0.0,0.0,0.0,9.375,0.0,3.125,3.125,6.25,15.625,65.625,6.25,0.0,0.0,0.0,0.0,100.0,0.0,0.0,84.375,84.375,15.625,0.0,0.0,100.0,0.0,0.0,0.0,15.625
E0531,0.0,100.0,0.0,0.0,0.0,100.0,0.0,0.0,0.0,0.0,0.0,20.0,60.0,20.0,0.0,0.0,0.0,0.0,100.0,80.0,10.0,20.0,50.0,20.0,0.0,0.0,0.0,0.0,0.0,100.0,0.0,0.0,0.0,0.0,50.0,0.0,30.0,70.0,0.0,0.0,0.0,100.0,0.0,30.0
E0534,0.0,0.0,97.43589743589745,2.564102564102564,0.0,0.0,75.0,25.0,22.435897435897434,0.0,2.564102564102564,92.3076923076923,5.128205128205128,0.0,0.0,0.0,100.0,0.0,0.0,7.6923076923076925,56.41025641025641,33.33333333333333,0.0,2.564102564102564,0.0,5.128205128205128,2.564102564102564,75.0,25.0,0.0,0.0,0.0,0.0,0.0,18.589743589743588,0.0,17.94871794871795,64.1025641025641,17.94871794871795,0.0,25.0,50.0,25.0,14.102564102564102
E0535,6.25,0.0,89.0625,4.6875,0.0,0.0,85.71428571428571,14.285714285714285,9.598214285714288,1.5625,1.5625,0.0,92.1875,4.6875,0.0,0.0,0.0,100.0,0.0,7.8125,25.0,45.3125,28.125,1.5625,0.0,0.0,0.0,14.285714285714285,14.285714285714285,71.42857142857143,0.0,0.0,0.0,0.0,43.30357142857143,23.4375,57.8125,18.75,0.0,0.0,85.71428571428571,14.285714285714285,0.0,27.90178571428571
E0536,2.7777777777777777,91.66666666666666,1.3888888888888888,4.166666666666666,0.0,100.0,0.0,0.0,8.33333333333334,6.944444444444445,77.77777777777779,8.333333333333332,4.166666666666666,2.7777777777777777,0.0,66.66666666666666,33.33333333333333,0.0,0.0,25.000000000000007,58.333333333333336,20.833333333333336,2.7777777777777777,6.944444444444445,5.555555555555555,4.166666666666666,1.3888888888888888,66.66666666666666,33.33333333333333,0.0,0.0,0.0,0.0,0.0,20.83333333333332,0.0,11.11111111111111,73.61111111111111,15.27777777777778,0.0,0.0,100.0,0.0,26.38888888888889
E0537,8.0,8.0,84.0,0.0,0.0,0.0,100.0,0.0,16.0,4.0,88.0,8.0,0.0,0.0,0.0,100.0,0.0,0.0,0.0,12.0,0.0,0.0,24.0,52.0,16.0,4.0,4.0,0.0,0.0,0.0,50.0,50.0,0.0,0.0,34.0,16.0,64.0,20.0,0.0,0.0,100.0,0.0,0.0,36.0
E0538,7.352941176470589,83.82352941176471,2.941176470588235,5.88235294117647,11.11111111111111,77.77777777777779,0.0,11.11111111111111,8.986928104575162,89.70588235294117,8.823529411764707,1.4705882352941175,0.0,0.0,100.0,0.0,0.0,0.0,0.0,10.294117647058824,0.0,22.058823529411764,50.0,22.058823529411764,1.4705882352941175,2.941176470588235,1.4705882352941175,0.0,55.55555555555556,33.33333333333333,11.11111111111111,0.0,0.0,0.0,33.49673202614379,16.176470588235293,70.58823529411765,13.23529411764706,0.0,44.44444444444444,44.44444444444444,11.11111111111111,0.0,28.26797385620916
E0539,5.128205128205128,0.0,89.74358974358975,5.128205128205128,0.0,0.0,100.0,0.0,10.256410256410252,5.128205128205128,0.0,2.564102564102564,7.6923076923076925,84.61538461538461,0.0,0.0,0.0,0.0,100.0,15.384615384615383,7.6923076923076925,0.0,2.564102564102564,20.51282051282051,48.71794871794872,15.384615384615383,5.128205128205128,0.0,0.0,20.0,20.0,40.0,20.0,0.0,22.05128205128205,15.384615384615383,74.35897435897436,10.256410256410255,0.0,0.0,100.0,0.0,0.0,25.64102564102564
E0541,62.5,12.5,16.666666666666664,8.333333333333332,100.0,0.0,0.0,0.0,37.49999999999999,75.0,12.5,8.333333333333332,0.0,4.166666666666666,100.0,0.0,0.0,0.0,0.0,25.0,16.666666666666664,58.333333333333336,25.0,0.0,0.0,0.0,0.0,0.0,100.0,0.0,0.0,0.0,0.0,0.0,41.66666666666666,20.833333333333336,62.5,16.666666666666664,0.0,100.0,0.0,0.0,0.0,79.16666666666666
E0542,0.0,6.666666666666667,6.666666666666667,86.66666666666667,0.0,0.0,0.0,100.0,13.333333333333332,0.0,10.0,6.666666666666667,10.0,73.33333333333333,0.0,16.666666666666664,0.0,0.0,83.33333333333334,16.66666666666667,0.0,20.0,63.33333333333333,10.0,3.333333333333333,0.0,3.333333333333333,0.0,16.666666666666664,50.0,33.33333333333333,0.0,0.0,0.0,23.33333333333333,83.33333333333334,16.666666666666664,0.0,0.0,83.33333333333334,16.666666666666664,0.0,0.0,0.0
E0543,97.5,0.0,0.0,2.5,100.0,0.0,0.0,0.0,2.5,2.5,2.5,2.5,92.5,0.0,0.0,50.0,0.0,50.0,0.0,47.5,2.5,0.0,2.5,2.5,20.0,67.5,5.0,0.0,0.0,0.0,0.0,50.0,50.0,0.0,30.0,17.5,67.5,15.0,0.0,50.0,50.0,0.0,0.0,32.5
E0544,92.5,2.5,2.5,2.5,100.0,0.0,0.0,0.0,7.5,2.5,5.0,92.5,0.0,0.0,0.0,0.0,100.0,0.0,0.0,7.5,2.5,0.0,15.0,57.49999999999999,22.5,2.5,0.0,25.0,0.0,0.0,75.0,0.0,0.0,0.0,40.0,87.5,12.5,0.0,0.0,100.0,0.0,0.0,0.0,12.5
E0545,7.6923076923076925,0.0,76.92307692307693,15.384615384615383,0.0,0.0,50.0,50.0,34.61538461538462,7.6923076923076925,0.0,0.0,92.3076923076923,0.0,50.0,0.0,0.0,50.0,0.0,42.30769230769231,0.0,15.384615384615383,46.15384615384615,23.07692307692308,7.6923076923076925,7.6923076923076925,0.0,0.0,0.0,0.0,100.0,0.0,0.0,0.0,76.9230769230769,0.0,15.384615384615383,61.53846153846154,23.07692307692308,0.0,0.0,50.0,50.0,26.923076923076927
E0546,3.125,9.375,78.125,9.375,0.0,0.0,100.0,0.0,21.875,9.375,87.5,3.125,0.0,0.0,0.0,100.0,0.0,0.0,0.0,12.5,0.0,31.25,34.375,21.875,6.25,0.0,6.25,0.0,66.66666666666666,33.33333333333333,0.0,0.0,0.0,0.0,35.416666666666664,0.0,12.5,68.75,18.75,0.0,33.33333333333333,66.66666666666666,0.0,20.833333333333336
E0547,5.88235294117647,88.23529411764706,5.88235294117647,0.0,0.0,100.0,0.0,0.0,11.764705882352942,0.0,100.0,0.0,0.0,0.0,0.0,100.0,0.0,0.0,0.0,0.0,85.29411764705883,11.76470588235294,0.0,0.0,0.0,0.0,2.941176470588235,100.0,0.0,0.0,0.0,0.0,0.0,0.0,14.705882352941176,17.647058823529413,73.52941176470588,8.823529411764707,0.0,0.0,100.0,0.0,0.0,26.47058823529412
E0548,0.0,10.0,90.0,0.0,0.0,0.0,100.0,0.0,10.0,0.0,20.0,80.0,0.0,0.0,0.0,0.0,100.0,0.0,0.0,20.0,0.0,0.0,0.0,0.0,20.0,0.0,80.0,0.0,0.0,0.0,0.0,0.0,0.0,100.0,20.0,10.0,70.0,20.0,0.0,0.0,100.0,0.0,0.0,30.0
E0550,0.0,0.0,0.0,100.0,0.0,0.0,0.0,100.0,0.0,0.0,0.0,0.0,42.85714285714285,57.14285714285714,0.0,0.0,0.0,100.0,0.0,57.14285714285714,14.285714285714285,28.57142857142857,28.57142857142857,0.0,0.0,14.285714285714285,14.285714285714285,0.0,0.0,0.0,0.0,0.0,100.0,0.0,85.71428571428571,14.285714285714285,71.42857142857143,14.285714285714285,0.0,0.0,100.0,0.0,0.0,28.57142857142857
E0551,3.389830508474576,8.47457627118644,81.35593220338984,6.779661016949152,0.0,0.0,100.0,0.0,18.64406779661017,0.0,0.0,0.0,96.61016949152544,3.389830508474576,0.0,0.0,0.0,100.0,0.0,3.3898305084745752,5.084745762711865,0.0,15.254237288135592,47.45762711864407,28.8135593220339,0.0,3.389830508474576,33.33333333333333,0.0,0.0,66.66666666666666,0.0,0.0,0.0,47.45762711864406,0.0,11.864406779661016,67.79661016949152,20.33898305084746,0.0,0.0,66.66666666666666,33.33333333333333,12.994350282485872
E0552,0.0,100.0,0.0,0.0,0.0,100.0,0.0,0.0,0.0,4.3478260869565215,88.40579710144928,4.3478260869565215,2.898550724637681,0.0,0.0,75.0,25.0,0.0,0.0,20.65217391304348,59.42028985507246,21.73913043478261,4.3478260869565215,4.3478260869565215,2.898550724637681,2.898550724637681,4.3478260869565215,62.5,25.0,0.0,12.5,0.0,0.0,0.0,14.492753623188406,0.0,14.492753623188406,66.66666666666666,18.84057971014493,0.0,12.5,62.5,25.0,6.159420289855067
E0553,85.71428571428571,5.714285714285714,8.571428571428571,0.0,100.0,0.0,0.0,0.0,14.285714285714288,80.0,8.571428571428571,8.571428571428571,2.857142857142857,0.0,100.0,0.0,0.0,0.0,0.0,20.0,0.0,8.571428571428571,11.428571428571429,8.571428571428571,0.0,2.857142857142857,68.57142857142857,0.0,0.0,100.0,0.0,0.0,0.0,0.0,88.57142857142857,11.428571428571429,80.0,8.571428571428571,0.0,100.0,0.0,0.0,0.0,88.57142857142857
E0554,100.0,0.0,0.0,0.0,100.0,0.0,0.0,0.0,0.0,0.0,2.7777777777777777,97.2222222222222,0.0,0.0,0.0,0.0,100.0,0.0,0.0,2.7777777777777817,33.33333333333333,41.66666666666667,16.666666666666664,0.0,5.555555555555555,2.7777777777777777,0.0,50.0,25.0,25.0,0.0,0.0,0.0,0.0,25.000000000000007,0.0,19.444444444444446,58.333333333333336,22.22222222222222,0.0,50.0,50.0,0.0,30.555555555555557
E0555,5.263157894736842,10.526315789473683,13.157894736842104,71.05263157894737,0.0,0.0,0.0,100.0,28.94736842105263,0.0,94.73684210526316,5.263157894736842,0.0,0.0,0.0,100.0,0.0,0.0,0.0,5.263157894736846,0.0,5.263157894736842,23.684210526315788,50.0,18.421052631578945,0.0,2.631578947368421,0.0,16.666666666666664,33.33333333333333,50.0,0.0,0.0,0.0,21.052631578947363,18.421052631578945,76.31578947368422,5.263157894736842,0.0,0.0,100.0,0.0,0.0,23.684210526315784
E0556,0.0,0.0,100.0,0.0,0.0,0.0,100.0,0.0,0.0,5.714285714285714,8.571428571428571,74.28571428571429,5.714285714285714,5.714285714285714,0.0,25.0,75.0,0.0,0.0,17.142857142857142,40.0,34.285714285714285,17.142857142857142,0.0,2.857142857142857,2.857142857142857,2.857142857142857,0.0,100.0,0.0,0.0,0.0,0.0,0.0,65.71428571428572,0.0,25.71428571428571,62.85714285714285,11.428571428571429,0.0,25.0,75.0,0.0,12.142857142857142
E0557,0.0,0.0,100.0,0.0,0.0,0.0,100.0,0.0,0.0,5.555555555555555,8.333333333333332,8.333333333333332,72.22222222222221,5.555555555555555,0.0,0.0,0.0,100.0,0.0,27.777777777777786,8.333333333333332,5.555555555555555,13.88888888888889,58.333333333333336,11.11111111111111,0.0,2.7777777777777777,0.0,0.0,0.0,50.0,50.0,0.0,0.0,38.888888888888886,88.88888888888889,11.11111111111111,0.0,0.0,100.0,0.0,0.0,0.0,11.111111111111112
E0558,88.40579710144928,2.898550724637681,2.898550724637681,5.797101449275362,100.0,0.0,0.0,0.0,11.594202898550725,0.0,1.4492753623188406,1.4492753623188406,8.695652173913043,88.40579710144928,0.0,0.0,0.0,0.0,100.0,11.594202898550725,1.4492753623188406,2.898550724637681,0.0,13.043478260869565,62.31884057971014,18.84057971014493,1.4492753623188406,0.0,0.0,0.0,16.666666666666664,50.0,33.33333333333333,0.0,18.1159420289855,13.043478260869565,68.11594202898551,18.84057971014493,0.0,16.666666666666664,66.66666666666666,16.666666666666664,0.0,3.6231884057971113
E0559,11.11111111111111,5.555555555555555,77.77777777777779,5.555555555555555,0.0,0.0,50.0,50.0,44.44444444444444,0.0,97.2222222222222,2.7777777777777777,0.0,0.0,0.0,100.0,0.0,0.0,0.0,2.7777777777777817,0.0,5.555555555555555,19.444444444444446,61.11111111111112,11.11111111111111,2.7777777777777777,0.0,0.0,0.0,50.0,50.0,0.0,0.0,0.0,30.555555555555557,22.22222222222222,58.333333333333336,19.444444444444446,0.0,0.0,75.0,25.0,0.0,22.22222222222222
E0560,86.11111111111111,2.7777777777777777,2.7777777777777777,8.333333333333332,75.0,25.0,0.0,0.0,22.22222222222222,0.0,91.66666666666666,2.7777777777777777,5.555555555555555,0.0,0.0,100.0,0.0,0.0,0.0,8.33333333333334,2.7777777777777777,2.7777777777777777,13.88888888888889,58.333333333333336,16.666666666666664,2.7777777777777777,2.7777777777777777,0.0,0.0,0.0,100.0,0.0,0.0,0.0,41.66666666666666,13.88888888888889,61.11111111111112,25.0,0.0,0.0,75.0,25.0,0.0,13.888888888888888
E0561,5.555555555555555,80.55555555555556,8.333333333333332,5.555555555555555,0.0,100.0,0.0,0.0,19.444444444444443,0.0,2.7777777777777777,5.555555555555555,80.55555555555556,11.11111111111111,0.0,0.0,0.0,100.0,0.0,19.444444444444443,0.0,0.0,5.555555555555555,2.7777777777777777,19.444444444444446,66.66666666666666,5.555555555555555,0.0,0.0,0.0,0.0,0.0,100.0,0.0,33.333333333333336,80.55555555555556,19.444444444444446,0.0,0.0,100.0,0.0,0.0,0.0,19.444444444444443
E0562,8.0,1.3333333333333337,89.33333333333333,1.3333333333333337,20.0,0.0,80.0,0.0,11.999999999999998,81.33333333333333,8.0,8.0,2.666666666666667,0.0,100.0,0.0,0.0,0.0,0.0,18.666666666666668,57.333333333333336,25.333333333333336,5.333333333333334,2.666666666666667,4.0,1.3333333333333337,4.0,80.0,0.0,20.0,0.0,0.0,0.0,0.0,37.33333333333333,0.0,16.0,68.0,16.0,0.0,20.0,80.0,0.0,16.0
E0563,10.0,10.0,70.0,10.0,0.0,0.0,50.0,50.0,40.0,0.0,0.0,0.0,5.0,95.0,0.0,0.0,0.0,0.0,100.0,5.0,20.0,45.0,15.0,0.0,5.0,5.0,10.0,0.0,50.0,0.0,0.0,0.0,0.0,50.0,45.0,95.0,5.0,0.0,0.0,100.0,0.0,0.0,0.0,5.0
E0565,0.0,3.125,93.75,3.125,0.0,0.0,100.0,0.0,6.25,3.125,3.125,6.25,12.5,75.0,0.0,0.0,0.0,0.0,100.0,25.0,0.0,0.0,12.5,0.0,9.375,6.25,71.875,0.0,0.0,0.0,0.0,0.0,0.0,100.0,28.125,25.0,50.0,25.0,0.0,0.0,100.0,0.0,0.0,50.0
E0566,87.8048780487805,4.878048780487805,0.0,7.317073170731707,100.0,0.0,0.0,0.0,12.195121951219509,9.75609756097561,70.73170731707317,9.75609756097561,4.878048780487805,4.878048780487805,33.33333333333333,66.66666666666666,0.0,0.0,0.0,23.577235772357724,17.073170731707318,48.78048780487805,24.390243902439025,0.0,4.878048780487805,4.878048780487805,0.0,0.0,66.66666666666666,0.0,0.0,0.0,33.33333333333333,0.0,46.34146341463414,26.82926829268293,60.97560975609756,12.195121951219512,0.0,100.0,0.0,0.0,0.0,73.17073170731707
E0567,5.405405405405405,0.0,94.5945945945946,0.0,0.0,0.0,100.0,0.0,5.405405405405404,0.0,2.702702702702702,0.0,5.405405405405405,91.8918918918919,0.0,0.0,0.0,0.0,100.0,8.108108108108103,5.405405405405405,2.702702702702702,18.91891891891892,48.64864864864865,18.91891891891892,0.0,5.405405405405405,0.0,0.0,0.0,50.0,50.0,0.0,0.0,32.43243243243243,21.62162162162162,67.56756756756756,10.81081081081081,0.0,0.0,100.0,0.0,0.0,32.432432432432435
E0568,5.88235294117647,89.70588235294117,0.0,4.411764705882353,0.0,100.0,0.0,0.0,10.294117647058826,0.0,5.88235294117647,86.76470588235294,4.411764705882353,2.941176470588235,0.0,0.0,100.0,0.0,0.0,13.23529411764706,0.0,4.411764705882353,26.47058823529412,50.0,16.176470588235293,2.941176470588235,0.0,0.0,0.0,0.0,0.0,100.0,0.0,0.0,83.8235294117647,14.705882352941178,70.58823529411765,14.705882352941178,0.0,0.0,0.0,100.0,0.0,85.29411764705883
E0569,86.11111111111111,5.555555555555555,5.555555555555555,2.7777777777777777,75.0,25.0,0.0,0.0,19.444444444444446,16.666666666666664,66.66666666666666,8.333333333333332,5.555555555555555,2.7777777777777777,25.0,50.0,25.0,0.0,0.0,25.0,13.88888888888889,72.22222222222221,5.555555555555555,0.0,5.555555555555555,2.7777777777777777,0.0,0.0,75.0,0.0,0.0,25.0,0.0,0.0,22.222222222222225,75.0,25.0,0.0,0.0,50.0,50.0,0.0,0.0,25.0
E0570,1.5873015873015872,4.761904761904762,4.761904761904762,88.88888888888889,16.666666666666664,0.0,0.0,83.33333333333334,15.079365079365072,0.0,0.0,6.349206349206349,9.523809523809524,84.12698412698413,0.0,0.0,0.0,16.666666666666664,83.33333333333334,7.142857142857137,28.57142857142857,47.61904761904761,12.698412698412698,6.349206349206349,3.1746031746031744,0.0,1.5873015873015872,33.33333333333333,50.0,16.666666666666664,0.0,0.0,0.0,0.0,11.111111111111112,87.3015873015873,12.698412698412698,0.0,0.0,83.33333333333334,16.666666666666664,0.0,0.0,3.968253968253964
E0571,5.555555555555555,5.555555555555555,5.555555555555555,83.33333333333334,0.0,0.0,0.0,100.0,16.66666666666666,91.66666666666666,2.7777777777777777,2.7777777777777777,2.7777777777777777,0.0,100.0,0.0,0.0,0.0,0.0,8.33333333333334,19.444444444444446,50.0,25.0,5.555555555555555,0.0,0.0,0.0,0.0,0.0,100.0,0.0,0.0,0.0,0.0,75.0,16.666666666666664,55.55555555555556,27.77777777777778,0.0,0.0,100.0,0.0,0.0,44.44444444444444
E0572,11.363636363636363,0.0,79.54545454545455,9.090909090909092,0.0,0.0,100.0,0.0,20.454545454545453,0.0,6.8181818181818175,77.27272727272727,11.363636363636363,4.545454545454546,0.0,0.0,83.33333333333334,16.666666666666664,0.0,11.36363636363637,0.0,18.181818181818183,47.72727272727273,18.181818181818183,4.545454545454546,9.090909090909092,2.272727272727273,0.0,16.666666666666664,33.33333333333333,50.0,0.0,0.0,0.0,31.818181818181824,0.0,20.454545454545457,56.81818181818182,22.727272727272727,0.0,33.33333333333333,16.666666666666664,50.0,40.15151515151516
E0573,9.090909090909092,0.0,81.81818181818183,9.090909090909092,0.0,0.0,50.0,50.0,40.909090909090914,0.0,0.0,90.9090909090909,0.0,9.090909090909092,0.0,0.0,50.0,0.0,50.0,40.90909090909091,18.181818181818183,27.27272727272727,36.36363636363637,0.0,9.090909090909092,0.0,9.090909090909092,50.0,50.0,0.0,0.0,0.0,0.0,0.0,54.54545454545455,0.0,27.27272727272727,63.63636363636363,9.090909090909092,0.0,50.0,50.0,0.0,22.727272727272727
E0574,6.153846153846154,3.076923076923077,1.5384615384615383,89.23076923076924,25.0,25.0,0.0,50.0,40.76923076923077,63.07692307692307,16.923076923076923,9.230769230769232,4.615384615384616,6.153846153846154,50.0,0.0,0.0,25.0,25.0,39.230769230769226,60.0,26.15384615384616,1.5384615384615383,3.076923076923077,0.0,3.076923076923077,6.153846153846154,75.0,25.0,0.0,0.0,0.0,0.0,0.0,15.000000000000002,76.92307692307693,23.07692307692308,0.0,0.0,50.0,50.0,0.0,0.0,26.923076923076927
E0575,3.333333333333333,3.333333333333333,86.66666666666667,6.666666666666667,0.0,0.0,75.0,25.0,18.333333333333336,1.6666666666666667,0.0,1.6666666666666667,3.333333333333333,93.33333333333331,0.0,0.0,0.0,0.0,100.0,6.66666666666667,1.6666666666666667,0.0,1.6666666666666667,5.0,31.666666666666664,56.66666666666666,3.333333333333333,0.0,0.0,0.0,0.0,25.0,75.0,0.0,18.333333333333336,20.0,60.0,20.0,0.0,50.0,25.0,25.0,0.0,35.0
E0576,0.0,0.0,11.11111111111111,88.88888888888889,0.0,0.0,100.0,0.0,88.88888888888889,0.0,0.0,11.11111111111111,88.88888888888889,0.0,0.0,0.0,0.0,100.0,0.0,11.111111111111112,22.22222222222222,11.11111111111111,0.0,0.0,0.0,0.0,66.66666666666666,0.0,0.0,0.0,0.0,0.0,0.0,100.0,33.333333333333336,100.0,0.0,0.0,0.0,100.0,0.0,0.0,0.0,0.0
E0578,96.96969696969695,0.0,1.5151515151515151,1.5151515151515151,85.71428571428571,0.0,0.0,14.285714285714285,12.770562770562773,0.0,1.5151515151515151,3.0303030303030303,0.0,95.45454545454544,0.0,0.0,0.0,0.0,100.0,4.545454545454546,33.33333333333333,36.36363636363637,19.696969696969692,3.0303030303030303,1.5151515151515151,3.0303030303030303,3.0303030303030303,42.85714285714285,14.285714285714285,42.85714285714285,0.0,0.0,0.0,0.0,32.683982683982684,12.12121212121212,74.24242424242425,13.636363636363637,0.0,14.285714285714285,57.14285714285714,28.57142857142857,0.0,17.099567099567103
E0579,89.74358974358975,0.0,5.128205128205128,5.128205128205128,85.71428571428571,0.0,14.285714285714285,0.0,9.157509157509164,91.02564102564102,6.41025641025641,2.564102564102564,0.0,0.0,85.71428571428571,14.285714285714285,0.0,0.0,0.0,7.875457875457877,66.66666666666666,16.666666666666664,6.41025641025641,2.564102564102564,1.282051282051282,2.564102564102564,3.8461538461538463,57.14285714285714,28.57142857142857,0.0,0.0,0.0,0.0,14.285714285714285,22.34432234432234,23.07692307692308,57.692307692307686,19.230769230769237,0.0,14.285714285714285,85.71428571428571,0.0,0.0,28.021978021978025
E0580,0.0,1.818181818181818,5.454545454545454,92.72727272727272,0.0,0.0,0.0,100.0,7.272727272727277,76.36363636363637,10.909090909090908,5.454545454545454,7.272727272727272,0.0,80.0,20.0,0.0,0.0,0.0,12.727272727272725,1.818181818181818,5.454545454545454,21.818181818181817,40.0,23.63636363636364,3.636363636363636,3.636363636363636,0.0,20.0,20.0,40.0,20.0,0.0,0.0,14.545454545454543,80.0,20.0,0.0,0.0,60.0,40.0,0.0,0.0,20.0
E0581,3.508771929824561,3.508771929824561,10.526315789473683,82.45614035087719,9.090909090909092,0.0,9.090909090909092,81.81818181818183,5.582137161084524,0.0,89.47368421052632,1.7543859649122806,3.508771929824561,5.263157894736842,0.0,81.81818181818183,0.0,9.090909090909092,9.090909090909092,9.409888357256774,7.017543859649122,1.7543859649122806,1.7543859649122806,29.82456140350877,38.59649122807017,15.789473684210526,5.263157894736842,0.0,9.090909090909092,0.0,9.090909090909092,45.45454545454545,27.27272727272727,9.090909090909092,29.505582137161085,14.035087719298245,59.64912280701754,26.31578947368421,0.0,9.090909090909092,63.63636363636363,27.27272727272727,0.0,4.944178628389153
E0582,5.172413793103448,3.4482758620689653,89.65517241379311,1.7241379310344829,25.0,0.0,75.0,0.0,19.827586206896555,1.7241379310344829,1.7241379310344829,3.4482758620689653,5.172413793103448,87.93103448275862,0.0,0.0,0.0,0.0,100.0,12.06896551724138,72.41379310344827,20.689655172413797,1.7241379310344829,3.4482758620689653,0.0,0.0,1.7241379310344829,75.0,0.0,0.0,25.0,0.0,0.0,0.0,24.137931034482765,84.48275862068965,15.517241379310343,0.0,0.0,75.0,25.0,0.0,0.0,9.482758620689651
E0583,7.894736842105263,0.0,89.47368421052632,2.631578947368421,0.0,0.0,100.0,0.0,10.526315789473683,2.631578947368421,2.631578947368421,3.947368421052632,84.21052631578947,6.578947368421052,0.0,0.0,0.0,66.66666666666666,33.33333333333333,26.75438596491228,23.684210526315788,46.05263157894737,19.73684210526316,3.947368421052632,3.947368421052632,0.0,2.631578947368421,0.0,66.66666666666666,33.33333333333333,0.0,0.0,0.0,0.0,34.210526315789465,0.0,14.473684210526317,68.42105263157895,17.105263157894736,0.0,0.0,66.66666666666666,33.33333333333333,16.228070175438596
E0584,21.428571428571427,9.523809523809524,57.14285714285714,11.904761904761903,33.33333333333333,0.0,66.66666666666666,0.0,21.428571428571423,4.761904761904762,88.09523809523809,2.380952380952381,0.0,4.761904761904762,0.0,100.0,0.0,0.0,0.0,11.904761904761909,0.0,4.761904761904762,2.380952380952381,28.57142857142857,40.47619047619048,21.428571428571427,2.380952380952381,0.0,0.0,0.0,33.33333333333333,33.33333333333333,33.33333333333333,0.0,16.666666666666664,0.0,21.428571428571427,66.66666666666666,11.904761904761903,0.0,0.0,100.0,0.0,33.333333333333336
E0585,45.45454545454545,18.181818181818183,9.090909090909092,27.27272727272727,100.0,0.0,0.0,0.0,54.54545454545455,90.9090909090909,0.0,9.090909090909092,0.0,0.0,100.0,0.0,0.0,0.0,0.0,9.090909090909092,9.090909090909092,9.090909090909092,27.27272727272727,45.45454545454545,9.090909090909092,0.0,0.0,50.0,0.0,50.0,0.0,0.0,0.0,0.0,63.63636363636364,90.9090909090909,9.090909090909092,0.0,0.0,50.0,50.0,0.0,0.0,40.90909090909091
E0587,83.33333333333334,2.380952380952381,2.380952380952381,11.904761904761903,50.0,0.0,0.0,50.0,38.0952380952381,85.71428571428571,11.904761904761903,2.380952380952381,0.0,0.0,100.0,0.0,0.0,0.0,0.0,14.285714285714288,2.380952380952381,2.380952380952381,19.047619047619047,50.0,19.047619047619047,2.380952380952381,4.761904761904762,0.0,0.0,0.0,100.0,0.0,0.0,0.0,50.0,0.0,7.142857142857142,69.04761904761905,23.809523809523807,0.0,0.0,100.0,0.0,30.95238095238095
E0588,1.818181818181818,1.818181818181818,96.36363636363636,0.0,0.0,0.0,100.0,0.0,3.6363636363636394,1.818181818181818,0.0,7.272727272727272,9.090909090909092,81.81818181818183,0.0,0.0,0.0,33.33333333333333,66.66666666666666,24.24242424242425,18.181818181818183,45.45454545454545,23.63636363636364,3.636363636363636,3.636363636363636,0.0,5.454545454545454,33.33333333333333,33.33333333333333,33.33333333333333,0.0,0.0,0.0,0.0,24.84848484848484,0.0,14.545454545454543,74.54545454545455,10.909090909090908,0.0,33.33333333333333,33.33333333333333,33.33333333333333,41.21212121212121
E0589,82.92682926829268,2.4390243902439024,7.317073170731707,7.317073170731707,100.0,0.0,0.0,0.0,17.073170731707318,4.878048780487805,0.0,0.0,9.75609756097561,85.36585365853658,0.0,0.0,0.0,0.0,100.0,14.634146341463415,24.390243902439025,46.34146341463415,21.951219512195124,2.4390243902439024,0.0,2.4390243902439024,2.4390243902439024,0.0,66.66666666666666,16.666666666666664,0.0,0.0,0.0,16.666666666666664,34.55284552845528,19.51219512195122,60.97560975609756,19.51219512195122,0.0,16.666666666666664,66.66666666666666,16.666666666666664,0.0,5.691056910569103
E0590,0.0,5.405405405405405,89.1891891891892,5.405405405405405,0.0,28.57142857142857,71.42857142857143,0.0,23.16602316602317,8.108108108108109,75.67567567567568,8.108108108108109,5.405405405405405,2.702702702702702,0.0,85.71428571428571,14.285714285714285,0.0,0.0,16.21621621621621,0.0,2.702702702702702,2.702702702702702,13.513513513513514,62.16216216216216,16.216216216216218,2.702702702702702,0.0,0.0,0.0,14.285714285714285,71.42857142857143,14.285714285714285,0.0,10.03861003861004,86.48648648648648,13.513513513513514,0.0,0.0,71.42857142857143,28.57142857142857,0.0,0.0,15.057915057915054
E0591,83.75,7.5,3.75,5.0,72.72727272727273,18.181818181818183,0.0,9.090909090909092,14.77272727272727,0.0,0.0,1.25,96.25,2.5,0.0,0.0,0.0,100.0,0.0,3.75,1.25,2.5,2.5,20.0,57.49999999999999,16.25,0.0,0.0,9.090909090909092,0.0,18.181818181818183,63.63636363636363,9.090909090909092,0.0,12.727272727272728,87.5,12.5,0.0,0.0,72.72727272727273,27.27272727272727,0.0,0.0,14.772727272727268
E0592,79.41176470588235,11.76470588235294,8.823529411764707,0.0,66.66666666666666,33.33333333333333,0.0,0.0,21.568627450980397,2.941176470588235,85.29411764705883,11.76470588235294,0.0,0.0,0.0,33.33333333333333,66.66666666666666,0.0,0.0,54.90196078431372,0.0,11.76470588235294,58.82352941176471,23.52941176470588,5.88235294117647,0.0,0.0,0.0,0.0,66.66666666666666,33.33333333333333,0.0,0.0,0.0,17.647058823529402,14.705882352941178,70.58823529411765,14.705882352941178,0.0,33.33333333333333,66.66666666666666,0.0,0.0,18.62745098039216
E0593,1.6129032258064515,1.6129032258064515,93.5483870967742,3.225806451612903,0.0,0.0,100.0,0.0,6.451612903225808,0.0,9.67741935483871,85.48387096774194,4.838709677419355,0.0,0.0,0.0,100.0,0.0,0.0,14.516129032258066,8.064516129032258,3.225806451612903,1.6129032258064515,3.225806451612903,29.03225806451613,48.38709677419355,6.451612903225806,14.285714285714285,0.0,0.0,0.0,42.85714285714285,42.85714285714285,0.0,20.046082949308754,22.58064516129032,66.12903225806451,11.29032258064516,0.0,0.0,100.0,0.0,0.0,33.87096774193549
E0594,3.076923076923077,3.076923076923077,90.76923076923076,3.076923076923077,0.0,12.5,87.5,0.0,9.423076923076923,86.15384615384616,6.153846153846154,1.5384615384615383,6.153846153846154,0.0,87.5,0.0,0.0,12.5,0.0,7.69230769230769,0.0,21.53846153846154,50.76923076923077,20.0,1.5384615384615383,4.615384615384616,1.5384615384615383,0.0,25.0,50.0,12.5,0.0,12.5,0.0,11.346153846153843,78.46153846153847,21.53846153846154,0.0,0.0,75.0,25.0,0.0,0.0,3.4615384615384635
E0595,94.87179487179486,5.128205128205128,0.0,0.0,100.0,0.0,0.0,0.0,5.128205128205133,74.35897435897436,5.128205128205128,5.128205128205128,5.128205128205128,10.256410256410255,100.0,0.0,0.0,0.0,0.0,25.64102564102564,0.0,0.0,5.128205128205128,12.82051282051282,53.84615384615385,28.205128205128204,0.0,0.0,0.0,0.0,0.0,100.0,0.0,0.0,46.15384615384615,7.6923076923076925,71.7948717948718,20.51282051282051,0.0,0.0,0.0,100.0,0.0,79.48717948717949
E0597,12.82051282051282,12.82051282051282,64.1025641025641,10.256410256410255,0.0,0.0,100.0,0.0,35.8974358974359,15.384615384615383,71.7948717948718,5.128205128205128,5.128205128205128,2.564102564102564,0.0,0.0,100.0,0.0,0.0,94.87179487179488,10.256410256410255,0.0,0.0,7.6923076923076925,12.82051282051282,66.66666666666666,2.564102564102564,0.0,0.0,0.0,0.0,0.0,100.0,0.0,33.33333333333334,0.0,10.256410256410255,71.7948717948718,17.94871794871795,0.0,100.0,0.0,0.0,89.74358974358975
E0598,7.246376811594203,84.05797101449275,0.0,8.695652173913043,50.0,50.0,0.0,0.0,42.7536231884058,1.4492753623188406,92.7536231884058,2.898550724637681,2.898550724637681,0.0,0.0,100.0,0.0,0.0,0.0,7.246376811594203,2.898550724637681,5.797101449275362,2.898550724637681,0.0,28.98550724637681,57.971014492753625,1.4492753623188406,0.0,0.0,0.0,0.0,0.0,100.0,0.0,42.028985507246375,23.18840579710145,62.31884057971014,14.492753623188406,0.0,50.0,50.0,0.0,0.0,26.811594202898547
E0599,90.9090909090909,0.0,9.090909090909092,0.0,100.0,0.0,0.0,0.0,9.090909090909092,90.9090909090909,0.0,0.0,0.0,9.090909090909092,100.0,0.0,0.0,0.0,0.0,9.090909090909092,72.72727272727273,18.181818181818183,0.0,9.090909090909092,0.0,0.0,0.0,0.0,100.0,0.0,0.0,0.0,0.0,0.0,81.81818181818183,100.0,0.0,0.0,0.0,100.0,0.0,0.0,0.0,0.0
E0600,8.695652173913043,85.5072463768116,4.3478260869565215,1.4492753623188406,25.0,75.0,0.0,0.0,16.304347826086957,10.144927536231885,68.11594202898551,10.144927536231885,7.246376811594203,4.3478260869565215,0.0,50.0,25.0,0.0,25.0,35.507246376811594,5.797101449275362,5.797101449275362,1.4492753623188406,0.0,21.73913043478261,63.76811594202898,1.4492753623188406,0.0,0.0,0.0,0.0,50.0,50.0,0.0,28.260869565217387,14.492753623188406,68.11594202898551,17.391304347826086,0.0,0.0,50.0,50.0,0.0,32.60869565217392
E0601,0.0,0.0,100.0,0.0,0.0,0.0,100.0,0.0,0.0,0.0,4.0,0.0,0.0,96.0,0.0,0.0,0.0,0.0,100.0,4.0,8.0,0.0,8.0,16.0,48.0,20.0,0.0,0.0,0.0,0.0,0.0,100.0,0.0,0.0,52.0,4.0,80.0,16.0,0.0,0.0,100.0,0.0,0.0,20.0
E0602,90.0,4.285714285714286,1.4285714285714286,4.285714285714286,100.0,0.0,0.0,0.0,10.0,4.285714285714286,0.0,5.714285714285714,2.857142857142857,87.14285714285714,0.0,0.0,0.0,0.0,100.0,12.85714285714286,2.857142857142857,2.857142857142857,2.857142857142857,12.857142857142856,52.85714285714286,24.285714285714285,1.4285714285714286,0.0,33.33333333333333,0.0,33.33333333333333,33.33333333333333,0.0,0.0,50.95238095238096,0.0,17.142857142857142,67.14285714285714,15.714285714285714,0.0,33.33333333333333,33.33333333333333,33.33333333333333,33.80952380952381
E0603,5.714285714285714,2.857142857142857,8.571428571428571,82.85714285714286,0.0,0.0,50.0,50.0,41.42857142857143,5.714285714285714,71.42857142857143,14.285714285714285,8.571428571428571,0.0,0.0,100.0,0.0,0.0,0.0,28.57142857142857,28.57142857142857,51.42857142857142,14.285714285714285,0.0,0.0,2.857142857142857,2.857142857142857,0.0,100.0,0.0,0.0,0.0,0.0,0.0,48.57142857142857,20.0,60.0,20.0,0.0,0.0,100.0,0.0,0.0,40.0
E0604,98.4126984126984,1.5873015873015872,0.0,0.0,100.0,0.0,0.0,0.0,1.5873015873015914,65.07936507936508,17.46031746031746,7.936507936507936,4.761904761904762,4.761904761904762,0.0,100.0,0.0,0.0,0.0,82.53968253968253,3.1746031746031744,6.349206349206349,1.5873015873015872,23.809523809523807,38.095238095238095,23.809523809523807,3.1746031746031744,0.0,0.0,0.0,0.0,50.0,50.0,0.0,38.095238095238095,15.873015873015872,60.31746031746032,23.809523809523807,0.0,0.0,100.0,0.0,0.0,39.68253968253968
E0605,88.09523809523809,4.761904761904762,4.761904761904762,2.380952380952381,66.66666666666666,33.33333333333333,0.0,0.0,28.57142857142857,7.142857142857142,90.47619047619048,0.0,0.0,2.380952380952381,0.0,100.0,0.0,0.0,0.0,9.52380952380952,0.0,2.380952380952381,7.142857142857142,0.0,14.285714285714285,71.42857142857143,4.761904761904762,0.0,0.0,0.0,0.0,33.33333333333333,66.66666666666666,0.0,19.04761904761905,14.285714285714285,69.04761904761905,16.666666666666664,0.0,0.0,100.0,0.0,0.0,30.95238095238095
E0606,6.349206349206349,0.0,90.47619047619048,3.1746031746031744,0.0,0.0,100.0,0.0,9.52380952380952,7.936507936507936,76.19047619047619,7.936507936507936,4.761904761904762,3.1746031746031744,33.33333333333333,66.66666666666666,0.0,0.0,0.0,25.3968253968254,19.047619047619047,50.79365079365079,17.46031746031746,3.1746031746031744,3.1746031746031744,4.761904761904762,1.5873015873015872,0.0,66.66666666666666,33.33333333333333,0.0,0.0,0.0,0.0,31.746031746031743,23.809523809523807,58.730158730158735,17.46031746031746,0.0,33.33333333333333,33.33333333333333,33.33333333333333,0.0,25.3968253968254
E0607,0.0,0.0,97.14285714285714,2.857142857142857,0.0,0.0,100.0,0.0,2.8571428571428594,2.857142857142857,82.85714285714286,8.571428571428571,2.857142857142857,2.857142857142857,0.0,0.0,0.0,0.0,100.0,97.14285714285714,2.857142857142857,5.714285714285714,2.857142857142857,0.0,14.285714285714285,2.857142857142857,71.42857142857143,0.0,0.0,0.0,0.0,0.0,0.0,100.0,28.57142857142857,0.0,17.142857142857142,74.28571428571429,8.571428571428571,0.0,100.0,0.0,0.0,82.85714285714288
E0609,5.405405405405405,2.702702702702702,91.8918918918919,0.0,0.0,25.0,75.0,0.0,22.297297297297305,2.702702702702702,0.0,0.0,8.108108108108109,89.1891891891892,25.0,0.0,0.0,0.0,75.0,22.2972972972973,56.75675675675676,27.027027027027028,0.0,8.108108108108109,2.702702702702702,0.0,5.405405405405405,50.0,25.0,0.0,25.0,0.0,0.0,0.0,16.89189189189189,13.513513513513514,67.56756756756756,18.91891891891892,0.0,25.0,25.0,50.0,0.0,42.567567567567565
E0610,3.125,1.5625,95.3125,0.0,0.0,0.0,100.0,0.0,4.6875,1.5625,1.5625,10.9375,82.8125,3.125,0.0,0.0,0.0,100.0,0.0,17.1875,1.5625,17.1875,45.3125,25.0,6.25,4.6875,0.0,0.0,0.0,0.0,100.0,0.0,0.0,0.0,75.0,82.8125,17.1875,0.0,0.0,100.0,0.0,0.0,0.0,17.1875
E0613,0.0,16.666666666666664,83.33333333333334,0.0,0.0,100.0,0.0,0.0,83.33333333333334,0.0,66.66666666666666,16.666666666666664,16.666666666666664,0.0,0.0,0.0,100.0,0.0,0.0,83.33333333333333,100.0,0.0,0.0,0.0,0.0,0.0,0.0,100.0,0.0,0.0,0.0,0.0,0.0,0.0,0.0,0.0,0.0,83.33333333333334,16.666666666666664,0.0,0.0,100.0,0.0,16.66666666666666
E0614,91.8032786885246,1.639344262295082,3.278688524590164,3.278688524590164,83.33333333333334,0.0,16.666666666666664,0.0,13.387978142076497,3.278688524590164,3.278688524590164,83.60655737704919,4.918032786885246,4.918032786885246,0.0,0.0,83.33333333333334,0.0,16.666666666666664,11.748633879781416,3.278688524590164,1.639344262295082,1.639344262295082,4.918032786885246,4.918032786885246,6.557377049180328,77.04918032786885,33.33333333333333,0.0,16.666666666666664,0.0,0.0,0.0,50.0,45.08196721311475,14.754098360655735,67.21311475409836,18.0327868852459,0.0,33.33333333333333,50.0,16.666666666666664,0.0,18.57923497267759
E0615,4.166666666666666,4.166666666666666,8.333333333333332,83.33333333333334,0.0,0.0,0.0,100.0,16.66666666666666,2.083333333333333,0.0,97.91666666666666,0.0,0.0,0.0,0.0,100.0,0.0,0.0,2.083333333333338,58.333333333333336,27.08333333333333,2.083333333333333,8.333333333333332,4.166666666666666,0.0,0.0,85.71428571428571,0.0,0.0,14.285714285714285,0.0,0.0,0.0,33.333333333333336,14.583333333333334,77.08333333333334,8.333333333333332,0.0,28.57142857142857,57.14285714285714,14.285714285714285,0.0,19.9404761904762
E0616,85.71428571428571,2.380952380952381,7.142857142857142,4.761904761904762,100.0,0.0,0.0,0.0,14.285714285714288,88.09523809523809,2.380952380952381,7.142857142857142,0.0,2.380952380952381,100.0,0.0,0.0,0.0,0.0,11.904761904761909,71.42857142857143,19.047619047619047,2.380952380952381,2.380952380952381,0.0,4.761904761904762,0.0,100.0,0.0,0.0,0.0,0.0,0.0,0.0,28.57142857142857,0.0,23.809523809523807,57.14285714285714,19.047619047619047,0.0,100.0,0.0,0.0,76.19047619047618
E0617,8.13953488372093,8.13953488372093,74.4186046511628,9.30232558139535,0.0,12.5,87.5,0.0,17.441860465116278,1.162790697674419,0.0,0.0,1.162790697674419,97.67441860465117,0.0,0.0,0.0,0.0,100.0,2.325581395348843,58.13953488372093,23.25581395348837,3.488372093023256,2.3255813953488373,4.651162790697675,3.488372093023256,4.651162790697675,62.5,12.5,0.0,12.5,0.0,0.0,12.5,22.38372093023256,0.0,19.76744186046512,62.7906976744186,17.441860465116278,0.0,12.5,75.0,12.5,12.209302325581396
E0618,95.23809523809524,0.0,2.380952380952381,2.380952380952381,100.0,0.0,0.0,0.0,4.761904761904768,2.380952380952381,4.761904761904762,2.380952380952381,88.09523809523809,2.380952380952381,0.0,0.0,0.0,100.0,0.0,11.904761904761909,0.0,2.380952380952381,21.428571428571427,35.714285714285715,33.33333333333333,7.142857142857142,0.0,0.0,0.0,33.33333333333333,33.33333333333333,33.33333333333333,0.0,0.0,11.904761904761909,83.33333333333334,16.666666666666664,0.0,0.0,66.66666666666666,33.33333333333333,0.0,0.0,16.666666666666675
E0619,90.32258064516128,3.225806451612903,3.225806451612903,3.225806451612903,75.0,0.0,0.0,25.0,21.774193548387093,6.451612903225806,87.09677419354838,6.451612903225806,0.0,0.0,0.0,100.0,0.0,0.0,0.0,12.903225806451616,0.0,3.225806451612903,0.0,3.225806451612903,25.806451612903224,64.51612903225806,3.225806451612903,0.0,0.0,0.0,25.0,0.0,75.0,0.0,32.25806451612903,19.35483870967742,70.96774193548387,9.67741935483871,0.0,25.0,75.0,0.0,0.0,9.677419354838708
E0620,92.85714285714286,2.380952380952381,2.380952380952381,2.380952380952381,100.0,0.0,0.0,0.0,7.1428571428571415,2.380952380952381,4.761904761904762,2.380952380952381,78.57142857142857,11.904761904761903,0.0,50.0,0.0,50.0,0.0,45.238095238095234,2.380952380952381,2.380952380952381,33.33333333333333,52.38095238095239,9.523809523809524,0.0,0.0,0.0,0.0,50.0,50.0,0.0,0.0,0.0,16.66666666666667,14.285714285714285,61.90476190476191,23.809523809523807,0.0,100.0,0.0,0.0,0.0,85.71428571428571
E0621,2.73972602739726,5.47945205479452,4.10958904109589,87.67123287671232,0.0,0.0,0.0,100.0,12.328767123287673,1.36986301369863,0.0,0.0,97.26027397260276,1.36986301369863,0.0,0.0,0.0,100.0,0.0,2.739726027397257,1.36986301369863,2.73972602739726,2.73972602739726,15.068493150684931,52.05479452054794,23.28767123287671,2.73972602739726,0.0,0.0,0.0,16.666666666666664,50.0,33.33333333333333,0.0,11.643835616438352,0.0,12.32876712328767,60.273972602739725,27.3972602739726,0.0,16.666666666666664,66.66666666666666,16.666666666666664,10.73059360730593
E0622,3.125,90.625,3.125,3.125,0.0,100.0,0.0,0.0,9.375,0.0,9.375,3.125,18.75,68.75,0.0,0.0,33.33333333333333,33.33333333333333,33.33333333333333,44.79166666666666,68.75,18.75,6.25,6.25,0.0,0.0,0.0,66.66666666666666,33.33333333333333,0.0,0.0,0.0,0.0,0.0,14.583333333333336,87.5,12.5,0.0,0.0,66.66666666666666,33.33333333333333,0.0,0.0,20.833333333333336
E0623,77.77777777777779,0.0,0.0,22.22222222222222,0.0,0.0,0.0,100.0,77.77777777777777,0.0,0.0,0.0,100.0,0.0,0.0,0.0,0.0,100.0,0.0,0.0,0.0,11.11111111111111,44.44444444444444,11.11111111111111,0.0,11.11111111111111,22.22222222222222,0.0,100.0,0.0,0.0,0.0,0.0,0.0,88.88888888888889,22.22222222222222,77.77777777777779,0.0,0.0,0.0,100.0,0.0,0.0,22.222222222222214
E0624,0.0,6.666666666666667,93.33333333333331,0.0,0.0,0.0,100.0,0.0,6.66666666666667,6.666666666666667,0.0,13.333333333333334,80.0,0.0,100.0,0.0,0.0,0.0,0.0,93.33333333333331,0.0,33.33333333333333,46.66666666666666,6.666666666666667,6.666666666666667,6.666666666666667,0.0,0.0,0.0,100.0,0.0,0.0,0.0,0.0,53.333333333333336,0.0,20.0,66.66666666666666,13.333333333333334,0.0,100.0,0.0,0.0,80.0
E0625,100.0,0.0,0.0,0.0,100.0,0.0,0.0,0.0,0.0,0.0,10.0,90.0,0.0,0.0,0.0,0.0,100.0,0.0,0.0,10.0,0.0,40.0,20.0,30.0,10.0,0.0,0.0,0.0,0.0,50.0,50.0,0.0,0.0,0.0,50.0,90.0,10.0,0.0,0.0,50.0,50.0,0.0,0.0,40.0
E0626,5.633802816901409,8.450704225352112,76.05633802816901,9.859154929577464,0.0,0.0,75.0,25.0,15.140845070422532,0.0,0.0,0.0,1.4084507042253522,98.59154929577466,0.0,0.0,0.0,0.0,100.0,1.4084507042253485,64.7887323943662,14.084507042253522,2.8169014084507045,8.450704225352112,2.8169014084507045,2.8169014084507045,4.225352112676056,100.0,0.0,0.0,0.0,0.0,0.0,0.0,35.21126760563379,15.492957746478872,61.97183098591549,22.53521126760564,0.0,25.0,75.0,0.0,0.0,22.53521126760564
E0627,0.0,0.0,0.0,100.0,0.0,0.0,0.0,100.0,0.0,88.88888888888889,8.333333333333332,2.7777777777777777,0.0,0.0,100.0,0.0,0.0,0.0,0.0,11.111111111111112,2.7777777777777777,13.88888888888889,16.666666666666664,44.44444444444444,22.22222222222222,0.0,0.0,16.666666666666664,0.0,0.0,33.33333333333333,50.0,0.0,0.0,41.66666666666667,16.666666666666664,66.66666666666666,16.666666666666664,0.0,0.0,100.0,0.0,0.0,33.333333333333336
E0628,8.620689655172415,10.344827586206897,72.41379310344827,8.620689655172415,0.0,50.0,50.0,0.0,39.655172413793096,3.4482758620689653,87.93103448275862,3.4482758620689653,3.4482758620689653,1.7241379310344829,0.0,100.0,0.0,0.0,0.0,12.06896551724138,1.7241379310344829,15.517241379310343,50.0,25.86206896551724,0.0,1.7241379310344829,5.172413793103448,0.0,0.0,75.0,25.0,0.0,0.0,0.0,25.0,12.06896551724138,62.06896551724138,25.86206896551724,0.0,0.0,50.0,50.0,0.0,24.13793103448276
E0629,2.631578947368421,0.0,89.47368421052632,7.894736842105263,0.0,0.0,100.0,0.0,10.526315789473683,0.0,2.631578947368421,5.263157894736842,89.47368421052632,2.631578947368421,0.0,0.0,0.0,100.0,0.0,10.526315789473683,0.0,2.631578947368421,5.263157894736842,18.421052631578945,50.0,23.684210526315788,0.0,0.0,0.0,0.0,0.0,100.0,0.0,0.0,50.0,21.052631578947366,57.89473684210527,21.052631578947366,0.0,0.0,100.0,0.0,0.0,42.10526315789473
E0630,0.0,0.0,3.333333333333333,96.66666666666669,0.0,0.0,0.0,100.0,3.3333333333333317,3.333333333333333,90.0,3.333333333333333,0.0,3.333333333333333,0.0,100.0,0.0,0.0,0.0,10.0,6.666666666666667,23.33333333333333,40.0,23.33333333333333,3.333333333333333,3.333333333333333,0.0,0.0,33.33333333333333,33.33333333333333,33.33333333333333,0.0,0.0,0.0,20.0,20.0,70.0,10.0,0.0,0.0,100.0,0.0,0.0,30.0
E0632,2.564102564102564,2.564102564102564,94.87179487179486,0.0,0.0,0.0,100.0,0.0,5.128205128205133,2.564102564102564,92.3076923076923,5.128205128205128,0.0,0.0,0.0,100.0,0.0,0.0,0.0,7.6923076923076925,0.0,0.0,25.64102564102564,38.46153846153847,25.64102564102564,2.564102564102564,7.6923076923076925,0.0,0.0,100.0,0.0,0.0,0.0,0.0,74.35897435897436,12.82051282051282,66.66666666666666,20.51282051282051,0.0,33.33333333333333,33.33333333333333,33.33333333333333,0.0,33.33333333333333
E0633,88.1578947368421,5.263157894736842,1.3157894736842104,5.263157894736842,83.33333333333334,0.0,0.0,16.666666666666664,11.403508771929816,94.73684210526316,2.631578947368421,1.3157894736842104,1.3157894736842104,0.0,100.0,0.0,0.0,0.0,0.0,5.263157894736846,19.73684210526316,55.26315789473685,15.789473684210526,2.631578947368421,5.263157894736842,0.0,1.3157894736842104,33.33333333333333,33.33333333333333,16.666666666666664,0.0,16.666666666666664,0.0,0.0,25.87719298245614,0.0,22.36842105263158,63.1578947368421,14.473684210526317,0.0,50.0,50.0,0.0,27.631578947368418
E0634,2.985074626865672,4.477611940298507,1.4925373134328357,91.04477611940298,0.0,14.285714285714285,14.285714285714285,71.42857142857143,22.601279317697227,7.462686567164178,4.477611940298507,74.6268656716418,10.44776119402985,2.985074626865672,0.0,0.0,85.71428571428571,14.285714285714285,0.0,14.925373134328352,0.0,4.477611940298507,1.4925373134328357,1.4925373134328357,26.86567164179105,64.17910447761194,1.4925373134328357,0.0,0.0,14.285714285714285,0.0,28.57142857142857,57.14285714285714,0.0,14.498933901918978,0.0,10.44776119402985,64.17910447761194,25.37313432835821,0.0,14.285714285714285,71.42857142857143,14.285714285714285,11.087420042643924
E0635,2.564102564102564,5.128205128205128,89.74358974358975,2.564102564102564,0.0,0.0,100.0,0.0,10.256410256410252,0.0,0.0,5.128205128205128,92.3076923076923,2.564102564102564,0.0,0.0,0.0,100.0,0.0,7.6923076923076925,2.564102564102564,2.564102564102564,12.82051282051282,64.1025641025641,17.94871794871795,0.0,0.0,0.0,0.0,0.0,100.0,0.0,0.0,0.0,35.8974358974359,89.74358974358975,10.256410256410255,0.0,0.0,100.0,0.0,0.0,0.0,10.256410256410252
E0636,9.090909090909092,9.090909090909092,6.0606060606060606,75.75757575757575,0.0,0.0,0.0,100.0,24.24242424242425,87.87878787878788,9.090909090909092,3.0303030303030303,0.0,0.0,100.0,0.0,0.0,0.0,0.0,12.121212121212125,21.21212121212121,60.60606060606061,9.090909090909092,3.0303030303030303,3.0303030303030303,0.0,3.0303030303030303,0.0,100.0,0.0,0.0,0.0,0.0,0.0,39.39393939393939,63.63636363636363,36.36363636363637,0.0,0.0,0.0,100.0,0.0,0.0,63.63636363636363
E0637,10.0,10.0,80.0,0.0,0.0,0.0,100.0,0.0,20.0,10.0,90.0,0.0,0.0,0.0,0.0,100.0,0.0,0.0,0.0,10.0,0.0,0.0,0.0,10.0,10.0,0.0,80.0,0.0,0.0,0.0,0.0,0.0,0.0,100.0,20.0,0.0,60.0,40.0,0.0,0.0,100.0,0.0,0.0,40.0
E0638,7.894736842105263,0.0,2.631578947368421,89.47368421052632,0.0,0.0,0.0,100.0,10.526315789473683,0.0,0.0,2.631578947368421,94.73684210526316,2.631578947368421,0.0,0.0,0.0,100.0,0.0,5.263157894736846,0.0,18.421052631578945,52.63157894736842,15.789473684210526,2.631578947368421,5.263157894736842,5.263157894736842,0.0,0.0,66.66666666666666,33.33333333333333,0.0,0.0,0.0,31.578947368421044,23.684210526315788,60.526315789473685,15.789473684210526,0.0,0.0,100.0,0.0,0.0,39.47368421052632
E0639,0.0,6.382978723404255,8.51063829787234,85.1063829787234,0.0,0.0,0.0,100.0,14.893617021276595,4.25531914893617,4.25531914893617,82.97872340425532,4.25531914893617,4.25531914893617,0.0,0.0,66.66666666666666,33.33333333333333,0.0,29.07801418439716,48.93617021276596,27.659574468085108,8.51063829787234,2.127659574468085,6.382978723404255,4.25531914893617,2.127659574468085,100.0,0.0,0.0,0.0,0.0,0.0,0.0,51.06382978723404,17.02127659574468,53.191489361702125,29.78723404255319,0.0,0.0,66.66666666666666,33.33333333333333,0.0,17.021276595744673
E0640,2.5,7.5,72.5,17.5,0.0,33.33333333333333,66.66666666666666,0.0,25.833333333333336,2.5,5.0,15.0,67.5,10.0,0.0,0.0,33.33333333333333,66.66666666666666,0.0,18.333333333333336,0.0,5.0,22.5,47.5,22.5,2.5,0.0,0.0,0.0,33.33333333333333,66.66666666666666,0.0,0.0,0.0,29.999999999999996,10.0,67.5,22.5,0.0,33.33333333333333,33.33333333333333,33.33333333333333,0.0,34.166666666666664
E0641,7.017543859649122,8.771929824561402,77.19298245614034,7.017543859649122,0.0,0.0,100.0,0.0,22.80701754385965,89.47368421052632,5.263157894736842,1.7543859649122806,1.7543859649122806,1.7543859649122806,100.0,0.0,0.0,0.0,0.0,10.526315789473683,19.29824561403509,49.122807017543856,17.543859649122805,3.508771929824561,0.0,8.771929824561402,1.7543859649122806,0.0,25.0,50.0,0.0,0.0,25.0,0.0,48.68421052631578,78.94736842105263,21.052631578947366,0.0,0.0,75.0,25.0,0.0,0.0,3.947368421052632
E0642,6.25,3.125,81.25,9.375,0.0,0.0,100.0,0.0,18.75,1.5625,4.6875,85.9375,6.25,1.5625,0.0,0.0,100.0,0.0,0.0,14.0625,1.5625,3.125,1.5625,26.5625,46.875,20.3125,0.0,0.0,0.0,0.0,100.0,0.0,0.0,0.0,73.4375,85.9375,14.0625,0.0,0.0,100.0,0.0,0.0,0.0,14.0625
E0643,90.32258064516128,3.225806451612903,3.225806451612903,3.225806451612903,80.0,20.0,0.0,0.0,16.774193548387093,3.225806451612903,90.32258064516128,6.451612903225806,0.0,0.0,0.0,100.0,0.0,0.0,0.0,9.677419354838715,3.225806451612903,6.451612903225806,3.225806451612903,9.67741935483871,64.51612903225806,12.903225806451612,0.0,0.0,40.0,0.0,20.0,40.0,0.0,0.0,43.87096774193549,16.129032258064516,70.96774193548387,12.903225806451612,0.0,20.0,60.0,20.0,0.0,10.967741935483872
E0644,85.71428571428571,8.571428571428571,5.714285714285714,0.0,66.66666666666666,33.33333333333333,0.0,0.0,24.761904761904763,0.0,5.714285714285714,91.42857142857144,0.0,2.857142857142857,0.0,0.0,100.0,0.0,0.0,8.571428571428571,0.0,5.714285714285714,5.714285714285714,2.857142857142857,2.857142857142857,8.571428571428571,74.28571428571429,0.0,0.0,0.0,0.0,0.0,33.33333333333333,66.66666666666666,24.761904761904766,8.571428571428571,71.42857142857143,20.0,0.0,33.33333333333333,66.66666666666666,0.0,0.0,24.761904761904766
E0645,85.9375,6.25,4.6875,3.125,100.0,0.0,0.0,0.0,14.0625,3.125,9.375,79.6875,4.6875,3.125,0.0,25.0,75.0,0.0,0.0,15.625,1.5625,21.875,40.625,28.125,3.125,4.6875,0.0,0.0,0.0,50.0,25.0,0.0,25.0,0.0,29.6875,90.625,9.375,0.0,0.0,100.0,0.0,0.0,0.0,9.375
E0646,10.526315789473683,5.263157894736842,77.19298245614034,7.017543859649122,11.11111111111111,0.0,77.77777777777779,11.11111111111111,5.2631578947368505,1.7543859649122806,1.7543859649122806,5.263157894736842,5.263157894736842,85.96491228070175,0.0,0.0,11.11111111111111,0.0,88.88888888888889,8.771929824561402,5.263157894736842,21.052631578947366,49.122807017543856,22.807017543859647,0.0,1.7543859649122806,0.0,0.0,22.22222222222222,33.33333333333333,44.44444444444444,0.0,0.0,0.0,22.80701754385965,14.035087719298245,71.9298245614035,14.035087719298245,0.0,22.22222222222222,77.77777777777779,0.0,0.0,14.03508771929825
E0647,8.823529411764707,2.941176470588235,88.23529411764706,0.0,14.285714285714285,0.0,85.71428571428571,0.0,5.462184873949582,2.941176470588235,2.941176470588235,88.23529411764706,2.941176470588235,2.941176470588235,14.285714285714285,0.0,85.71428571428571,0.0,0.0,11.344537815126053,0.0,0.0,2.941176470588235,26.47058823529412,52.94117647058824,14.705882352941178,2.941176470588235,0.0,0.0,0.0,57.14285714285714,42.85714285714285,0.0,0.0,30.672268907563023,14.705882352941178,70.58823529411765,14.705882352941178,0.0,14.285714285714285,57.14285714285714,28.57142857142857,0.0,13.8655462184874
E0649,5.714285714285714,0.0,88.57142857142857,5.714285714285714,0.0,0.0,100.0,0.0,11.42857142857143,0.0,2.857142857142857,2.857142857142857,94.28571428571428,0.0,0.0,0.0,0.0,100.0,0.0,5.714285714285719,0.0,17.142857142857142,57.14285714285714,20.0,2.857142857142857,2.857142857142857,0.0,0.0,33.33333333333333,66.66666666666666,0.0,0.0,0.0,0.0,25.714285714285708,0.0,5.714285714285714,77.14285714285715,17.142857142857142,0.0,0.0,100.0,0.0,22.85714285714285
E0650,90.9090909090909,0.0,4.545454545454546,4.545454545454546,71.42857142857143,0.0,14.285714285714285,14.285714285714285,19.48051948051948,2.272727272727273,93.18181818181816,4.545454545454546,0.0,0.0,0.0,100.0,0.0,0.0,0.0,6.818181818181824,2.272727272727273,11.363636363636363,56.81818181818182,25.0,0.0,4.545454545454546,0.0,0.0,28.57142857142857,57.14285714285714,0.0,0.0,14.285714285714285,0.0,27.27272727272727,13.636363636363637,70.45454545454545,15.909090909090908,0.0,0.0,85.71428571428571,14.285714285714285,0.0,15.259740259740257
E0652,80.85106382978722,6.382978723404255,6.382978723404255,6.382978723404255,100.0,0.0,0.0,0.0,19.14893617021277,4.25531914893617,0.0,0.0,89.36170212765957,6.382978723404255,0.0,0.0,0.0,100.0,0.0,10.638297872340427,4.25531914893617,14.893617021276595,68.08510638297872,10.638297872340424,0.0,2.127659574468085,0.0,0.0,0.0,40.0,60.0,0.0,0.0,0.0,49.36170212765957,25.53191489361702,51.06382978723404,23.404255319148938,0.0,0.0,60.0,40.0,0.0,25.53191489361702
E0653,1.36986301369863,5.47945205479452,87.67123287671232,5.47945205479452,0.0,0.0,100.0,0.0,12.328767123287674,83.56164383561644,6.849315068493151,5.47945205479452,2.73972602739726,1.36986301369863,60.0,20.0,0.0,20.0,0.0,30.410958904109584,2.73972602739726,1.36986301369863,4.10958904109589,2.73972602739726,24.65753424657534,60.273972602739725,4.10958904109589,0.0,0.0,0.0,0.0,20.0,60.0,20.0,15.89041095890411,15.068493150684931,73.97260273972603,10.95890410958904,0.0,40.0,60.0,0.0,0.0,24.93150684931507
E0654,0.0,100.0,0.0,0.0,0.0,100.0,0.0,0.0,0.0,0.0,0.0,2.0,92.0,6.0,0.0,0.0,0.0,75.0,25.0,19.0,4.0,6.0,6.0,0.0,20.0,64.0,0.0,25.0,0.0,0.0,0.0,25.0,50.0,0.0,26.0,18.0,60.0,22.0,0.0,0.0,75.0,25.0,0.0,18.0
E0655,84.375,6.25,0.0,9.375,50.0,33.33333333333333,0.0,16.666666666666664,34.375,3.125,3.125,9.375,12.5,71.875,0.0,0.0,0.0,16.666666666666664,83.33333333333334,15.625000000000004,62.5,18.75,0.0,3.125,6.25,3.125,6.25,66.66666666666666,0.0,0.0,0.0,16.666666666666664,16.666666666666664,0.0,28.124999999999996,0.0,18.75,65.625,15.625,0.0,16.666666666666664,50.0,33.33333333333333,17.708333333333332
E0657,81.08108108108108,5.405405405405405,8.108108108108109,5.405405405405405,0.0,100.0,0.0,0.0,94.5945945945946,78.37837837837837,5.405405405405405,8.108108108108109,5.405405405405405,2.702702702702702,100.0,0.0,0.0,0.0,0.0,21.621621621621625,16.216216216216218,59.45945945945946,13.513513513513514,0.0,2.702702702702702,5.405405405405405,2.702702702702702,0.0,100.0,0.0,0.0,0.0,0.0,0.0,40.54054054054055,0.0,10.81081081081081,59.45945945945946,29.72972972972973,0.0,0.0,100.0,0.0,40.54054054054054
E0659,5.88235294117647,11.76470588235294,82.35294117647058,0.0,0.0,0.0,100.0,0.0,17.647058823529413,11.76470588235294,73.52941176470588,5.88235294117647,2.941176470588235,5.88235294117647,33.33333333333333,50.0,16.666666666666664,0.0,0.0,32.35294117647058,61.76470588235294,26.47058823529412,0.0,2.941176470588235,2.941176470588235,5.88235294117647,0.0,50.0,50.0,0.0,0.0,0.0,0.0,0.0,23.52941176470588,88.23529411764706,11.76470588235294,0.0,0.0,100.0,0.0,0.0,0.0,11.764705882352942
E0660,87.87878787878788,6.0606060606060606,0.0,6.0606060606060606,100.0,0.0,0.0,0.0,12.121212121212125,0.0,6.0606060606060606,15.151515151515152,66.66666666666666,12.12121212121212,0.0,0.0,0.0,100.0,0.0,33.333333333333336,0.0,3.0303030303030303,30.303030303030305,39.39393939393939,18.181818181818183,6.0606060606060606,3.0303030303030303,0.0,0.0,100.0,0.0,0.0,0.0,0.0,69.69696969696969,24.24242424242424,63.63636363636363,12.12121212121212,0.0,0.0,100.0,0.0,0.0,36.36363636363637
E0661,0.0,2.564102564102564,97.43589743589745,0.0,0.0,0.0,100.0,0.0,2.5641025641025665,2.564102564102564,5.128205128205128,7.6923076923076925,76.92307692307693,7.6923076923076925,0.0,0.0,33.33333333333333,66.66666666666666,0.0,25.64102564102565,46.15384615384615,35.8974358974359,2.564102564102564,2.564102564102564,2.564102564102564,5.128205128205128,5.128205128205128,66.66666666666666,33.33333333333333,0.0,0.0,0.0,0.0,0.0,20.512820512820504,23.07692307692308,64.1025641025641,12.82051282051282,0.0,0.0,66.66666666666666,33.33333333333333,0.0,23.076923076923077
E0662,7.317073170731707,0.0,91.46341463414636,1.2195121951219512,50.0,0.0,50.0,0.0,42.6829268292683,6.097560975609756,7.317073170731707,17.073170731707318,59.7560975609756,9.75609756097561,0.0,0.0,50.0,50.0,0.0,32.92682926829268,1.2195121951219512,1.2195121951219512,20.73170731707317,47.5609756097561,23.170731707317078,4.878048780487805,1.2195121951219512,0.0,0.0,0.0,50.0,50.0,0.0,0.0,29.268292682926827,21.951219512195124,56.09756097560976,21.951219512195124,0.0,0.0,0.0,100.0,0.0,78.04878048780489
E0663,95.23809523809524,0.0,0.0,4.761904761904762,83.33333333333334,0.0,0.0,16.666666666666664,11.904761904761893,2.380952380952381,69.04761904761905,11.904761904761903,11.904761904761903,4.761904761904762,0.0,66.66666666666666,16.666666666666664,16.666666666666664,0.0,9.523809523809527,11.904761904761903,54.761904761904766,21.428571428571427,0.0,0.0,9.523809523809524,2.380952380952381,0.0,66.66666666666666,16.666666666666664,0.0,0.0,16.666666666666664,0.0,19.04761904761904,19.047619047619047,64.28571428571429,16.666666666666664,0.0,16.666666666666664,50.0,33.33333333333333,0.0,16.66666666666667
E0664,91.66666666666666,0.0,8.333333333333332,0.0,100.0,0.0,0.0,0.0,8.333333333333337,0.0,0.0,83.33333333333334,0.0,16.666666666666664,0.0,0.0,100.0,0.0,0.0,16.66666666666666,0.0,0.0,0.0,8.333333333333332,75.0,16.666666666666664,0.0,0.0,0.0,0.0,0.0,100.0,0.0,0.0,25.0,100.0,0.0,0.0,0.0,100.0,0.0,0.0,0.0,0.0
E0665,95.23809523809524,0.0,2.380952380952381,2.380952380952381,100.0,0.0,0.0,0.0,4.761904761904768,4.761904761904762,7.142857142857142,0.0,4.761904761904762,83.33333333333334,0.0,0.0,0.0,0.0,100.0,16.666666666666664,30.952380952380956,42.85714285714285,19.047619047619047,2.380952380952381,0.0,0.0,4.761904761904762,0.0,100.0,0.0,0.0,0.0,0.0,0.0,57.142857142857146,0.0,14.285714285714285,64.28571428571429,21.428571428571427,0.0,33.33333333333333,33.33333333333333,33.33333333333333,30.95238095238096
E0667,10.0,17.5,62.5,10.0,0.0,25.0,75.0,0.0,20.0,2.5,5.0,87.5,5.0,0.0,0.0,0.0,100.0,0.0,0.0,12.5,22.5,47.5,25.0,0.0,0.0,5.0,0.0,25.0,25.0,25.0,0.0,0.0,25.0,0.0,22.5,0.0,25.0,55.00000000000001,20.0,0.0,25.0,50.0,25.0,5.000000000000004
E0669,2.857142857142857,91.42857142857144,1.4285714285714286,4.285714285714286,0.0,75.0,12.5,12.5,19.28571428571429,4.285714285714286,7.142857142857142,80.0,7.142857142857142,1.4285714285714286,0.0,0.0,100.0,0.0,0.0,20.0,4.285714285714286,2.857142857142857,2.857142857142857,1.4285714285714286,37.142857142857146,51.42857142857142,0.0,12.5,0.0,0.0,0.0,75.0,12.5,0.0,46.07142857142857,0.0,15.714285714285714,67.14285714285714,17.142857142857142,0.0,12.5,87.5,0.0,20.35714285714286
E0670,94.5945945945946,1.351351351351351,1.351351351351351,2.702702702702702,100.0,0.0,0.0,0.0,5.405405405405404,83.78378378378379,6.756756756756757,6.756756756756757,1.351351351351351,1.351351351351351,83.33333333333334,0.0,0.0,0.0,16.666666666666664,15.315315315315312,59.45945945945946,29.72972972972973,5.405405405405405,2.702702702702702,1.351351351351351,1.351351351351351,0.0,83.33333333333334,16.666666666666664,0.0,0.0,0.0,0.0,0.0,23.87387387387388,9.45945945945946,75.67567567567568,14.864864864864863,0.0,0.0,50.0,50.0,0.0,35.13513513513514
E0671,4.10958904109589,87.67123287671232,2.73972602739726,5.47945205479452,0.0,75.0,12.5,12.5,16.78082191780822,1.36986301369863,1.36986301369863,5.47945205479452,87.67123287671232,4.10958904109589,0.0,0.0,0.0,100.0,0.0,12.328767123287674,2.73972602739726,4.10958904109589,2.73972602739726,1.36986301369863,17.80821917808219,68.4931506849315,2.73972602739726,12.5,0.0,0.0,0.0,50.0,25.0,12.5,51.71232876712328,15.068493150684931,72.6027397260274,12.32876712328767,0.0,25.0,50.0,25.0,0.0,22.6027397260274
E0672,2.985074626865672,4.477611940298507,0.0,92.53731343283582,0.0,0.0,0.0,100.0,7.462686567164181,94.02985074626866,1.4925373134328357,1.4925373134328357,1.4925373134328357,1.4925373134328357,100.0,0.0,0.0,0.0,0.0,5.970149253731339,1.4925373134328357,2.985074626865672,20.8955223880597,49.25373134328358,20.8955223880597,2.985074626865672,1.4925373134328357,0.0,0.0,33.33333333333333,33.33333333333333,33.33333333333333,0.0,0.0,24.875621890547254,0.0,17.91044776119403,61.19402985074627,20.8955223880597,0.0,33.33333333333333,66.66666666666666,0.0,20.895522388059696
E0673,94.54545454545456,3.636363636363636,0.0,1.818181818181818,83.33333333333334,16.666666666666664,0.0,0.0,13.030303030303024,1.818181818181818,5.454545454545454,9.090909090909092,7.272727272727272,76.36363636363637,0.0,0.0,16.666666666666664,0.0,83.33333333333334,14.545454545454543,60.0,23.63636363636364,3.636363636363636,3.636363636363636,5.454545454545454,1.818181818181818,1.818181818181818,50.0,33.33333333333333,0.0,0.0,0.0,16.666666666666664,0.0,24.545454545454543,21.818181818181817,61.81818181818181,16.363636363636363,0.0,50.0,50.0,0.0,0.0,28.18181818181818
E0674,6.0606060606060606,0.0,90.9090909090909,3.0303030303030303,0.0,0.0,100.0,0.0,9.090909090909092,0.0,0.0,6.0606060606060606,81.81818181818183,12.12121212121212,0.0,0.0,25.0,75.0,0.0,18.939393939393945,0.0,21.21212121212121,51.51515151515152,15.151515151515152,0.0,9.090909090909092,3.0303030303030303,0.0,25.0,50.0,25.0,0.0,0.0,0.0,13.636363636363637,27.27272727272727,66.66666666666666,6.0606060606060606,0.0,50.0,50.0,0.0,0.0,22.727272727272727
E0675,69.44444444444444,5.555555555555555,16.666666666666664,8.333333333333332,100.0,0.0,0.0,0.0,30.55555555555556,0.0,5.555555555555555,86.11111111111111,8.333333333333332,0.0,0.0,0.0,100.0,0.0,0.0,13.888888888888888,27.77777777777778,58.333333333333336,11.11111111111111,0.0,0.0,0.0,2.7777777777777777,0.0,50.0,50.0,0.0,0.0,0.0,0.0,38.888888888888886,16.666666666666664,63.888888888888886,19.444444444444446,0.0,0.0,100.0,0.0,0.0,36.11111111111112
E0677,98.75,0.0,0.0,1.25,100.0,0.0,0.0,0.0,1.25,0.0,0.0,2.5,96.25,1.25,0.0,0.0,11.11111111111111,88.88888888888889,0.0,8.611111111111112,3.75,0.0,2.5,18.75,41.25,30.0,3.75,0.0,0.0,0.0,22.22222222222222,44.44444444444444,33.33333333333333,0.0,9.999999999999996,8.75,73.75,17.5,0.0,0.0,77.77777777777779,22.22222222222222,0.0,8.750000000000004
E0678,89.04109589041096,4.10958904109589,4.10958904109589,2.73972602739726,100.0,0.0,0.0,0.0,10.958904109589042,5.47945205479452,9.58904109589041,67.12328767123287,13.6986301369863,4.10958904109589,0.0,0.0,71.42857142857143,14.285714285714285,14.285714285714285,15.068493150684931,57.53424657534247,23.28767123287671,4.10958904109589,5.47945205479452,4.10958904109589,2.73972602739726,2.73972602739726,57.14285714285714,14.285714285714285,14.285714285714285,0.0,14.285714285714285,0.0,0.0,20.35225048923679,23.28767123287671,57.53424657534247,19.17808219178082,0.0,42.85714285714285,28.57142857142857,28.57142857142857,0.0,28.962818003913892
E0679,82.35294117647058,5.88235294117647,2.941176470588235,8.823529411764707,50.0,0.0,0.0,50.0,41.17647058823529,82.35294117647058,11.76470588235294,0.0,2.941176470588235,2.941176470588235,50.0,0.0,0.0,50.0,0.0,47.05882352941176,0.0,23.52941176470588,38.23529411764706,29.411764705882355,2.941176470588235,2.941176470588235,2.941176470588235,0.0,50.0,0.0,50.0,0.0,0.0,0.0,47.05882352941176,26.47058823529412,64.70588235294117,8.823529411764707,0.0,0.0,50.0,50.0,0.0,41.17647058823529
E0681,87.09677419354838,6.451612903225806,3.225806451612903,3.225806451612903,100.0,0.0,0.0,0.0,12.903225806451616,0.0,9.67741935483871,80.64516129032258,3.225806451612903,6.451612903225806,0.0,0.0,100.0,0.0,0.0,19.354838709677423,6.451612903225806,3.225806451612903,9.67741935483871,0.0,22.58064516129032,58.06451612903226,0.0,50.0,0.0,0.0,0.0,0.0,50.0,0.0,43.54838709677419,16.129032258064516,70.96774193548387,12.903225806451612,0.0,0.0,0.0,100.0,0.0,87.09677419354838
E0682,1.2658227848101269,1.2658227848101269,97.46835443037976,0.0,0.0,0.0,100.0,0.0,2.531645569620253,89.87341772151899,6.329113924050633,2.5316455696202533,1.2658227848101269,0.0,90.0,10.0,0.0,0.0,0.0,3.7974683544303782,3.79746835443038,11.39240506329114,49.36708860759494,24.050632911392405,3.79746835443038,3.79746835443038,3.79746835443038,0.0,20.0,60.0,10.0,10.0,0.0,0.0,25.443037974683545,0.0,8.860759493670885,70.88607594936708,20.253164556962027,0.0,10.0,70.0,20.0,1.139240506329112
E0683,7.142857142857142,3.571428571428571,3.571428571428571,85.71428571428571,33.33333333333333,0.0,0.0,66.66666666666666,26.19047619047619,3.571428571428571,3.571428571428571,0.0,3.571428571428571,89.28571428571429,0.0,33.33333333333333,0.0,0.0,66.66666666666666,29.761904761904766,3.571428571428571,0.0,3.571428571428571,3.571428571428571,3.571428571428571,0.0,85.71428571428571,0.0,0.0,0.0,0.0,0.0,0.0,100.0,14.285714285714288,17.857142857142858,75.0,7.142857142857142,0.0,33.33333333333333,33.33333333333333,33.33333333333333,0.0,41.66666666666666
E0684,5.714285714285714,0.0,94.28571428571428,0.0,0.0,0.0,100.0,0.0,5.714285714285719,0.0,2.857142857142857,0.0,5.714285714285714,91.42857142857144,0.0,0.0,0.0,0.0,100.0,8.57142857142857,2.857142857142857,5.714285714285714,54.285714285714285,28.57142857142857,2.857142857142857,0.0,5.714285714285714,0.0,0.0,100.0,0.0,0.0,0.0,0.0,45.71428571428572,0.0,22.857142857142858,60.0,17.142857142857142,0.0,0.0,66.66666666666666,33.33333333333333,22.85714285714285
E0685,0.0,0.0,100.0,0.0,0.0,0.0,100.0,0.0,0.0,0.0,3.125,3.125,0.0,93.75,0.0,0.0,0.0,0.0,100.0,6.25,21.875,53.125,9.375,3.125,6.25,0.0,6.25,33.33333333333333,33.33333333333333,33.33333333333333,0.0,0.0,0.0,0.0,35.416666666666664,21.875,56.25,21.875,0.0,0.0,100.0,0.0,0.0,43.75
E0686,6.521739130434782,4.3478260869565215,84.78260869565217,4.3478260869565215,0.0,0.0,100.0,0.0,15.217391304347828,0.0,0.0,0.0,4.3478260869565215,95.65217391304348,0.0,0.0,0.0,0.0,100.0,4.347826086956519,0.0,6.521739130434782,0.0,17.391304347826086,47.82608695652174,28.26086956521739,0.0,0.0,0.0,0.0,0.0,33.33333333333333,66.66666666666666,0.0,38.40579710144928,0.0,28.26086956521739,52.17391304347826,19.565217391304348,0.0,33.33333333333333,33.33333333333333,33.33333333333333,18.84057971014492
E0687,76.74418604651163,2.3255813953488373,13.953488372093023,6.976744186046512,40.0,0.0,20.0,40.0,39.06976744186046,4.651162790697675,86.04651162790698,4.651162790697675,2.3255813953488373,2.3255813953488373,0.0,80.0,20.0,0.0,0.0,15.348837209302328,2.3255813953488373,30.23255813953488,41.86046511627907,25.58139534883721,0.0,0.0,0.0,0.0,40.0,60.0,0.0,0.0,0.0,0.0,27.906976744186046,76.74418604651163,23.25581395348837,0.0,0.0,60.0,40.0,0.0,0.0,16.74418604651163
E0688,2.7777777777777777,5.555555555555555,86.11111111111111,5.555555555555555,0.0,0.0,100.0,0.0,13.888888888888886,0.0,2.7777777777777777,5.555555555555555,86.11111111111111,5.555555555555555,0.0,0.0,0.0,100.0,0.0,13.888888888888886,2.7777777777777777,25.0,36.11111111111111,27.77777777777778,2.7777777777777777,5.555555555555555,0.0,0.0,0.0,33.33333333333333,33.33333333333333,0.0,33.33333333333333,0.0,33.33333333333333,0.0,19.444444444444446,63.888888888888886,16.666666666666664,0.0,66.66666666666666,33.33333333333333,0.0,47.22222222222221
E0689,8.21917808219178,6.849315068493151,76.71232876712328,8.21917808219178,14.285714285714285,0.0,71.42857142857143,14.285714285714285,12.133072407045006,1.36986301369863,2.73972602739726,0.0,89.04109589041096,6.849315068493151,0.0,0.0,0.0,100.0,0.0,10.958904109589042,1.36986301369863,13.6986301369863,52.05479452054794,21.91780821917808,6.849315068493151,1.36986301369863,2.73972602739726,0.0,14.285714285714285,28.57142857142857,28.57142857142857,14.285714285714285,0.0,14.285714285714285,26.22309197651663,84.93150684931507,15.068493150684931,0.0,0.0,100.0,0.0,0.0,0.0,15.06849315068493
E0690,83.72093023255815,4.651162790697675,0.0,11.627906976744184,50.0,0.0,0.0,50.0,38.372093023255815,4.651162790697675,88.37209302325581,2.3255813953488373,4.651162790697675,0.0,0.0,100.0,0.0,0.0,0.0,11.627906976744187,0.0,4.651162790697675,2.3255813953488373,16.27906976744186,53.48837209302325,20.930232558139537,2.3255813953488373,0.0,0.0,0.0,0.0,100.0,0.0,0.0,46.51162790697674,0.0,2.3255813953488373,72.09302325581395,25.58139534883721,0.0,0.0,50.0,50.0,24.418604651162788
E0691,0.0,0.0,97.2972972972973,2.702702702702702,0.0,0.0,100.0,0.0,2.702702702702698,13.513513513513514,0.0,67.56756756756756,8.108108108108109,10.81081081081081,0.0,0.0,66.66666666666666,33.33333333333333,0.0,25.225225225225223,0.0,2.702702702702702,0.0,24.324324324324326,48.64864864864865,18.91891891891892,5.405405405405405,0.0,0.0,0.0,0.0,100.0,0.0,0.0,51.35135135135135,0.0,10.81081081081081,72.97297297297297,16.216216216216218,0.0,0.0,100.0,0.0,27.027027027027028
E0692,3.7037037037037033,88.88888888888889,0.0,7.4074074074074066,0.0,66.66666666666666,0.0,33.33333333333333,25.925925925925927,7.4074074074074066,7.4074074074074066,77.77777777777779,7.4074074074074066,0.0,0.0,0.0,66.66666666666666,33.33333333333333,0.0,25.92592592592593,0.0,14.814814814814811,59.25925925925925,14.814814814814811,3.7037037037037033,7.4074074074074066,0.0,0.0,0.0,66.66666666666666,33.33333333333333,0.0,0.0,0.0,25.92592592592592,14.814814814814811,70.37037037037037,14.814814814814811,0.0,0.0,66.66666666666666,33.33333333333333,0.0,18.51851851851852
E0693,0.0,93.93939393939394,3.0303030303030303,3.0303030303030303,0.0,100.0,0.0,0.0,6.060606060606062,0.0,3.0303030303030303,3.0303030303030303,0.0,93.93939393939394,0.0,0.0,0.0,0.0,100.0,6.060606060606061,9.090909090909092,45.45454545454545,30.303030303030305,6.0606060606060606,3.0303030303030303,6.0606060606060606,0.0,16.666666666666664,0.0,66.66666666666666,16.666666666666664,0.0,0.0,0.0,54.54545454545454,12.12121212121212,75.75757575757575,12.12121212121212,0.0,16.666666666666664,66.66666666666666,16.666666666666664,0.0,9.09090909090909
E0694,73.80952380952381,4.761904761904762,11.904761904761903,9.523809523809524,100.0,0.0,0.0,0.0,26.19047619047619,90.47619047619048,4.761904761904762,0.0,4.761904761904762,0.0,100.0,0.0,0.0,0.0,0.0,9.523809523809522,4.761904761904762,16.666666666666664,61.90476190476191,16.666666666666664,0.0,0.0,0.0,0.0,0.0,50.0,50.0,0.0,0.0,0.0,33.33333333333333,0.0,19.047619047619047,71.42857142857143,9.523809523809524,0.0,0.0,100.0,0.0,28.571428571428573
E0695,5.714285714285714,5.714285714285714,85.71428571428571,2.857142857142857,0.0,0.0,66.66666666666666,33.33333333333333,30.476190476190474,2.857142857142857,8.571428571428571,88.57142857142857,0.0,0.0,0.0,0.0,100.0,0.0,0.0,11.42857142857143,2.857142857142857,2.857142857142857,20.0,45.71428571428572,25.71428571428571,0.0,2.857142857142857,0.0,0.0,33.33333333333333,33.33333333333333,33.33333333333333,0.0,0.0,20.952380952380956,17.142857142857142,65.71428571428571,17.142857142857142,0.0,0.0,33.33333333333333,66.66666666666666,0.0,49.52380952380952
E0696,85.13513513513513,5.405405405405405,4.054054054054054,5.405405405405405,75.0,0.0,0.0,25.0,19.594594594594597,87.83783783783784,8.108108108108109,0.0,4.054054054054054,0.0,100.0,0.0,0.0,0.0,0.0,12.16216216216216,25.675675675675677,56.75675675675676,13.513513513513514,2.702702702702702,0.0,0.0,1.351351351351351,50.0,25.0,25.0,0.0,0.0,0.0,0.0,35.810810810810814,0.0,14.864864864864863,58.108108108108105,27.027027027027028,0.0,0.0,100.0,0.0,41.891891891891895
E0697,3.0303030303030303,6.0606060606060606,81.81818181818183,9.090909090909092,0.0,0.0,100.0,0.0,18.181818181818176,0.0,3.0303030303030303,6.0606060606060606,84.84848484848484,6.0606060606060606,0.0,0.0,0.0,100.0,0.0,15.151515151515152,3.0303030303030303,3.0303030303030303,0.0,42.42424242424242,36.36363636363637,15.151515151515152,0.0,0.0,0.0,0.0,0.0,100.0,0.0,0.0,63.63636363636364,87.87878787878788,12.12121212121212,0.0,0.0,0.0,100.0,0.0,0.0,87.87878787878788
E0698,86.20689655172413,1.7241379310344829,5.172413793103448,6.896551724137931,80.0,0.0,0.0,20.0,13.103448275862064,84.48275862068965,6.896551724137931,3.4482758620689653,1.7241379310344829,3.4482758620689653,100.0,0.0,0.0,0.0,0.0,15.517241379310343,0.0,18.96551724137931,62.06896551724138,10.344827586206897,1.7241379310344829,3.4482758620689653,3.4482758620689653,0.0,0.0,80.0,0.0,0.0,20.0,0.0,34.48275862068966,82.75862068965517,17.24137931034483,0.0,0.0,100.0,0.0,0.0,0.0,17.241379310344826
E0699,0.0,0.0,100.0,0.0,0.0,0.0,100.0,0.0,0.0,0.0,0.0,0.0,100.0,0.0,0.0,0.0,0.0,100.0,0.0,0.0,25.0,62.5,12.5,0.0,0.0,0.0,0.0,100.0,0.0,0.0,0.0,0.0,0.0,0.0,75.0,0.0,37.5,25.0,37.5,0.0,100.0,0.0,0.0,62.5
E0700,0.0,80.88235294117648,10.294117647058822,8.823529411764707,0.0,83.33333333333334,0.0,16.666666666666664,10.294117647058822,0.0,97.05882352941175,1.4705882352941175,1.4705882352941175,0.0,0.0,100.0,0.0,0.0,0.0,2.9411764705882337,66.17647058823529,19.11764705882353,5.88235294117647,1.4705882352941175,1.4705882352941175,4.411764705882353,1.4705882352941175,50.0,50.0,0.0,0.0,0.0,0.0,0.0,30.882352941176467,19.11764705882353,54.41176470588235,26.47058823529412,0.0,33.33333333333333,66.66666666666666,0.0,0.0,26.47058823529412
E0701,6.25,8.333333333333332,79.16666666666666,6.25,0.0,0.0,100.0,0.0,20.833333333333336,10.416666666666668,77.08333333333334,8.333333333333332,4.166666666666666,0.0,0.0,80.0,20.0,0.0,0.0,14.583333333333329,27.08333333333333,50.0,14.583333333333334,0.0,4.166666666666666,0.0,4.166666666666666,20.0,80.0,0.0,0.0,0.0,0.0,0.0,30.0,0.0,20.833333333333336,54.16666666666666,25.0,0.0,40.0,60.0,0.0,25.0
E0702,97.2222222222222,0.0,2.7777777777777777,0.0,100.0,0.0,0.0,0.0,2.7777777777777817,0.0,0.0,2.7777777777777777,8.333333333333332,88.88888888888889,0.0,0.0,0.0,0.0,100.0,11.111111111111112,2.7777777777777777,2.7777777777777777,2.7777777777777777,0.0,25.0,61.11111111111112,5.555555555555555,0.0,0.0,0.0,0.0,100.0,0.0,0.0,75.0,11.11111111111111,80.55555555555556,8.333333333333332,0.0,100.0,0.0,0.0,0.0,88.8888888888889
E0703,70.96774193548387,6.451612903225806,6.451612903225806,16.129032258064516,100.0,0.0,0.0,0.0,29.032258064516128,3.225806451612903,3.225806451612903,80.64516129032258,12.903225806451612,0.0,0.0,0.0,50.0,50.0,0.0,37.096774193548384,22.58064516129032,45.16129032258064,25.806451612903224,3.225806451612903,3.225806451612903,0.0,0.0,0.0,25.0,75.0,0.0,0.0,0.0,0.0,49.19354838709677,9.67741935483871,61.29032258064516,29.03225806451613,0.0,0.0,100.0,0.0,0.0,38.70967741935484
E0704,85.36585365853658,0.0,9.75609756097561,4.878048780487805,100.0,0.0,0.0,0.0,14.63414634146342,4.878048780487805,2.4390243902439024,4.878048780487805,17.073170731707318,70.73170731707317,0.0,0.0,0.0,33.33333333333333,66.66666666666666,16.26016260162602,24.390243902439025,36.58536585365854,26.82926829268293,2.4390243902439024,2.4390243902439024,2.4390243902439024,4.878048780487805,0.0,33.33333333333333,33.33333333333333,0.0,33.33333333333333,0.0,0.0,37.39837398373983,14.634146341463412,73.17073170731707,12.195121951219512,0.0,0.0,100.0,0.0,0.0,26.82926829268293
E0705,9.090909090909092,18.181818181818183,72.72727272727273,0.0,0.0,100.0,0.0,0.0,81.81818181818181,9.090909090909092,0.0,0.0,72.72727272727273,18.181818181818183,0.0,0.0,0.0,100.0,0.0,27.272727272727277,0.0,27.27272727272727,54.54545454545454,18.181818181818183,0.0,0.0,0.0,0.0,0.0,100.0,0.0,0.0,0.0,0.0,45.45454545454546,27.27272727272727,54.54545454545454,18.181818181818183,0.0,0.0,50.0,50.0,0.0,31.818181818181813
E0706,2.3255813953488373,90.69767441860463,2.3255813953488373,4.651162790697675,0.0,75.0,0.0,25.0,20.348837209302324,0.0,0.0,2.3255813953488373,2.3255813953488373,95.34883720930232,0.0,0.0,0.0,25.0,75.0,22.67441860465117,16.27906976744186,55.81395348837209,18.6046511627907,2.3255813953488373,6.976744186046512,0.0,0.0,0.0,75.0,0.0,0.0,25.0,0.0,0.0,37.20930232558139,13.953488372093023,65.11627906976744,20.930232558139537,0.0,0.0,75.0,25.0,0.0,13.95348837209302
E0707,88.57142857142857,0.0,8.571428571428571,2.857142857142857,100.0,0.0,0.0,0.0,11.428571428571429,82.85714285714286,11.428571428571429,2.857142857142857,2.857142857142857,0.0,100.0,0.0,0.0,0.0,0.0,17.142857142857142,54.285714285714285,34.285714285714285,2.857142857142857,8.571428571428571,0.0,0.0,0.0,100.0,0.0,0.0,0.0,0.0,0.0,0.0,45.71428571428572,22.857142857142858,54.285714285714285,22.857142857142858,0.0,50.0,50.0,0.0,0.0,27.142857142857142
E0708,87.03703703703704,3.7037037037037033,5.555555555555555,3.7037037037037033,100.0,0.0,0.0,0.0,12.962962962962962,0.0,1.851851851851852,0.0,94.44444444444444,3.7037037037037033,0.0,0.0,0.0,100.0,0.0,5.555555555555555,16.666666666666664,51.85185185185185,25.925925925925924,1.851851851851852,1.851851851851852,0.0,1.851851851851852,0.0,0.0,100.0,0.0,0.0,0.0,0.0,74.07407407407406,14.814814814814811,62.96296296296296,22.22222222222222,0.0,0.0,100.0,0.0,0.0,37.03703703703704
E0709,0.0,1.639344262295082,98.36065573770492,0.0,0.0,0.0,100.0,0.0,1.6393442622950825,1.639344262295082,88.52459016393442,3.278688524590164,1.639344262295082,4.918032786885246,0.0,100.0,0.0,0.0,0.0,11.47540983606558,1.639344262295082,11.475409836065571,55.73770491803278,29.508196721311474,0.0,1.639344262295082,0.0,0.0,0.0,66.66666666666666,33.33333333333333,0.0,0.0,0.0,14.754098360655734,16.39344262295082,65.57377049180327,18.0327868852459,0.0,0.0,66.66666666666666,33.33333333333333,0.0,16.393442622950815
E0710,83.87096774193549,0.0,12.903225806451612,3.225806451612903,88.88888888888889,0.0,11.11111111111111,0.0,5.017921146953402,6.451612903225806,3.225806451612903,87.09677419354838,0.0,3.225806451612903,0.0,0.0,100.0,0.0,0.0,12.903225806451614,0.0,0.0,32.25806451612903,38.70967741935484,19.35483870967742,6.451612903225806,3.225806451612903,0.0,0.0,55.55555555555556,11.11111111111111,22.22222222222222,11.11111111111111,0.0,30.824372759856637,0.0,9.67741935483871,80.64516129032258,9.67741935483871,0.0,11.11111111111111,88.88888888888889,0.0,9.67741935483871
E0711,4.878048780487805,7.317073170731707,85.36585365853658,2.4390243902439024,0.0,0.0,100.0,0.0,14.634146341463415,0.0,12.195121951219512,2.4390243902439024,75.60975609756098,9.75609756097561,0.0,25.0,0.0,75.0,0.0,12.804878048780488,19.51219512195122,46.34146341463415,24.390243902439025,4.878048780487805,2.4390243902439024,2.4390243902439024,0.0,25.0,50.0,25.0,0.0,0.0,0.0,0.0,9.756097560975608,17.073170731707318,63.41463414634146,19.51219512195122,0.0,0.0,75.0,25.0,0.0,17.073170731707318
E0713,6.0,4.0,84.0,6.0,0.0,0.0,100.0,0.0,16.0,94.0,2.0,2.0,0.0,2.0,60.0,20.0,20.0,0.0,0.0,36.0,2.0,2.0,2.0,4.0,4.0,2.0,84.0,0.0,0.0,0.0,20.0,20.0,0.0,60.0,32.0,18.0,64.0,18.0,0.0,20.0,80.0,0.0,0.0,18.0
E0714,0.0,13.043478260869565,8.695652173913043,78.26086956521739,0.0,0.0,0.0,100.0,21.73913043478261,0.0,0.0,95.65217391304348,0.0,4.3478260869565215,0.0,0.0,100.0,0.0,0.0,4.347826086956519,17.391304347826086,39.130434782608695,34.78260869565217,0.0,0.0,8.695652173913043,0.0,0.0,0.0,100.0,0.0,0.0,0.0,0.0,65.21739130434783,21.73913043478261,56.52173913043478,21.73913043478261,0.0,0.0,100.0,0.0,0.0,43.47826086956522
E0715,2.5,5.0,90.0,2.5,0.0,0.0,100.0,0.0,10.0,5.0,72.5,10.0,10.0,2.5,0.0,50.0,25.0,0.0,25.0,37.5,22.5,57.49999999999999,12.5,0.0,5.0,0.0,2.5,0.0,75.0,25.0,0.0,0.0,0.0,0.0,30.000000000000004,12.5,72.5,15.0,0.0,25.0,50.0,25.0,0.0,22.5
E0717,81.08108108108108,2.702702702702702,8.108108108108109,8.108108108108109,50.0,0.0,50.0,0.0,41.891891891891895,10.81081081081081,5.405405405405405,8.108108108108109,62.16216216216216,13.513513513513514,50.0,0.0,0.0,50.0,0.0,39.18918918918919,2.702702702702702,13.513513513513514,54.054054054054056,21.62162162162162,0.0,5.405405405405405,2.702702702702702,0.0,100.0,0.0,0.0,0.0,0.0,0.0,86.4864864864865,78.37837837837837,21.62162162162162,0.0,0.0,100.0,0.0,0.0,0.0,21.621621621621625
E0718,4.3478260869565215,8.695652173913043,0.0,86.95652173913044,0.0,0.0,0.0,100.0,13.043478260869565,91.30434782608695,0.0,4.3478260869565215,4.3478260869565215,0.0,100.0,0.0,0.0,0.0,0.0,8.695652173913045,0.0,4.3478260869565215,8.695652173913043,0.0,69.56521739130434,13.043478260869565,4.3478260869565215,0.0,50.0,0.0,0.0,50.0,0.0,0.0,45.65217391304347,82.6086956521739,17.391304347826086,0.0,0.0,100.0,0.0,0.0,0.0,17.39130434782609
E0719,7.6923076923076925,7.6923076923076925,79.48717948717949,5.128205128205128,0.0,33.33333333333333,66.66666666666666,0.0,25.64102564102564,5.128205128205128,0.0,2.564102564102564,5.128205128205128,87.17948717948718,0.0,0.0,0.0,0.0,100.0,12.820512820512818,25.64102564102564,48.71794871794872,25.64102564102564,0.0,0.0,0.0,0.0,33.33333333333333,0.0,66.66666666666666,0.0,0.0,0.0,0.0,48.71794871794872,10.256410256410255,76.92307692307693,12.82051282051282,0.0,33.33333333333333,33.33333333333333,33.33333333333333,0.0,43.5897435897436
E0720,82.75862068965517,10.344827586206897,3.4482758620689653,3.4482758620689653,100.0,0.0,0.0,0.0,17.241379310344826,3.4482758620689653,89.65517241379311,6.896551724137931,0.0,0.0,0.0,100.0,0.0,0.0,0.0,10.344827586206891,3.4482758620689653,3.4482758620689653,27.58620689655172,48.27586206896552,13.79310344827586,0.0,3.4482758620689653,0.0,0.0,0.0,100.0,0.0,0.0,0.0,51.72413793103448,0.0,10.344827586206897,72.41379310344827,17.24137931034483,0.0,0.0,100.0,0.0,27.58620689655173
E0721,4.761904761904762,1.5873015873015872,92.06349206349206,1.5873015873015872,0.0,0.0,100.0,0.0,7.936507936507936,3.1746031746031744,3.1746031746031744,92.06349206349206,1.5873015873015872,0.0,0.0,0.0,100.0,0.0,0.0,7.936507936507936,58.730158730158735,19.047619047619047,3.1746031746031744,1.5873015873015872,6.349206349206349,6.349206349206349,4.761904761904762,0.0,100.0,0.0,0.0,0.0,0.0,0.0,80.95238095238096,85.71428571428571,14.285714285714285,0.0,0.0,100.0,0.0,0.0,0.0,14.285714285714288
E0722,2.73972602739726,5.47945205479452,84.93150684931507,6.849315068493151,0.0,0.0,83.33333333333334,16.666666666666664,9.81735159817351,1.36986301369863,2.73972602739726,4.10958904109589,87.67123287671232,4.10958904109589,0.0,0.0,0.0,100.0,0.0,12.328767123287674,2.73972602739726,17.80821917808219,54.7945205479452,17.80821917808219,0.0,0.0,6.849315068493151,0.0,0.0,50.0,16.666666666666664,0.0,0.0,33.33333333333333,26.48401826484018,16.43835616438356,61.64383561643836,21.91780821917808,0.0,16.666666666666664,50.0,33.33333333333333,0.0,11.643835616438356
E0723,7.6923076923076925,10.256410256410255,82.05128205128204,0.0,14.285714285714285,0.0,85.71428571428571,0.0,10.256410256410255,5.128205128205128,2.564102564102564,5.128205128205128,84.61538461538461,2.564102564102564,14.285714285714285,0.0,0.0,85.71428571428571,0.0,10.256410256410252,2.564102564102564,2.564102564102564,0.0,15.384615384615383,38.46153846153847,35.8974358974359,5.128205128205128,14.285714285714285,0.0,0.0,28.57142857142857,42.85714285714285,14.285714285714285,0.0,29.3040293040293,25.64102564102564,56.41025641025641,17.94871794871795,0.0,28.57142857142857,57.14285714285714,14.285714285714285,0.0,3.6630036630036624
E0724,4.878048780487805,4.878048780487805,2.4390243902439024,87.8048780487805,0.0,0.0,0.0,100.0,12.195121951219509,0.0,92.6829268292683,7.317073170731707,0.0,0.0,0.0,100.0,0.0,0.0,0.0,7.317073170731705,12.195121951219512,41.46341463414634,34.14634146341464,2.4390243902439024,4.878048780487805,4.878048780487805,0.0,0.0,0.0,100.0,0.0,0.0,0.0,0.0,65.85365853658536,24.390243902439025,58.53658536585365,17.073170731707318,0.0,0.0,75.0,25.0,0.0,24.390243902439025
E0725,0.0,0.0,100.0,0.0,0.0,0.0,100.0,0.0,0.0,0.0,0.0,0.0,0.0,100.0,0.0,0.0,0.0,0.0,100.0,0.0,2.702702702702702,0.0,29.72972972972973,40.54054054054054,21.62162162162162,2.702702702702702,2.702702702702702,0.0,0.0,25.0,25.0,50.0,0.0,0.0,28.37837837837838,0.0,16.216216216216218,78.37837837837837,5.405405405405405,0.0,50.0,50.0,0.0,33.78378378378378
E0726,5.970149253731343,2.985074626865672,86.56716417910447,4.477611940298507,12.5,0.0,87.5,0.0,7.462686567164185,2.985074626865672,0.0,5.970149253731343,86.56716417910447,4.477611940298507,12.5,0.0,12.5,75.0,0.0,16.04477611940298,13.432835820895525,59.70149253731343,17.91044776119403,2.985074626865672,4.477611940298507,0.0,1.4925373134328357,12.5,75.0,0.0,0.0,12.5,0.0,0.0,23.32089552238806,17.91044776119403,61.19402985074627,20.8955223880597,0.0,12.5,87.5,0.0,0.0,26.30597014925373
E0727,1.4925373134328357,1.4925373134328357,94.02985074626866,2.985074626865672,0.0,0.0,100.0,0.0,5.970149253731339,0.0,95.52238805970148,2.985074626865672,1.4925373134328357,0.0,0.0,100.0,0.0,0.0,0.0,4.477611940298512,1.4925373134328357,2.985074626865672,17.91044776119403,49.25373134328358,25.37313432835821,1.4925373134328357,1.4925373134328357,0.0,0.0,0.0,50.0,50.0,0.0,0.0,25.373134328358205,19.402985074626866,59.70149253731343,20.8955223880597,0.0,0.0,100.0,0.0,0.0,40.29850746268657
E0728,13.513513513513514,0.0,0.0,86.48648648648648,20.0,0.0,0.0,80.0,6.486486486486485,86.48648648648648,2.702702702702702,2.702702702702702,2.702702702702702,5.405405405405405,100.0,0.0,0.0,0.0,0.0,13.513513513513512,62.16216216216216,18.91891891891892,0.0,5.405405405405405,5.405405405405405,2.702702702702702,5.405405405405405,60.0,20.0,0.0,0.0,20.0,0.0,0.0,15.675675675675674,75.67567567567568,24.324324324324326,0.0,0.0,60.0,40.0,0.0,0.0,15.675675675675675
E0729,0.0,0.0,100.0,0.0,0.0,0.0,100.0,0.0,0.0,0.0,0.0,0.0,0.0,100.0,0.0,0.0,0.0,0.0,100.0,0.0,8.333333333333332,0.0,8.333333333333332,16.666666666666664,25.0,41.66666666666667,0.0,0.0,0.0,33.33333333333333,0.0,33.33333333333333,33.33333333333333,0.0,33.33333333333333,91.66666666666666,8.333333333333332,0.0,0.0,100.0,0.0,0.0,0.0,8.333333333333337
E0730,13.513513513513514,5.405405405405405,67.56756756756756,13.513513513513514,0.0,0.0,66.66666666666666,33.33333333333333,19.81981981981982,0.0,2.702702702702702,94.5945945945946,2.702702702702702,0.0,0.0,0.0,100.0,0.0,0.0,5.405405405405404,24.324324324324326,54.054054054054056,13.513513513513514,5.405405405405405,0.0,0.0,2.702702702702702,66.66666666666666,33.33333333333333,0.0,0.0,0.0,0.0,0.0,42.34234234234234,24.324324324324326,56.75675675675676,18.91891891891892,0.0,33.33333333333333,33.33333333333333,33.33333333333333,0.0,23.423423423423426
E0731,2.380952380952381,7.142857142857142,88.09523809523809,2.380952380952381,0.0,0.0,100.0,0.0,11.904761904761909,2.380952380952381,0.0,2.380952380952381,95.23809523809524,0.0,0.0,0.0,0.0,100.0,0.0,4.761904761904768,4.761904761904762,4.761904761904762,4.761904761904762,0.0,21.428571428571427,61.90476190476191,2.380952380952381,0.0,0.0,0.0,0.0,0.0,100.0,0.0,38.09523809523809,73.80952380952381,26.190476190476197,0.0,0.0,50.0,50.0,0.0,0.0,23.80952380952381
E0732,4.838709677419355,9.67741935483871,74.19354838709677,11.29032258064516,0.0,0.0,50.0,50.0,38.70967741935483,0.0,100.0,0.0,0.0,0.0,0.0,100.0,0.0,0.0,0.0,0.0,30.64516129032258,45.16129032258064,14.516129032258066,0.0,6.451612903225806,3.225806451612903,0.0,25.0,25.0,50.0,0.0,0.0,0.0,0.0,35.48387096774193,12.903225806451612,70.96774193548387,16.129032258064516,0.0,0.0,50.0,50.0,0.0,33.87096774193549
E0733,100.0,0.0,0.0,0.0,100.0,0.0,0.0,0.0,0.0,83.33333333333334,0.0,16.666666666666664,0.0,0.0,100.0,0.0,0.0,0.0,0.0,16.66666666666666,16.666666666666664,33.33333333333333,0.0,16.666666666666664,33.33333333333333,0.0,0.0,0.0,100.0,0.0,0.0,0.0,0.0,0.0,66.66666666666666,0.0,50.0,50.0,0.0,0.0,0.0,100.0,0.0,50.0
E0734,79.01234567901234,4.938271604938271,6.172839506172839,9.876543209876544,80.0,0.0,10.0,10.0,4.938271604938274,6.172839506172839,9.876543209876544,67.90123456790124,8.641975308641975,7.4074074074074066,0.0,20.0,60.0,10.0,10.0,14.07407407407408,13.580246913580249,56.79012345679012,24.69135802469136,0.0,1.2345679012345678,1.2345679012345678,2.469135802469136,40.0,50.0,10.0,0.0,0.0,0.0,0.0,26.41975308641975,14.814814814814811,71.60493827160494,13.580246913580249,0.0,20.0,50.0,30.0,0.0,21.604938271604937
E0735,4.761904761904762,4.761904761904762,87.3015873015873,3.1746031746031744,0.0,0.0,100.0,0.0,12.698412698412698,9.523809523809524,77.77777777777779,6.349206349206349,4.761904761904762,1.5873015873015872,0.0,66.66666666666666,33.33333333333333,0.0,0.0,26.98412698412699,4.761904761904762,3.1746031746031744,0.0,6.349206349206349,12.698412698412698,68.25396825396825,4.761904761904762,0.0,0.0,0.0,0.0,0.0,100.0,0.0,31.746031746031743,85.71428571428571,14.285714285714285,0.0,0.0,100.0,0.0,0.0,0.0,14.285714285714288
E0736,7.317073170731707,4.878048780487805,87.8048780487805,0.0,0.0,0.0,100.0,0.0,12.195121951219509,2.4390243902439024,75.60975609756098,12.195121951219512,0.0,9.75609756097561,0.0,100.0,0.0,0.0,0.0,24.390243902439025,65.85365853658537,24.390243902439025,2.4390243902439024,0.0,2.4390243902439024,2.4390243902439024,2.4390243902439024,100.0,0.0,0.0,0.0,0.0,0.0,0.0,34.14634146341463,24.390243902439025,63.41463414634146,12.195121951219512,0.0,0.0,100.0,0.0,0.0,36.58536585365854
E0737,5.970149253731343,8.955223880597014,82.08955223880598,2.985074626865672,0.0,16.666666666666664,66.66666666666666,16.666666666666664,21.393034825870654,8.955223880597014,7.462686567164178,68.65671641791045,8.955223880597014,5.970149253731343,0.0,0.0,83.33333333333334,16.666666666666664,0.0,22.38805970149254,11.940298507462686,55.223880597014926,22.388059701492537,1.4925373134328357,5.970149253731343,2.985074626865672,0.0,0.0,50.0,33.33333333333333,0.0,0.0,16.666666666666664,0.0,24.626865671641788,17.91044776119403,64.17910447761194,17.91044776119403,0.0,50.0,33.33333333333333,16.666666666666664,0.0,32.08955223880598
E0738,6.896551724137931,6.896551724137931,79.3103448275862,6.896551724137931,0.0,0.0,100.0,0.0,20.68965517241379,89.65517241379311,10.344827586206897,0.0,0.0,0.0,50.0,50.0,0.0,0.0,0.0,39.65517241379311,0.0,27.58620689655172,51.72413793103448,17.24137931034483,0.0,0.0,3.4482758620689653,0.0,50.0,0.0,50.0,0.0,0.0,0.0,55.17241379310345,0.0,10.344827586206897,86.20689655172413,3.4482758620689653,0.0,0.0,100.0,0.0,13.793103448275868
E0740,5.0,0.0,10.0,85.0,0.0,0.0,50.0,50.0,40.0,0.0,0.0,2.5,2.5,95.0,0.0,0.0,50.0,0.0,50.0,47.5,22.5,47.5,15.0,5.0,2.5,0.0,7.5,50.0,0.0,0.0,0.0,0.0,0.0,50.0,70.0,0.0,20.0,62.5,17.5,0.0,0.0,100.0,0.0,37.5
E0741,10.0,78.57142857142857,5.714285714285714,5.714285714285714,0.0,83.33333333333334,0.0,16.666666666666664,15.71428571428572,2.857142857142857,1.4285714285714286,2.857142857142857,87.14285714285714,5.714285714285714,0.0,0.0,0.0,100.0,0.0,12.85714285714286,1.4285714285714286,4.285714285714286,5.714285714285714,5.714285714285714,25.71428571428571,54.285714285714285,2.857142857142857,0.0,0.0,0.0,0.0,33.33333333333333,50.0,16.666666666666664,21.428571428571423,20.0,62.85714285714285,17.142857142857142,0.0,50.0,50.0,0.0,0.0,30.0
E0742,0.0,85.71428571428571,5.714285714285714,8.571428571428571,0.0,100.0,0.0,0.0,14.285714285714288,0.0,0.0,100.0,0.0,0.0,0.0,0.0,100.0,0.0,0.0,0.0,2.857142857142857,5.714285714285714,2.857142857142857,0.0,5.714285714285714,5.714285714285714,77.14285714285715,0.0,0.0,0.0,0.0,0.0,0.0,100.0,22.85714285714285,20.0,54.285714285714285,25.71428571428571,0.0,33.33333333333333,66.66666666666666,0.0,0.0,25.714285714285708
E0743,1.4925373134328357,5.970149253731343,4.477611940298507,88.05970149253731,0.0,12.5,12.5,75.0,14.55223880597015,1.4925373134328357,5.970149253731343,79.1044776119403,7.462686567164178,5.970149253731343,0.0,0.0,100.0,0.0,0.0,20.8955223880597,19.402985074626866,55.223880597014926,14.925373134328357,1.4925373134328357,5.970149253731343,2.985074626865672,0.0,12.5,87.5,0.0,0.0,0.0,0.0,0.0,32.276119402985074,29.850746268656717,61.19402985074627,8.955223880597014,0.0,25.0,62.5,12.5,0.0,4.850746268656716
E0744,96.29629629629628,0.0,3.7037037037037033,0.0,100.0,0.0,0.0,0.0,3.7037037037037055,0.0,3.7037037037037033,85.18518518518519,11.11111111111111,0.0,0.0,0.0,75.0,25.0,0.0,13.888888888888893,7.4074074074074066,7.4074074074074066,3.7037037037037033,0.0,14.814814814814811,62.96296296296296,3.7037037037037033,0.0,25.0,0.0,0.0,50.0,25.0,0.0,52.77777777777778,66.66666666666666,33.33333333333333,0.0,0.0,75.0,25.0,0.0,0.0,8.333333333333336
E0745,65.51724137931035,17.24137931034483,10.344827586206897,6.896551724137931,33.33333333333333,33.33333333333333,33.33333333333333,0.0,39.08045977011494,89.65517241379311,6.896551724137931,1.7241379310344829,0.0,1.7241379310344829,100.0,0.0,0.0,0.0,0.0,10.344827586206891,1.7241379310344829,27.58620689655172,41.37931034482759,24.13793103448276,0.0,3.4482758620689653,1.7241379310344829,0.0,33.33333333333333,66.66666666666666,0.0,0.0,0.0,0.0,31.034482758620687,91.3793103448276,8.620689655172415,0.0,0.0,100.0,0.0,0.0,0.0,8.620689655172413
E0746,5.88235294117647,5.88235294117647,85.29411764705883,2.941176470588235,0.0,0.0,100.0,0.0,14.705882352941176,2.941176470588235,2.941176470588235,2.941176470588235,82.35294117647058,8.823529411764707,0.0,0.0,0.0,100.0,0.0,17.647058823529413,23.52941176470588,38.23529411764706,23.52941176470588,8.823529411764707,0.0,0.0,5.88235294117647,40.0,40.0,0.0,20.0,0.0,0.0,0.0,29.41176470588235,20.588235294117645,70.58823529411765,8.823529411764707,0.0,20.0,80.0,0.0,0.0,9.41176470588235
E0747,96.15384615384616,0.0,0.0,3.8461538461538463,100.0,0.0,0.0,0.0,3.846153846153843,3.8461538461538463,0.0,11.538461538461538,19.230769230769237,65.38461538461539,0.0,0.0,0.0,0.0,100.0,34.61538461538461,3.8461538461538463,7.6923076923076925,30.76923076923077,42.30769230769231,7.6923076923076925,7.6923076923076925,0.0,0.0,0.0,0.0,100.0,0.0,0.0,0.0,57.69230769230769,11.538461538461538,69.23076923076923,19.230769230769237,0.0,0.0,100.0,0.0,0.0,30.769230769230774
E0748,86.8421052631579,5.263157894736842,2.631578947368421,5.263157894736842,100.0,0.0,0.0,0.0,13.1578947368421,7.894736842105263,71.05263157894737,7.894736842105263,5.263157894736842,7.894736842105263,0.0,100.0,0.0,0.0,0.0,28.947368421052627,0.0,0.0,13.157894736842104,73.68421052631578,13.157894736842104,0.0,0.0,0.0,0.0,0.0,100.0,0.0,0.0,0.0,26.31578947368421,0.0,23.684210526315788,55.26315789473685,21.052631578947366,0.0,0.0,66.66666666666666,33.33333333333333,23.68421052631578
E0749,92.85714285714286,2.380952380952381,4.761904761904762,0.0,100.0,0.0,0.0,0.0,7.142857142857141,4.761904761904762,92.85714285714286,0.0,2.380952380952381,0.0,0.0,100.0,0.0,0.0,0.0,7.1428571428571415,0.0,0.0,2.380952380952381,9.523809523809524,14.285714285714285,0.0,73.80952380952381,0.0,0.0,0.0,0.0,0.0,0.0,100.0,26.19047619047619,23.809523809523807,61.90476190476191,14.285714285714285,0.0,25.0,75.0,0.0,0.0,14.285714285714286
E0750,0.0,13.333333333333334,6.666666666666667,80.0,0.0,0.0,25.0,75.0,18.33333333333333,6.666666666666667,6.666666666666667,73.33333333333333,6.666666666666667,6.666666666666667,25.0,0.0,75.0,0.0,0.0,20.0,26.666666666666668,46.66666666666666,6.666666666666667,6.666666666666667,6.666666666666667,0.0,6.666666666666667,25.0,50.0,0.0,0.0,25.0,0.0,0.0,21.666666666666668,86.66666666666667,13.333333333333334,0.0,0.0,100.0,0.0,0.0,0.0,13.333333333333332
E0751,9.090909090909092,6.0606060606060606,81.81818181818183,3.0303030303030303,0.0,0.0,100.0,0.0,18.18181818181818,0.0,3.0303030303030303,3.0303030303030303,81.81818181818183,12.12121212121212,0.0,0.0,25.0,75.0,0.0,21.969696969696976,0.0,3.0303030303030303,18.181818181818183,57.57575757575758,18.181818181818183,0.0,3.0303030303030303,0.0,0.0,25.0,75.0,0.0,0.0,0.0,24.24242424242424,15.151515151515152,72.72727272727273,12.12121212121212,0.0,0.0,75.0,25.0,0.0,15.151515151515149
E0753,7.317073170731707,82.92682926829268,7.317073170731707,2.4390243902439024,0.0,100.0,0.0,0.0,17.073170731707318,4.878048780487805,2.4390243902439024,2.4390243902439024,85.36585365853658,4.878048780487805,0.0,0.0,0.0,100.0,0.0,14.63414634146342,68.29268292682927,21.951219512195124,2.4390243902439024,0.0,2.4390243902439024,4.878048780487805,0.0,50.0,50.0,0.0,0.0,0.0,0.0,0.0,28.04878048780488,26.82926829268293,56.09756097560976,17.073170731707318,0.0,0.0,50.0,50.0,0.0,32.926829268292686
E0754,10.526315789473683,2.631578947368421,84.21052631578947,2.631578947368421,0.0,0.0,100.0,0.0,15.78947368421053,2.631578947368421,2.631578947368421,5.263157894736842,76.31578947368422,13.157894736842104,0.0,0.0,0.0,100.0,0.0,23.684210526315784,73.68421052631578,21.052631578947366,0.0,0.0,2.631578947368421,2.631578947368421,0.0,100.0,0.0,0.0,0.0,0.0,0.0,0.0,26.31578947368421,10.526315789473683,73.68421052631578,15.789473684210526,0.0,0.0,75.0,25.0,0.0,10.526315789473689
E0755,68.11594202898551,8.695652173913043,10.144927536231885,13.043478260869565,85.71428571428571,0.0,0.0,14.285714285714285,18.84057971014492,75.36231884057972,18.84057971014493,1.4492753623188406,1.4492753623188406,2.898550724637681,85.71428571428571,14.285714285714285,0.0,0.0,0.0,10.351966873705996,13.043478260869565,2.898550724637681,4.3478260869565215,0.0,2.898550724637681,4.3478260869565215,72.46376811594203,0.0,0.0,28.57142857142857,0.0,14.285714285714285,14.285714285714285,42.85714285714285,45.54865424430642,0.0,20.28985507246377,73.91304347826086,5.797101449275362,0.0,14.285714285714285,85.71428571428571,0.0,11.801242236024848
E0756,1.5151515151515151,95.45454545454544,1.5151515151515151,1.5151515151515151,0.0,100.0,0.0,0.0,4.545454545454547,1.5151515151515151,4.545454545454546,92.42424242424242,0.0,1.5151515151515151,0.0,0.0,100.0,0.0,0.0,7.575757575757577,6.0606060606060606,3.0303030303030303,1.5151515151515151,15.151515151515152,53.03030303030303,21.21212121212121,0.0,18.181818181818183,0.0,9.090909090909092,27.27272727272727,36.36363636363637,9.090909090909092,0.0,31.818181818181813,0.0,27.27272727272727,62.121212121212125,10.606060606060606,0.0,45.45454545454545,54.54545454545454,0.0,18.181818181818187
E0757,94.87179487179486,2.564102564102564,0.0,2.564102564102564,100.0,0.0,0.0,0.0,5.128205128205133,5.128205128205128,5.128205128205128,7.6923076923076925,74.35897435897436,7.6923076923076925,0.0,0.0,0.0,100.0,0.0,25.64102564102564,0.0,0.0,7.6923076923076925,23.07692307692308,48.71794871794872,17.94871794871795,2.564102564102564,0.0,0.0,0.0,0.0,100.0,0.0,0.0,51.282051282051285,10.256410256410255,61.53846153846154,28.205128205128204,0.0,50.0,0.0,50.0,0.0,61.53846153846154
E0758,78.94736842105263,2.631578947368421,10.526315789473683,7.894736842105263,66.66666666666666,0.0,33.33333333333333,0.0,22.80701754385965,0.0,100.0,0.0,0.0,0.0,0.0,100.0,0.0,0.0,0.0,0.0,0.0,18.421052631578945,57.89473684210527,18.421052631578945,0.0,2.631578947368421,2.631578947368421,0.0,33.33333333333333,33.33333333333333,33.33333333333333,0.0,0.0,0.0,29.82456140350877,13.157894736842104,65.78947368421053,21.052631578947366,0.0,0.0,66.66666666666666,33.33333333333333,0.0,13.157894736842096
E0759,0.0,1.5384615384615383,95.3846153846154,3.076923076923077,0.0,0.0,100.0,0.0,4.615384615384614,87.6923076923077,6.153846153846154,3.076923076923077,3.076923076923077,0.0,83.33333333333334,0.0,0.0,16.666666666666664,0.0,13.589743589743584,6.153846153846154,60.0,18.461538461538463,1.5384615384615383,3.076923076923077,7.6923076923076925,3.076923076923077,0.0,50.0,0.0,0.0,0.0,50.0,0.0,42.30769230769232,0.0,20.0,66.15384615384615,13.846153846153848,0.0,16.666666666666664,66.66666666666666,16.666666666666664,3.333333333333332
E0760,12.12121212121212,6.0606060606060606,78.78787878787878,3.0303030303030303,25.0,0.0,75.0,0.0,12.878787878787875,0.0,0.0,0.0,3.0303030303030303,96.96969696969695,0.0,0.0,0.0,0.0,100.0,3.0303030303030307,15.151515151515152,51.51515151515152,18.181818181818183,3.0303030303030303,3.0303030303030303,3.0303030303030303,6.0606060606060606,25.0,50.0,0.0,0.0,0.0,0.0,25.0,28.78787878787879,9.090909090909092,69.6969696969697,21.21212121212121,0.0,0.0,75.0,25.0,0.0,9.09090909090909
E0763,82.85714285714286,10.0,2.857142857142857,4.285714285714286,83.33333333333334,16.666666666666664,0.0,0.0,7.142857142857144,5.714285714285714,2.857142857142857,11.428571428571429,4.285714285714286,75.71428571428571,16.666666666666664,16.666666666666664,16.666666666666664,0.0,50.0,29.999999999999996,5.714285714285714,4.285714285714286,2.857142857142857,17.142857142857142,48.57142857142857,20.0,1.4285714285714286,16.666666666666664,16.666666666666664,0.0,16.666666666666664,50.0,0.0,0.0,24.761904761904763,17.142857142857142,71.42857142857143,11.428571428571429,0.0,33.33333333333333,66.66666666666666,0.0,0.0,16.190476190476193
E0764,2.857142857142857,8.571428571428571,85.71428571428571,2.857142857142857,0.0,0.0,100.0,0.0,14.28571428571429,0.0,2.857142857142857,0.0,2.857142857142857,94.28571428571428,0.0,0.0,0.0,0.0,100.0,5.714285714285719,2.857142857142857,17.142857142857142,51.42857142857142,17.142857142857142,5.714285714285714,2.857142857142857,2.857142857142857,0.0,33.33333333333333,33.33333333333333,33.33333333333333,0.0,0.0,0.0,32.38095238095238,25.71428571428571,60.0,14.285714285714285,0.0,0.0,100.0,0.0,0.0,40.0
E0765,5.681818181818182,1.1363636363636365,90.9090909090909,2.272727272727273,25.0,0.0,75.0,0.0,19.318181818181817,2.272727272727273,4.545454545454546,2.272727272727273,89.77272727272727,1.1363636363636365,0.0,0.0,0.0,100.0,0.0,10.227272727272732,53.40909090909091,30.681818181818183,2.272727272727273,3.4090909090909087,2.272727272727273,5.681818181818182,2.272727272727273,100.0,0.0,0.0,0.0,0.0,0.0,0.0,46.590909090909086,15.909090909090908,69.31818181818183,14.772727272727272,0.0,0.0,75.0,25.0,0.0,15.909090909090905
E0766,0.0,95.1219512195122,2.4390243902439024,2.4390243902439024,0.0,100.0,0.0,0.0,4.878048780487804,0.0,0.0,0.0,97.5609756097561,2.4390243902439024,0.0,0.0,0.0,100.0,0.0,2.439024390243902,60.97560975609756,17.073170731707318,2.4390243902439024,4.878048780487805,4.878048780487805,4.878048780487805,4.878048780487805,33.33333333333333,33.33333333333333,16.666666666666664,0.0,0.0,16.666666666666664,0.0,42.27642276422764,24.390243902439025,65.85365853658537,9.75609756097561,0.0,16.666666666666664,66.66666666666666,16.666666666666664,0.0,7.723577235772351
E0767,3.225806451612903,0.0,90.32258064516128,6.451612903225806,0.0,0.0,100.0,0.0,9.677419354838715,0.0,3.225806451612903,0.0,90.32258064516128,6.451612903225806,0.0,0.0,0.0,100.0,0.0,9.677419354838715,64.51612903225806,19.35483870967742,0.0,0.0,6.451612903225806,3.225806451612903,6.451612903225806,75.0,25.0,0.0,0.0,0.0,0.0,0.0,16.129032258064516,77.41935483870968,22.58064516129032,0.0,0.0,75.0,25.0,0.0,0.0,2.41935483870968
E0768,80.0,8.571428571428571,5.714285714285714,5.714285714285714,71.42857142857143,14.285714285714285,0.0,14.285714285714285,14.285714285714285,80.0,5.714285714285714,5.714285714285714,5.714285714285714,2.857142857142857,85.71428571428571,0.0,0.0,14.285714285714285,0.0,14.285714285714285,0.0,20.0,60.0,14.285714285714285,0.0,2.857142857142857,2.857142857142857,0.0,14.285714285714285,85.71428571428571,0.0,0.0,0.0,0.0,25.714285714285708,11.428571428571429,74.28571428571429,14.285714285714285,0.0,14.285714285714285,71.42857142857143,14.285714285714285,0.0,2.8571428571428585
E0769,0.0,2.702702702702702,91.8918918918919,5.405405405405405,0.0,0.0,100.0,0.0,8.108108108108102,97.2972972972973,0.0,0.0,0.0,2.702702702702702,100.0,0.0,0.0,0.0,0.0,2.702702702702698,2.702702702702702,2.702702702702702,8.108108108108109,2.702702702702702,27.027027027027028,51.35135135135135,5.405405405405405,0.0,0.0,0.0,25.0,25.0,50.0,0.0,22.29729729729729,8.108108108108109,70.27027027027027,21.62162162162162,0.0,0.0,100.0,0.0,0.0,29.72972972972973
E0771,0.0,96.29629629629628,1.851851851851852,1.851851851851852,0.0,100.0,0.0,0.0,3.703703703703706,0.0,1.851851851851852,3.7037037037037033,92.5925925925926,1.851851851851852,0.0,0.0,14.285714285714285,85.71428571428571,0.0,10.582010582010586,0.0,0.0,1.851851851851852,29.629629629629623,46.2962962962963,20.37037037037037,1.851851851851852,0.0,0.0,0.0,28.57142857142857,28.57142857142857,42.85714285714285,0.0,22.486772486772487,11.11111111111111,72.22222222222221,16.666666666666664,0.0,0.0,100.0,0.0,0.0,27.777777777777786
E0772,91.93548387096774,1.6129032258064515,4.838709677419355,1.6129032258064515,100.0,0.0,0.0,0.0,8.064516129032258,1.6129032258064515,0.0,1.6129032258064515,3.225806451612903,93.5483870967742,0.0,0.0,0.0,0.0,100.0,6.451612903225807,1.6129032258064515,22.58064516129032,46.774193548387096,24.193548387096776,0.0,1.6129032258064515,3.225806451612903,0.0,0.0,25.0,75.0,0.0,0.0,0.0,50.80645161290322,14.516129032258066,66.12903225806451,19.35483870967742,0.0,0.0,75.0,25.0,0.0,14.516129032258066
E0775,2.1739130434782608,6.521739130434782,4.3478260869565215,86.95652173913044,0.0,0.0,0.0,100.0,13.043478260869565,91.30434782608695,4.3478260869565215,2.1739130434782608,2.1739130434782608,0.0,50.0,0.0,50.0,0.0,0.0,47.82608695652174,0.0,2.1739130434782608,6.521739130434782,8.695652173913043,8.695652173913043,67.3913043478261,6.521739130434782,0.0,0.0,0.0,0.0,0.0,100.0,0.0,32.60869565217391,0.0,26.08695652173913,67.3913043478261,6.521739130434782,0.0,0.0,100.0,0.0,32.60869565217391
E0777,7.5,5.0,5.0,82.5,0.0,0.0,0.0,100.0,17.5,0.0,0.0,100.0,0.0,0.0,0.0,0.0,100.0,0.0,0.0,0.0,27.500000000000004,40.0,17.5,7.5,2.5,0.0,5.0,0.0,66.66666666666666,0.0,0.0,0.0,0.0,33.33333333333333,54.99999999999999,17.5,60.0,22.5,0.0,33.33333333333333,66.66666666666666,0.0,0.0,22.499999999999996
E0779,8.88888888888889,0.0,8.88888888888889,82.22222222222221,0.0,0.0,0.0,100.0,17.777777777777782,4.444444444444445,2.2222222222222223,86.66666666666667,6.666666666666667,0.0,16.666666666666664,0.0,66.66666666666666,16.666666666666664,0.0,22.22222222222223,0.0,6.666666666666667,64.44444444444444,20.0,2.2222222222222223,0.0,6.666666666666667,0.0,33.33333333333333,50.0,16.666666666666664,0.0,0.0,0.0,26.66666666666666,22.22222222222222,71.11111111111111,6.666666666666667,0.0,33.33333333333333,66.66666666666666,0.0,0.0,11.111111111111116
E0780,59.523809523809526,14.285714285714285,19.047619047619047,7.142857142857142,40.0,40.0,20.0,0.0,26.666666666666664,9.523809523809524,85.71428571428571,4.761904761904762,0.0,0.0,20.0,80.0,0.0,0.0,0.0,10.476190476190473,2.380952380952381,2.380952380952381,11.904761904761903,45.23809523809524,26.190476190476197,4.761904761904762,7.142857142857142,20.0,0.0,20.0,40.0,0.0,0.0,20.0,38.57142857142858,16.666666666666664,69.04761904761905,14.285714285714285,0.0,40.0,60.0,0.0,0.0,23.333333333333336
E0781,11.29032258064516,11.29032258064516,69.35483870967742,8.064516129032258,0.0,0.0,100.0,0.0,30.645161290322577,0.0,1.6129032258064515,0.0,93.5483870967742,4.838709677419355,0.0,0.0,0.0,100.0,0.0,6.451612903225808,1.6129032258064515,1.6129032258064515,1.6129032258064515,0.0,25.806451612903224,64.51612903225806,4.838709677419355,0.0,0.0,0.0,0.0,0.0,100.0,0.0,35.483870967741936,0.0,17.741935483870968,74.19354838709677,8.064516129032258,0.0,0.0,100.0,0.0,25.806451612903228
E0782,6.896551724137931,6.896551724137931,75.86206896551724,10.344827586206897,0.0,33.33333333333333,66.66666666666666,0.0,26.436781609195403,0.0,6.896551724137931,0.0,0.0,93.10344827586206,0.0,0.0,0.0,0.0,100.0,6.896551724137933,0.0,6.896551724137931,24.13793103448276,55.172413793103445,6.896551724137931,6.896551724137931,0.0,0.0,0.0,66.66666666666666,33.33333333333333,0.0,0.0,0.0,42.52873563218391,79.3103448275862,20.689655172413797,0.0,0.0,0.0,100.0,0.0,0.0,79.3103448275862
E0783,11.11111111111111,0.0,88.88888888888889,0.0,0.0,0.0,100.0,0.0,11.111111111111112,0.0,0.0,100.0,0.0,0.0,0.0,0.0,100.0,0.0,0.0,0.0,0.0,0.0,44.44444444444444,55.55555555555556,0.0,0.0,0.0,0.0,0.0,0.0,100.0,0.0,0.0,0.0,44.44444444444444,77.77777777777779,22.22222222222222,0.0,0.0,100.0,0.0,0.0,0.0,22.222222222222214
E0785,9.523809523809524,7.142857142857142,11.904761904761903,71.42857142857143,25.0,0.0,0.0,75.0,19.047619047619047,0.0,2.380952380952381,95.23809523809524,0.0,2.380952380952381,0.0,0.0,100.0,0.0,0.0,4.761904761904768,54.761904761904766,26.190476190476197,7.142857142857142,2.380952380952381,2.380952380952381,4.761904761904762,2.380952380952381,50.0,25.0,25.0,0.0,0.0,0.0,0.0,17.857142857142858,16.666666666666664,66.66666666666666,16.666666666666664,0.0,0.0,75.0,25.0,0.0,16.66666666666667
E0786,90.0,5.0,2.5,2.5,60.0,40.0,0.0,0.0,35.0,0.0,0.0,5.0,92.5,2.5,0.0,0.0,0.0,80.0,20.0,17.5,10.0,47.5,37.5,0.0,0.0,2.5,2.5,0.0,80.0,20.0,0.0,0.0,0.0,0.0,32.5,12.5,60.0,27.500000000000004,0.0,20.0,40.0,40.0,0.0,20.0
E0787,2.564102564102564,10.256410256410255,84.61538461538461,2.564102564102564,0.0,50.0,50.0,0.0,39.74358974358975,79.48717948717949,12.82051282051282,2.564102564102564,2.564102564102564,2.564102564102564,75.0,25.0,0.0,0.0,0.0,12.17948717948718,61.53846153846154,25.64102564102564,2.564102564102564,2.564102564102564,2.564102564102564,2.564102564102564,2.564102564102564,100.0,0.0,0.0,0.0,0.0,0.0,0.0,38.46153846153848,84.61538461538461,15.384615384615383,0.0,0.0,50.0,50.0,0.0,0.0,34.61538461538461
E0788,12.5,0.0,87.5,0.0,0.0,0.0,100.0,0.0,12.5,100.0,0.0,0.0,0.0,0.0,100.0,0.0,0.0,0.0,0.0,0.0,0.0,12.5,12.5,37.5,37.5,0.0,0.0,0.0,0.0,0.0,100.0,0.0,0.0,0.0,62.5,37.5,50.0,12.5,0.0,0.0,0.0,100.0,0.0,87.5
E0789,8.108108108108109,2.702702702702702,5.405405405405405,83.78378378378379,0.0,0.0,33.33333333333333,66.66666666666666,27.92792792792793,5.405405405405405,86.48648648648648,5.405405405405405,2.702702702702702,0.0,0.0,100.0,0.0,0.0,0.0,13.513513513513512,0.0,2.702702702702702,16.216216216216218,64.86486486486487,13.513513513513514,0.0,2.702702702702702,0.0,0.0,0.0,66.66666666666666,33.33333333333333,0.0,0.0,21.62162162162161,0.0,16.216216216216218,70.27027027027027,13.513513513513514,0.0,33.33333333333333,66.66666666666666,0.0,17.11711711711712
E0790,85.71428571428571,5.714285714285714,7.142857142857142,1.4285714285714286,50.0,0.0,0.0,50.0,48.57142857142857,74.28571428571429,11.428571428571429,8.571428571428571,2.857142857142857,2.857142857142857,100.0,0.0,0.0,0.0,0.0,25.714285714285708,64.28571428571429,18.571428571428573,2.857142857142857,5.714285714285714,4.285714285714286,4.285714285714286,0.0,50.0,0.0,0.0,50.0,0.0,0.0,0.0,44.28571428571429,0.0,17.142857142857142,60.0,22.857142857142858,0.0,0.0,100.0,0.0,40.0
E0791,4.545454545454546,4.545454545454546,77.27272727272727,13.636363636363637,0.0,0.0,50.0,50.0,36.36363636363636,1.5151515151515151,4.545454545454546,80.3030303030303,13.636363636363637,0.0,0.0,0.0,100.0,0.0,0.0,19.6969696969697,1.5151515151515151,1.5151515151515151,6.0606060606060606,19.696969696969692,54.54545454545454,13.636363636363637,3.0303030303030303,0.0,0.0,50.0,0.0,50.0,0.0,0.0,43.93939393939393,10.606060606060606,75.75757575757575,13.636363636363637,0.0,50.0,0.0,50.0,0.0,75.75757575757575
E0792,74.24242424242425,7.575757575757576,6.0606060606060606,12.12121212121212,66.66666666666666,16.666666666666664,16.666666666666664,0.0,19.696969696969703,0.0,3.0303030303030303,96.96969696969695,0.0,0.0,0.0,0.0,100.0,0.0,0.0,3.0303030303030307,16.666666666666664,46.96969696969697,25.75757575757576,0.0,4.545454545454546,3.0303030303030303,3.0303030303030303,16.666666666666664,33.33333333333333,33.33333333333333,0.0,0.0,0.0,16.666666666666664,21.21212121212121,18.181818181818183,65.15151515151516,16.666666666666664,0.0,33.33333333333333,66.66666666666666,0.0,0.0,16.666666666666657
E0793,3.125,0.0,96.875,0.0,0.0,0.0,100.0,0.0,3.125,0.0,3.125,90.625,3.125,3.125,0.0,33.33333333333333,66.66666666666666,0.0,0.0,30.208333333333336,15.625,34.375,21.875,15.625,0.0,12.5,0.0,0.0,33.33333333333333,0.0,66.66666666666666,0.0,0.0,0.0,51.04166666666666,90.625,9.375,0.0,0.0,100.0,0.0,0.0,0.0,9.375
E0794,9.63855421686747,12.048192771084338,67.46987951807229,10.843373493975903,25.0,25.0,50.0,0.0,28.313253012048197,7.228915662650602,86.74698795180723,2.409638554216868,2.409638554216868,1.2048192771084338,0.0,100.0,0.0,0.0,0.0,13.253012048192772,16.867469879518072,48.19277108433735,19.27710843373494,1.2048192771084338,8.433734939759036,4.819277108433735,1.2048192771084338,0.0,25.0,50.0,0.0,0.0,25.0,0.0,50.90361445783132,14.457831325301203,69.87951807228916,15.66265060240964,0.0,0.0,100.0,0.0,0.0,30.12048192771084
E0796,7.5,2.5,85.0,5.0,0.0,0.0,100.0,0.0,15.0,90.0,5.0,5.0,0.0,0.0,100.0,0.0,0.0,0.0,0.0,10.0,20.0,52.5,17.5,2.5,2.5,2.5,2.5,0.0,100.0,0.0,0.0,0.0,0.0,0.0,47.5,10.0,72.5,17.5,0.0,0.0,100.0,0.0,0.0,27.5
E0797,2.4390243902439024,92.6829268292683,2.4390243902439024,2.4390243902439024,0.0,100.0,0.0,0.0,7.317073170731706,2.4390243902439024,2.4390243902439024,2.4390243902439024,80.48780487804879,12.195121951219512,33.33333333333333,0.0,0.0,66.66666666666666,0.0,30.89430894308944,0.0,19.51219512195122,56.09756097560976,19.51219512195122,2.4390243902439024,0.0,2.4390243902439024,0.0,33.33333333333333,33.33333333333333,0.0,0.0,0.0,33.33333333333333,44.71544715447155,14.634146341463412,70.73170731707317,14.634146341463412,0.0,0.0,100.0,0.0,0.0,29.268292682926827
E0799,3.0303030303030303,3.0303030303030303,87.87878787878788,6.0606060606060606,0.0,0.0,100.0,0.0,12.121212121212125,0.0,9.090909090909092,0.0,12.12121212121212,78.78787878787878,0.0,20.0,0.0,0.0,80.0,12.121212121212125,0.0,12.12121212121212,12.12121212121212,0.0,3.0303030303030303,3.0303030303030303,69.6969696969697,0.0,20.0,20.0,0.0,0.0,0.0,60.0,15.75757575757576,93.93939393939394,6.0606060606060606,0.0,0.0,80.0,20.0,0.0,0.0,13.939393939393938
E0801,5.405405405405405,10.81081081081081,10.81081081081081,72.97297297297297,0.0,25.0,0.0,75.0,16.216216216216218,2.702702702702702,0.0,97.2972972972973,0.0,0.0,0.0,0.0,100.0,0.0,0.0,2.702702702702698,72.97297297297297,13.513513513513514,5.405405405405405,0.0,2.702702702702702,2.702702702702702,2.702702702702702,100.0,0.0,0.0,0.0,0.0,0.0,0.0,27.027027027027028,75.67567567567568,24.324324324324326,0.0,0.0,100.0,0.0,0.0,0.0,24.324324324324323
E0804,11.76470588235294,11.76470588235294,73.52941176470588,2.941176470588235,0.0,0.0,100.0,0.0,26.47058823529412,0.0,2.941176470588235,2.941176470588235,85.29411764705883,8.823529411764707,0.0,0.0,0.0,100.0,0.0,14.705882352941176,67.64705882352942,20.588235294117645,2.941176470588235,0.0,2.941176470588235,0.0,5.88235294117647,50.0,50.0,0.0,0.0,0.0,0.0,0.0,29.411764705882355,17.647058823529413,70.58823529411765,11.76470588235294,0.0,50.0,50.0,0.0,0.0,32.35294117647059
E0805,9.75609756097561,14.634146341463412,65.85365853658537,9.75609756097561,0.0,0.0,100.0,0.0,34.14634146341463,0.0,0.0,92.6829268292683,7.317073170731707,0.0,0.0,0.0,100.0,0.0,0.0,7.317073170731705,2.4390243902439024,2.4390243902439024,2.4390243902439024,17.073170731707318,46.34146341463415,26.82926829268293,2.4390243902439024,0.0,0.0,0.0,75.0,25.0,0.0,0.0,57.92682926829268,19.51219512195122,65.85365853658537,14.634146341463412,0.0,25.0,75.0,0.0,0.0,14.634146341463412
E0806,2.5,7.5,85.0,5.0,0.0,0.0,100.0,0.0,15.0,0.0,5.0,17.5,72.5,5.0,0.0,33.33333333333333,66.66666666666666,0.0,0.0,77.5,2.5,30.0,42.5,17.5,2.5,5.0,0.0,0.0,66.66666666666666,0.0,33.33333333333333,0.0,0.0,0.0,52.49999999999999,0.0,15.0,80.0,5.0,0.0,33.33333333333333,66.66666666666666,0.0,18.333333333333336
E0807,0.0,3.0303030303030303,0.0,96.96969696969695,0.0,0.0,0.0,100.0,3.0303030303030307,3.0303030303030303,6.0606060606060606,0.0,6.0606060606060606,84.84848484848484,0.0,0.0,0.0,0.0,100.0,15.151515151515152,0.0,12.12121212121212,51.51515151515152,21.21212121212121,3.0303030303030303,9.090909090909092,3.0303030303030303,0.0,0.0,33.33333333333333,33.33333333333333,0.0,33.33333333333333,0.0,36.36363636363636,0.0,9.090909090909092,69.6969696969697,21.21212121212121,0.0,33.33333333333333,33.33333333333333,33.33333333333333,36.36363636363636
E0808,10.714285714285714,7.142857142857142,0.0,82.14285714285714,0.0,0.0,0.0,100.0,17.857142857142858,0.0,0.0,3.571428571428571,0.0,96.42857142857144,0.0,0.0,0.0,0.0,100.0,3.5714285714285703,14.285714285714285,0.0,21.428571428571427,46.42857142857143,14.285714285714285,0.0,3.571428571428571,50.0,0.0,0.0,50.0,0.0,0.0,0.0,39.285714285714285,10.714285714285714,82.14285714285714,7.142857142857142,0.0,0.0,100.0,0.0,0.0,17.85714285714286
E0809,3.4482758620689653,6.896551724137931,86.20689655172413,3.4482758620689653,0.0,16.666666666666664,83.33333333333334,0.0,9.770114942528725,6.896551724137931,0.0,17.24137931034483,68.96551724137932,6.896551724137931,0.0,0.0,0.0,66.66666666666666,33.33333333333333,26.43678160919541,13.79310344827586,51.72413793103448,17.24137931034483,10.344827586206897,0.0,3.4482758620689653,3.4482758620689653,0.0,50.0,16.666666666666664,16.666666666666664,0.0,16.666666666666664,0.0,19.54022988505747,0.0,27.58620689655172,58.620689655172406,13.79310344827586,0.0,33.33333333333333,50.0,16.666666666666664,8.620689655172407
E0811,4.761904761904762,90.47619047619048,2.380952380952381,2.380952380952381,0.0,50.0,50.0,0.0,47.61904761904762,90.47619047619048,2.380952380952381,4.761904761904762,2.380952380952381,0.0,100.0,0.0,0.0,0.0,0.0,9.52380952380952,14.285714285714285,52.38095238095239,23.809523809523807,2.380952380952381,2.380952380952381,4.761904761904762,0.0,0.0,50.0,0.0,50.0,0.0,0.0,0.0,47.61904761904762,11.904761904761903,71.42857142857143,16.666666666666664,0.0,0.0,50.0,50.0,0.0,33.333333333333336
E0812,3.0303030303030303,1.5151515151515151,95.45454545454544,0.0,0.0,0.0,100.0,0.0,4.545454545454546,93.93939393939394,1.5151515151515151,1.5151515151515151,1.5151515151515151,1.5151515151515151,80.0,0.0,0.0,0.0,20.0,18.484848484848484,3.0303030303030303,0.0,27.27272727272727,48.48484848484848,16.666666666666664,3.0303030303030303,1.5151515151515151,0.0,0.0,40.0,20.0,40.0,0.0,0.0,36.06060606060607,13.636363636363637,69.6969696969697,16.666666666666664,0.0,20.0,80.0,0.0,0.0,16.666666666666664
E0813,7.142857142857142,2.380952380952381,11.904761904761903,78.57142857142857,0.0,0.0,0.0,100.0,21.42857142857143,2.380952380952381,0.0,2.380952380952381,90.47619047619048,4.761904761904762,0.0,0.0,0.0,100.0,0.0,9.523809523809522,21.428571428571427,47.61904761904761,26.190476190476197,0.0,2.380952380952381,0.0,2.380952380952381,50.0,50.0,0.0,0.0,0.0,0.0,0.0,30.95238095238096,16.666666666666664,66.66666666666666,16.666666666666664,0.0,0.0,100.0,0.0,0.0,33.333333333333336
E0814,3.508771929824561,5.263157894736842,80.7017543859649,10.526315789473683,25.0,0.0,75.0,0.0,21.491228070175435,91.2280701754386,3.508771929824561,3.508771929824561,0.0,1.7543859649122806,100.0,0.0,0.0,0.0,0.0,8.771929824561408,66.66666666666666,17.543859649122805,5.263157894736842,3.508771929824561,0.0,3.508771929824561,3.508771929824561,75.0,25.0,0.0,0.0,0.0,0.0,0.0,15.789473684210533,15.789473684210526,64.91228070175438,19.29824561403509,0.0,25.0,50.0,25.0,0.0,14.912280701754383
E0815,9.67741935483871,80.64516129032258,3.225806451612903,6.451612903225806,0.0,100.0,0.0,0.0,19.354838709677423,9.67741935483871,3.225806451612903,83.87096774193549,3.225806451612903,0.0,0.0,0.0,100.0,0.0,0.0,16.129032258064512,3.225806451612903,0.0,0.0,0.0,9.67741935483871,3.225806451612903,83.87096774193549,0.0,0.0,0.0,0.0,0.0,0.0,100.0,16.129032258064512,12.903225806451612,74.19354838709677,12.903225806451612,0.0,33.33333333333333,66.66666666666666,0.0,0.0,20.43010752688172
E0816,0.0,0.0,0.0,100.0,0.0,0.0,0.0,100.0,0.0,0.0,0.0,0.0,11.11111111111111,88.88888888888889,0.0,0.0,0.0,100.0,0.0,88.88888888888889,44.44444444444444,44.44444444444444,0.0,0.0,11.11111111111111,0.0,0.0,100.0,0.0,0.0,0.0,0.0,0.0,0.0,55.55555555555556,77.77777777777779,22.22222222222222,0.0,0.0,100.0,0.0,0.0,0.0,22.222222222222214
E0817,7.4074074074074066,88.88888888888889,3.7037037037037033,0.0,0.0,100.0,0.0,0.0,11.11111111111111,3.7037037037037033,22.22222222222222,70.37037037037037,3.7037037037037033,0.0,0.0,75.0,25.0,0.0,0.0,52.77777777777778,3.7037037037037033,0.0,11.11111111111111,18.51851851851852,55.55555555555556,11.11111111111111,0.0,0.0,0.0,25.0,25.0,50.0,0.0,0.0,20.37037037037037,11.11111111111111,74.07407407407408,14.814814814814811,0.0,25.0,75.0,0.0,0.0,14.814814814814811
E0818,96.875,0.0,3.125,0.0,100.0,0.0,0.0,0.0,3.125,93.75,0.0,0.0,3.125,3.125,100.0,0.0,0.0,0.0,0.0,6.25,3.125,6.25,3.125,15.625,50.0,12.5,9.375,0.0,0.0,0.0,0.0,100.0,0.0,0.0,50.0,78.125,21.875,0.0,0.0,100.0,0.0,0.0,0.0,21.875
E0819,0.0,2.380952380952381,95.23809523809524,2.380952380952381,0.0,0.0,100.0,0.0,4.761904761904768,2.380952380952381,2.380952380952381,95.23809523809524,0.0,0.0,0.0,0.0,100.0,0.0,0.0,4.761904761904768,7.142857142857142,59.523809523809526,21.428571428571427,4.761904761904762,2.380952380952381,2.380952380952381,2.380952380952381,0.0,100.0,0.0,0.0,0.0,0.0,0.0,40.47619047619048,14.285714285714285,71.42857142857143,14.285714285714285,0.0,33.33333333333333,66.66666666666666,0.0,0.0,19.04761904761905
E0820,0.0,94.87179487179486,0.0,5.128205128205128,0.0,100.0,0.0,0.0,5.128205128205133,92.3076923076923,0.0,5.128205128205128,0.0,2.564102564102564,66.66666666666666,0.0,33.33333333333333,0.0,0.0,28.205128205128208,61.53846153846154,25.64102564102564,2.564102564102564,2.564102564102564,0.0,5.128205128205128,2.564102564102564,66.66666666666666,33.33333333333333,0.0,0.0,0.0,0.0,0.0,12.820512820512814,20.51282051282051,58.97435897435898,20.51282051282051,0.0,66.66666666666666,33.33333333333333,0.0,0.0,46.15384615384615
E0821,3.571428571428571,3.571428571428571,85.71428571428571,7.142857142857142,0.0,0.0,100.0,0.0,14.285714285714288,0.0,0.0,3.571428571428571,82.14285714285714,14.285714285714285,0.0,0.0,0.0,100.0,0.0,17.857142857142858,71.42857142857143,17.857142857142858,0.0,3.571428571428571,0.0,0.0,7.142857142857142,66.66666666666666,33.33333333333333,0.0,0.0,0.0,0.0,0.0,15.47619047619048,25.0,46.42857142857143,28.57142857142857,0.0,0.0,66.66666666666666,33.33333333333333,0.0,24.999999999999996
E0822,0.0,5.405405405405405,94.5945945945946,0.0,0.0,0.0,100.0,0.0,5.405405405405404,0.0,0.0,97.2972972972973,0.0,2.702702702702702,0.0,0.0,100.0,0.0,0.0,2.702702702702698,8.108108108108109,0.0,27.027027027027028,43.24324324324324,18.91891891891892,2.702702702702702,0.0,0.0,0.0,33.33333333333333,0.0,66.66666666666666,0.0,0.0,54.05405405405405,0.0,10.81081081081081,64.86486486486487,24.324324324324326,0.0,0.0,66.66666666666666,33.33333333333333,10.8108108108108
E0823,83.33333333333334,8.333333333333332,6.944444444444445,1.3888888888888888,100.0,0.0,0.0,0.0,16.66666666666666,4.166666666666666,2.7777777777777777,5.555555555555555,80.55555555555556,6.944444444444445,0.0,0.0,25.0,50.0,25.0,37.5,2.7777777777777777,2.7777777777777777,19.444444444444446,52.77777777777778,15.27777777777778,6.944444444444445,0.0,0.0,0.0,50.0,25.0,25.0,0.0,0.0,40.27777777777778,0.0,19.444444444444446,62.5,18.055555555555557,0.0,50.0,50.0,0.0,30.55555555555556
E0824,2.941176470588235,8.823529411764707,0.0,88.23529411764706,0.0,0.0,0.0,100.0,11.764705882352942,2.941176470588235,0.0,2.941176470588235,91.17647058823528,2.941176470588235,0.0,0.0,50.0,50.0,0.0,47.05882352941176,5.88235294117647,0.0,2.941176470588235,26.47058823529412,44.11764705882353,17.647058823529413,2.941176470588235,0.0,0.0,50.0,0.0,50.0,0.0,0.0,52.941176470588246,17.647058823529413,67.64705882352942,14.705882352941178,0.0,0.0,100.0,0.0,0.0,32.35294117647059
E0825,8.333333333333332,83.33333333333334,5.555555555555555,2.7777777777777777,0.0,100.0,0.0,0.0,16.66666666666666,0.0,94.44444444444444,5.555555555555555,0.0,0.0,0.0,100.0,0.0,0.0,0.0,5.555555555555556,2.7777777777777777,0.0,5.555555555555555,2.7777777777777777,30.55555555555556,58.333333333333336,0.0,0.0,0.0,0.0,0.0,0.0,100.0,0.0,41.66666666666667,33.33333333333333,47.22222222222222,19.444444444444446,0.0,33.33333333333333,66.66666666666666,0.0,0.0,19.444444444444443
E0826,2.5316455696202533,8.860759493670885,87.34177215189874,1.2658227848101269,0.0,0.0,100.0,0.0,12.658227848101264,83.54430379746836,6.329113924050633,2.5316455696202533,1.2658227848101269,6.329113924050633,50.0,25.0,0.0,25.0,0.0,42.40506329113924,1.2658227848101269,3.79746835443038,39.24050632911392,35.44303797468354,15.18987341772152,2.5316455696202533,2.5316455696202533,0.0,0.0,50.0,25.0,0.0,0.0,25.0,33.22784810126582,11.39240506329114,67.08860759493672,21.518987341772156,0.0,50.0,50.0,0.0,0.0,38.607594936708864
E0827,8.695652173913043,4.3478260869565215,5.797101449275362,81.15942028985508,25.0,0.0,25.0,50.0,35.507246376811594,2.898550724637681,4.3478260869565215,7.246376811594203,17.391304347826086,68.11594202898551,0.0,0.0,25.0,25.0,50.0,25.362318840579714,18.84057971014493,42.028985507246375,28.98550724637681,2.898550724637681,4.3478260869565215,2.898550724637681,0.0,0.0,50.0,50.0,0.0,0.0,0.0,0.0,28.98550724637681,85.5072463768116,14.492753623188406,0.0,0.0,100.0,0.0,0.0,0.0,14.492753623188406
E0828,84.61538461538461,5.128205128205128,2.564102564102564,7.6923076923076925,80.0,0.0,0.0,20.0,12.307692307692308,82.05128205128204,10.256410256410255,2.564102564102564,5.128205128205128,0.0,80.0,20.0,0.0,0.0,0.0,9.74358974358974,28.205128205128204,48.71794871794872,15.384615384615383,2.564102564102564,5.128205128205128,0.0,0.0,40.0,20.0,40.0,0.0,0.0,0.0,0.0,36.41025641025641,87.17948717948718,12.82051282051282,0.0,0.0,100.0,0.0,0.0,0.0,12.820512820512818
E0829,10.0,10.0,72.5,7.5,33.33333333333333,0.0,66.66666666666666,0.0,23.333333333333336,2.5,0.0,5.0,5.0,87.5,0.0,0.0,0.0,0.0,100.0,12.5,0.0,0.0,5.0,20.0,47.5,25.0,2.5,0.0,0.0,0.0,0.0,66.66666666666666,33.33333333333333,0.0,27.499999999999996,17.5,65.0,17.5,0.0,0.0,66.66666666666666,33.33333333333333,0.0,17.499999999999993
E0830,4.0,4.0,90.0,2.0,0.0,0.0,100.0,0.0,10.0,86.0,6.0,4.0,2.0,2.0,100.0,0.0,0.0,0.0,0.0,14.0,16.0,50.0,18.0,2.0,4.0,0.0,10.0,0.0,100.0,0.0,0.0,0.0,0.0,0.0,50.0,10.0,70.0,20.0,0.0,0.0,50.0,50.0,0.0,30.0
E0831,1.7857142857142856,5.357142857142857,89.28571428571429,3.571428571428571,0.0,0.0,100.0,0.0,10.714285714285712,0.0,0.0,8.928571428571429,76.78571428571429,14.285714285714285,0.0,0.0,20.0,60.0,20.0,16.78571428571429,69.64285714285714,10.714285714285714,3.571428571428571,7.142857142857142,1.7857142857142856,1.7857142857142856,5.357142857142857,40.0,20.0,0.0,40.0,0.0,0.0,0.0,42.14285714285715,25.0,58.92857142857143,16.071428571428573,0.0,20.0,80.0,0.0,0.0,21.07142857142857
E0832,3.7735849056603774,0.0,90.56603773584906,5.660377358490567,0.0,0.0,50.0,50.0,44.33962264150944,1.8867924528301887,0.0,94.33962264150944,1.8867924528301887,1.8867924528301887,0.0,0.0,100.0,0.0,0.0,5.660377358490566,7.547169811320755,1.8867924528301887,18.867924528301888,39.62264150943396,26.41509433962264,5.660377358490567,0.0,0.0,0.0,0.0,100.0,0.0,0.0,0.0,60.37735849056604,0.0,22.641509433962263,69.81132075471697,7.547169811320755,0.0,25.0,75.0,0.0,7.547169811320757
E0833,4.3478260869565215,78.26086956521739,4.3478260869565215,13.043478260869565,0.0,100.0,0.0,0.0,21.73913043478261,2.1739130434782608,2.1739130434782608,91.30434782608695,2.1739130434782608,2.1739130434782608,0.0,0.0,100.0,0.0,0.0,8.695652173913045,0.0,23.91304347826087,50.0,19.565217391304348,2.1739130434782608,4.3478260869565215,0.0,0.0,0.0,50.0,50.0,0.0,0.0,0.0,30.43478260869565,84.78260869565217,15.217391304347828,0.0,0.0,100.0,0.0,0.0,0.0,15.217391304347828
E0834,87.6923076923077,4.615384615384616,4.615384615384616,3.076923076923077,100.0,0.0,0.0,0.0,12.307692307692308,0.0,98.46153846153848,1.5384615384615383,0.0,0.0,0.0,100.0,0.0,0.0,0.0,1.5384615384615357,3.076923076923077,1.5384615384615383,4.615384615384616,3.076923076923077,24.615384615384617,61.53846153846154,1.5384615384615383,0.0,0.0,0.0,0.0,0.0,100.0,0.0,38.46153846153846,80.0,20.0,0.0,0.0,100.0,0.0,0.0,0.0,20.0
E0835,98.61111111111111,0.0,1.3888888888888888,0.0,100.0,0.0,0.0,0.0,1.3888888888888873,2.7777777777777777,1.3888888888888888,4.166666666666666,11.11111111111111,80.55555555555556,0.0,0.0,14.285714285714285,0.0,85.71428571428571,15.277777777777771,2.7777777777777777,2.7777777777777777,22.22222222222222,48.61111111111111,20.833333333333336,1.3888888888888888,1.3888888888888888,0.0,0.0,14.285714285714285,57.14285714285714,14.285714285714285,0.0,14.285714285714285,21.42857142857143,0.0,18.055555555555557,65.27777777777779,16.666666666666664,0.0,28.57142857142857,42.85714285714285,28.57142857142857,22.420634920634928
E0836,0.0,94.73684210526316,0.0,5.263157894736842,0.0,100.0,0.0,0.0,5.263157894736846,0.0,2.631578947368421,10.526315789473683,7.894736842105263,78.94736842105263,0.0,0.0,100.0,0.0,0.0,89.47368421052632,55.26315789473685,28.947368421052637,0.0,5.263157894736842,0.0,0.0,10.526315789473683,100.0,0.0,0.0,0.0,0.0,0.0,0.0,44.73684210526315,86.8421052631579,13.157894736842104,0.0,0.0,100.0,0.0,0.0,0.0,13.1578947368421
E0838,0.0,0.0,0.0,100.0,0.0,0.0,0.0,100.0,0.0,0.0,3.125,3.125,90.625,3.125,0.0,0.0,0.0,100.0,0.0,9.375,18.75,53.125,15.625,6.25,0.0,3.125,3.125,20.0,40.0,40.0,0.0,0.0,0.0,0.0,25.625,12.5,75.0,12.5,0.0,0.0,60.0,40.0,0.0,27.5
E0839,0.0,0.0,97.2972972972973,2.702702702702702,0.0,0.0,100.0,0.0,2.702702702702698,2.702702702702702,0.0,2.702702702702702,8.108108108108109,86.48648648648648,0.0,0.0,0.0,0.0,100.0,13.513513513513516,16.216216216216218,54.054054054054056,18.91891891891892,2.702702702702702,5.405405405405405,2.702702702702702,0.0,0.0,50.0,0.0,50.0,0.0,0.0,0.0,47.2972972972973,13.513513513513514,67.56756756756756,18.91891891891892,0.0,0.0,0.0,100.0,0.0,81.08108108108108
E0841,8.571428571428571,2.857142857142857,88.57142857142857,0.0,0.0,0.0,100.0,0.0,11.42857142857143,2.857142857142857,8.571428571428571,14.285714285714285,62.85714285714285,11.428571428571429,0.0,0.0,33.33333333333333,33.33333333333333,33.33333333333333,40.95238095238095,60.0,28.57142857142857,2.857142857142857,2.857142857142857,5.714285714285714,0.0,0.0,66.66666666666666,0.0,0.0,0.0,33.33333333333333,0.0,0.0,34.28571428571428,82.85714285714286,17.142857142857142,0.0,0.0,100.0,0.0,0.0,0.0,17.14285714285714
E0842,2.564102564102564,97.43589743589745,0.0,0.0,0.0,100.0,0.0,0.0,2.5641025641025665,76.92307692307693,17.94871794871795,0.0,5.128205128205128,0.0,50.0,50.0,0.0,0.0,0.0,32.05128205128206,2.564102564102564,20.51282051282051,41.02564102564102,25.64102564102564,2.564102564102564,2.564102564102564,5.128205128205128,0.0,0.0,100.0,0.0,0.0,0.0,0.0,58.97435897435897,84.61538461538461,15.384615384615383,0.0,0.0,50.0,50.0,0.0,0.0,34.61538461538461
E0843,16.666666666666664,0.0,83.33333333333334,0.0,0.0,0.0,100.0,0.0,16.66666666666666,0.0,16.666666666666664,0.0,0.0,83.33333333333334,0.0,0.0,0.0,0.0,100.0,16.66666666666666,50.0,50.0,0.0,0.0,0.0,0.0,0.0,0.0,100.0,0.0,0.0,0.0,0.0,0.0,50.0,0.0,66.66666666666666,33.33333333333333,0.0,0.0,0.0,100.0,0.0,66.66666666666666
E0844,9.090909090909092,18.181818181818183,69.6969696969697,3.0303030303030303,0.0,33.33333333333333,66.66666666666666,0.0,15.151515151515156,0.0,0.0,0.0,0.0,100.0,0.0,0.0,0.0,0.0,100.0,0.0,0.0,12.12121212121212,60.60606060606061,18.181818181818183,3.0303030303030303,0.0,6.0606060606060606,0.0,0.0,66.66666666666666,0.0,0.0,0.0,33.33333333333333,33.33333333333333,27.27272727272727,60.60606060606061,12.12121212121212,0.0,0.0,100.0,0.0,0.0,39.39393939393939
E0845,2.2222222222222223,0.0,4.444444444444445,93.33333333333331,0.0,0.0,50.0,50.0,45.55555555555556,86.66666666666667,6.666666666666667,0.0,2.2222222222222223,4.444444444444445,0.0,50.0,0.0,0.0,50.0,88.88888888888889,22.22222222222222,57.77777777777777,8.88888888888889,2.2222222222222223,0.0,4.444444444444445,4.444444444444445,50.0,50.0,0.0,0.0,0.0,0.0,0.0,27.77777777777777,8.88888888888889,75.55555555555556,15.555555555555555,0.0,0.0,50.0,50.0,0.0,34.44444444444444
E0846,0.0,8.0,88.0,4.0,0.0,0.0,100.0,0.0,12.0,4.0,0.0,8.0,12.0,76.0,0.0,0.0,0.0,0.0,100.0,24.0,0.0,4.0,0.0,16.0,56.00000000000001,20.0,4.0,0.0,0.0,0.0,0.0,100.0,0.0,0.0,44.0,16.0,80.0,4.0,0.0,0.0,100.0,0.0,0.0,20.0
E0847,42.85714285714285,0.0,14.285714285714285,42.85714285714285,100.0,0.0,0.0,0.0,57.14285714285714,100.0,0.0,0.0,0.0,0.0,100.0,0.0,0.0,0.0,0.0,0.0,0.0,0.0,0.0,0.0,57.14285714285714,28.57142857142857,14.285714285714285,0.0,0.0,0.0,0.0,0.0,100.0,0.0,71.42857142857142,0.0,42.85714285714285,57.14285714285714,0.0,0.0,0.0,100.0,0.0,42.85714285714286
E0848,12.12121212121212,6.0606060606060606,69.6969696969697,12.12121212121212,0.0,0.0,33.33333333333333,66.66666666666666,54.54545454545455,0.0,0.0,0.0,96.96969696969695,3.0303030303030303,0.0,0.0,0.0,100.0,0.0,3.0303030303030307,21.21212121212121,63.63636363636363,9.090909090909092,3.0303030303030303,3.0303030303030303,0.0,0.0,0.0,66.66666666666666,33.33333333333333,0.0,0.0,0.0,0.0,27.272727272727263,81.81818181818183,18.181818181818183,0.0,0.0,100.0,0.0,0.0,0.0,18.18181818181818
E0850,0.0,8.823529411764707,88.23529411764706,2.941176470588235,0.0,0.0,100.0,0.0,11.764705882352942,85.29411764705883,11.76470588235294,0.0,2.941176470588235,0.0,75.0,25.0,0.0,0.0,0.0,13.23529411764706,29.411764705882355,52.94117647058824,14.705882352941178,0.0,0.0,0.0,2.941176470588235,25.0,75.0,0.0,0.0,0.0,0.0,0.0,22.05882352941176,17.647058823529413,64.70588235294117,17.647058823529413,0.0,25.0,50.0,25.0,0.0,14.705882352941174
E0851,0.0,2.631578947368421,97.36842105263158,0.0,0.0,0.0,100.0,0.0,2.631578947368423,0.0,97.36842105263158,0.0,2.631578947368421,0.0,0.0,100.0,0.0,0.0,0.0,2.631578947368423,18.421052631578945,50.0,18.421052631578945,0.0,5.263157894736842,5.263157894736842,2.631578947368421,50.0,50.0,0.0,0.0,0.0,0.0,0.0,31.57894736842105,13.157894736842104,71.05263157894737,15.789473684210526,0.0,50.0,50.0,0.0,0.0,36.8421052631579
E0854,5.555555555555555,0.0,94.44444444444444,0.0,0.0,0.0,100.0,0.0,5.555555555555556,8.333333333333332,0.0,2.7777777777777777,86.11111111111111,2.7777777777777777,0.0,0.0,0.0,100.0,0.0,13.888888888888888,27.77777777777778,55.55555555555556,13.88888888888889,2.7777777777777777,0.0,0.0,0.0,0.0,100.0,0.0,0.0,0.0,0.0,0.0,44.44444444444444,0.0,25.0,63.888888888888886,11.11111111111111,0.0,100.0,0.0,0.0,75.0
E0856,5.970149253731343,4.477611940298507,79.1044776119403,10.44776119402985,14.285714285714285,0.0,71.42857142857143,14.285714285714285,12.153518123667377,76.11940298507463,7.462686567164178,10.44776119402985,5.970149253731343,0.0,100.0,0.0,0.0,0.0,0.0,23.88059701492537,64.17910447761194,20.8955223880597,1.4925373134328357,1.4925373134328357,0.0,4.477611940298507,7.462686567164178,57.14285714285714,28.57142857142857,14.285714285714285,0.0,0.0,0.0,0.0,20.46908315565032,16.417910447761194,64.17910447761194,19.402985074626866,0.0,0.0,71.42857142857143,28.57142857142857,0.0,16.417910447761194
E0858,89.47368421052632,2.631578947368421,2.631578947368421,5.263157894736842,100.0,0.0,0.0,0.0,10.526315789473683,21.052631578947366,68.42105263157895,5.263157894736842,2.631578947368421,2.631578947368421,20.0,60.0,20.0,0.0,0.0,14.736842105263156,60.526315789473685,26.31578947368421,5.263157894736842,0.0,5.263157894736842,0.0,2.631578947368421,60.0,40.0,0.0,0.0,0.0,0.0,0.0,13.684210526315791,10.526315789473683,76.31578947368422,13.157894736842104,0.0,20.0,60.0,20.0,0.0,16.315789473684216
E0859,0.0,0.0,2.631578947368421,97.36842105263158,0.0,0.0,0.0,100.0,2.631578947368423,5.263157894736842,5.263157894736842,15.789473684210526,68.42105263157895,5.263157894736842,0.0,0.0,25.0,75.0,0.0,15.789473684210527,2.631578947368421,2.631578947368421,0.0,2.631578947368421,5.263157894736842,2.631578947368421,84.21052631578947,0.0,0.0,0.0,0.0,0.0,0.0,100.0,15.78947368421053,18.421052631578945,68.42105263157895,13.157894736842104,0.0,0.0,100.0,0.0,0.0,31.57894736842105
E0860,18.421052631578945,10.526315789473683,47.368421052631575,23.684210526315788,25.0,12.5,37.5,25.0,9.86842105263158,7.894736842105263,2.631578947368421,2.631578947368421,0.0,86.8421052631579,12.5,12.5,0.0,0.0,75.0,14.47368421052632,0.0,2.631578947368421,5.263157894736842,21.052631578947366,50.0,18.421052631578945,2.631578947368421,0.0,0.0,0.0,12.5,75.0,0.0,12.5,34.868421052631575,7.894736842105263,81.57894736842105,10.526315789473683,0.0,25.0,75.0,0.0,0.0,17.105263157894736
E0861,74.66666666666667,6.666666666666667,9.333333333333334,9.333333333333334,80.0,20.0,0.0,0.0,18.666666666666664,1.3333333333333337,5.333333333333334,1.3333333333333337,5.333333333333334,86.66666666666667,0.0,0.0,20.0,0.0,80.0,18.66666666666667,17.333333333333336,54.66666666666666,18.666666666666668,1.3333333333333337,2.666666666666667,2.666666666666667,2.666666666666667,20.0,60.0,20.0,0.0,0.0,0.0,0.0,9.333333333333334,81.33333333333333,18.666666666666668,0.0,0.0,60.0,40.0,0.0,0.0,21.33333333333333
E0862,85.29411764705883,2.941176470588235,2.941176470588235,8.823529411764707,80.0,0.0,0.0,20.0,11.176470588235295,5.88235294117647,5.88235294117647,76.47058823529412,11.76470588235294,0.0,0.0,0.0,100.0,0.0,0.0,23.529411764705884,0.0,2.941176470588235,14.705882352941178,52.94117647058824,20.588235294117645,5.88235294117647,2.941176470588235,0.0,0.0,20.0,60.0,20.0,0.0,0.0,12.352941176470583,8.823529411764707,64.70588235294117,26.47058823529412,0.0,0.0,40.0,60.0,0.0,33.529411764705884
E0863,6.8181818181818175,2.272727272727273,88.63636363636364,2.272727272727273,20.0,20.0,40.0,20.0,48.63636363636364,0.0,0.0,0.0,100.0,0.0,0.0,0.0,0.0,100.0,0.0,0.0,2.272727272727273,9.090909090909092,2.272727272727273,2.272727272727273,25.0,59.09090909090909,0.0,0.0,0.0,0.0,0.0,20.0,80.0,0.0,20.90909090909091,9.090909090909092,72.72727272727273,18.181818181818183,0.0,20.0,60.0,20.0,0.0,12.727272727272728
E0864,88.57142857142857,2.857142857142857,2.857142857142857,5.714285714285714,66.66666666666666,0.0,16.666666666666664,16.666666666666664,24.761904761904763,88.57142857142857,8.571428571428571,0.0,2.857142857142857,0.0,100.0,0.0,0.0,0.0,0.0,11.428571428571429,0.0,5.714285714285714,25.71428571428571,40.0,22.857142857142858,0.0,5.714285714285714,0.0,16.666666666666664,0.0,66.66666666666666,16.666666666666664,0.0,0.0,37.619047619047606,11.428571428571429,74.28571428571429,14.285714285714285,0.0,0.0,83.33333333333334,16.666666666666664,0.0,11.42857142857143
E0865,1.3888888888888888,1.3888888888888888,95.83333333333334,1.3888888888888888,0.0,0.0,100.0,0.0,4.166666666666662,9.722222222222223,6.944444444444445,4.166666666666666,11.11111111111111,68.05555555555556,0.0,0.0,12.5,0.0,87.5,27.77777777777778,23.61111111111111,58.333333333333336,12.5,1.3888888888888888,4.166666666666666,0.0,0.0,25.0,62.5,12.5,0.0,0.0,0.0,0.0,5.5555555555555545,0.0,22.22222222222222,66.66666666666666,11.11111111111111,0.0,25.0,62.5,12.5,4.166666666666663
E0866,74.28571428571429,5.714285714285714,11.428571428571429,8.571428571428571,33.33333333333333,33.33333333333333,33.33333333333333,0.0,49.523809523809526,0.0,11.428571428571429,80.0,2.857142857142857,5.714285714285714,0.0,0.0,66.66666666666666,33.33333333333333,0.0,30.47619047619048,5.714285714285714,62.85714285714285,17.142857142857142,5.714285714285714,2.857142857142857,0.0,5.714285714285714,0.0,66.66666666666666,33.33333333333333,0.0,0.0,0.0,0.0,20.0,82.85714285714286,17.142857142857142,0.0,0.0,100.0,0.0,0.0,0.0,17.14285714285714
E0867,8.823529411764707,8.823529411764707,76.47058823529412,5.88235294117647,25.0,12.5,62.5,0.0,19.852941176470587,0.0,0.0,1.4705882352941175,95.58823529411764,2.941176470588235,0.0,0.0,0.0,100.0,0.0,4.411764705882351,4.411764705882353,1.4705882352941175,4.411764705882353,20.588235294117645,50.0,17.647058823529413,1.4705882352941175,0.0,0.0,12.5,12.5,62.5,12.5,0.0,20.588235294117645,13.23529411764706,67.64705882352942,19.11764705882353,0.0,12.5,75.0,12.5,0.0,7.352941176470584
E0869,82.6086956521739,4.3478260869565215,4.3478260869565215,8.695652173913043,100.0,0.0,0.0,0.0,17.391304347826093,0.0,0.0,0.0,95.65217391304348,4.3478260869565215,0.0,0.0,0.0,100.0,0.0,4.347826086956519,4.3478260869565215,0.0,26.08695652173913,56.52173913043478,13.043478260869565,0.0,0.0,0.0,0.0,0.0,100.0,0.0,0.0,0.0,43.47826086956522,0.0,21.73913043478261,73.91304347826086,4.3478260869565215,0.0,0.0,100.0,0.0,26.086956521739136
E0870,3.571428571428571,4.761904761904762,85.71428571428571,5.952380952380952,25.0,0.0,75.0,0.0,21.428571428571423,2.380952380952381,4.761904761904762,3.571428571428571,77.38095238095238,11.904761904761903,0.0,0.0,0.0,50.0,50.0,38.095238095238095,5.952380952380952,1.1904761904761905,3.571428571428571,1.1904761904761905,25.0,61.90476190476191,1.1904761904761905,25.0,0.0,0.0,0.0,50.0,25.0,0.0,44.04761904761904,20.23809523809524,64.28571428571429,15.476190476190476,0.0,0.0,75.0,25.0,0.0,20.238095238095237
E0871,0.0,2.857142857142857,97.14285714285714,0.0,0.0,33.33333333333333,66.66666666666666,0.0,30.476190476190474,0.0,2.857142857142857,0.0,94.28571428571428,2.857142857142857,0.0,0.0,0.0,100.0,0.0,5.714285714285719,5.714285714285714,2.857142857142857,0.0,0.0,17.142857142857142,68.57142857142857,5.714285714285714,33.33333333333333,0.0,0.0,0.0,33.33333333333333,33.33333333333333,0.0,43.8095238095238,22.857142857142858,54.285714285714285,22.857142857142858,0.0,33.33333333333333,33.33333333333333,33.33333333333333,0.0,20.95238095238095
E0872,10.0,80.0,10.0,0.0,0.0,50.0,50.0,0.0,40.0,0.0,10.0,0.0,20.0,70.0,0.0,0.0,0.0,50.0,50.0,30.0,0.0,0.0,0.0,10.0,20.0,70.0,0.0,0.0,0.0,0.0,0.0,0.0,100.0,0.0,30.0,20.0,60.0,20.0,0.0,50.0,50.0,0.0,0.0,30.0
E0873,5.0,5.0,90.0,0.0,0.0,0.0,100.0,0.0,10.0,0.0,2.5,90.0,2.5,5.0,0.0,0.0,100.0,0.0,0.0,10.0,52.5,30.0,2.5,7.5,2.5,2.5,2.5,100.0,0.0,0.0,0.0,0.0,0.0,0.0,47.5,25.0,65.0,10.0,0.0,0.0,100.0,0.0,0.0,35.0
E0874,85.71428571428571,1.5873015873015872,3.1746031746031744,9.523809523809524,100.0,0.0,0.0,0.0,14.285714285714288,1.5873015873015872,0.0,3.1746031746031744,92.06349206349206,3.1746031746031744,0.0,0.0,0.0,100.0,0.0,7.936507936507937,1.5873015873015872,26.984126984126984,55.55555555555556,15.873015873015872,0.0,0.0,0.0,0.0,20.0,80.0,0.0,0.0,0.0,0.0,24.444444444444443,0.0,23.809523809523807,69.84126984126983,6.349206349206349,0.0,20.0,80.0,0.0,10.15873015873016
E0875,8.823529411764707,76.47058823529412,7.352941176470589,7.352941176470589,0.0,100.0,0.0,0.0,23.529411764705884,1.4705882352941175,92.64705882352942,4.411764705882353,1.4705882352941175,0.0,0.0,100.0,0.0,0.0,0.0,7.352941176470584,0.0,1.4705882352941175,19.11764705882353,50.0,22.058823529411764,2.941176470588235,4.411764705882353,0.0,25.0,0.0,50.0,25.0,0.0,0.0,26.47058823529412,22.058823529411764,63.23529411764706,14.705882352941178,0.0,0.0,50.0,50.0,0.0,35.294117647058826
E0876,87.5,12.5,0.0,0.0,100.0,0.0,0.0,0.0,12.5,0.0,100.0,0.0,0.0,0.0,0.0,100.0,0.0,0.0,0.0,0.0,0.0,0.0,12.5,12.5,50.0,12.5,12.5,0.0,0.0,25.0,0.0,50.0,25.0,0.0,25.0,0.0,87.5,12.5,0.0,0.0,100.0,0.0,0.0,12.5
E0877,93.61702127659576,2.127659574468085,2.127659574468085,2.127659574468085,85.71428571428571,14.285714285714285,0.0,0.0,12.158054711246203,0.0,8.51063829787234,82.97872340425532,6.382978723404255,2.127659574468085,0.0,14.285714285714285,71.42857142857143,0.0,14.285714285714285,17.933130699088146,8.51063829787234,2.127659574468085,21.27659574468085,44.680851063829785,17.02127659574468,4.25531914893617,2.127659574468085,14.285714285714285,0.0,14.285714285714285,42.85714285714285,14.285714285714285,14.285714285714285,0.0,15.805471124620064,0.0,19.148936170212767,63.82978723404256,17.02127659574468,0.0,14.285714285714285,85.71428571428571,0.0,21.88449848024316
E0878,6.0606060606060606,0.0,3.0303030303030303,90.9090909090909,0.0,0.0,0.0,100.0,9.090909090909092,100.0,0.0,0.0,0.0,0.0,100.0,0.0,0.0,0.0,0.0,0.0,24.24242424242424,36.36363636363637,18.181818181818183,6.0606060606060606,6.0606060606060606,6.0606060606060606,3.0303030303030303,66.66666666666666,0.0,0.0,33.33333333333333,0.0,0.0,0.0,69.69696969696969,6.0606060606060606,72.72727272727273,21.21212121212121,0.0,0.0,66.66666666666666,33.33333333333333,0.0,12.121212121212128
E0879,0.0,8.695652173913043,8.695652173913043,82.6086956521739,0.0,0.0,14.285714285714285,85.71428571428571,8.695652173913043,97.10144927536231,1.4492753623188406,1.4492753623188406,0.0,0.0,100.0,0.0,0.0,0.0,0.0,2.8985507246376843,5.797101449275362,1.4492753623188406,0.0,14.492753623188406,46.3768115942029,27.536231884057973,4.3478260869565215,0.0,0.0,0.0,14.285714285714285,71.42857142857143,14.285714285714285,0.0,25.051759834368536,81.15942028985508,18.84057971014493,0.0,0.0,71.42857142857143,28.57142857142857,0.0,0.0,9.730848861283643
E0881,78.94736842105263,2.631578947368421,10.526315789473683,7.894736842105263,100.0,0.0,0.0,0.0,21.052631578947366,10.526315789473683,68.42105263157895,7.894736842105263,10.526315789473683,2.631578947368421,25.0,50.0,25.0,0.0,0.0,31.57894736842105,55.26315789473685,23.684210526315788,2.631578947368421,2.631578947368421,7.894736842105263,5.263157894736842,2.631578947368421,50.0,0.0,0.0,25.0,25.0,0.0,0.0,39.47368421052632,0.0,18.421052631578945,68.42105263157895,13.157894736842104,0.0,0.0,100.0,0.0,31.57894736842105
E0882,7.6923076923076925,0.0,79.48717948717949,12.82051282051282,0.0,0.0,50.0,50.0,37.17948717948718,82.05128205128204,2.564102564102564,5.128205128205128,7.6923076923076925,2.564102564102564,100.0,0.0,0.0,0.0,0.0,17.94871794871795,2.564102564102564,35.8974358974359,43.58974358974359,12.82051282051282,0.0,2.564102564102564,2.564102564102564,0.0,50.0,0.0,50.0,0.0,0.0,0.0,51.282051282051285,15.384615384615383,66.66666666666666,17.94871794871795,0.0,0.0,100.0,0.0,0.0,33.33333333333334
E0884,55.38461538461539,20.0,7.6923076923076925,16.923076923076923,50.0,25.0,0.0,25.0,13.076923076923078,1.5384615384615383,3.076923076923077,4.615384615384616,89.23076923076924,1.5384615384615383,0.0,0.0,0.0,100.0,0.0,10.769230769230766,21.53846153846154,52.30769230769232,24.615384615384617,1.5384615384615383,0.0,0.0,0.0,25.0,75.0,0.0,0.0,0.0,0.0,0.0,26.15384615384615,18.461538461538463,66.15384615384615,15.384615384615383,0.0,0.0,100.0,0.0,0.0,33.846153846153854
E0885,1.4705882352941175,7.352941176470589,80.88235294117648,10.294117647058822,0.0,0.0,60.0,40.0,29.70588235294118,4.411764705882353,85.29411764705883,5.88235294117647,0.0,4.411764705882353,0.0,60.0,40.0,0.0,0.0,34.11764705882353,67.64705882352942,20.588235294117645,2.941176470588235,2.941176470588235,1.4705882352941175,1.4705882352941175,2.941176470588235,100.0,0.0,0.0,0.0,0.0,0.0,0.0,32.35294117647058,14.705882352941178,76.47058823529412,8.823529411764707,0.0,20.0,60.0,20.0,0.0,16.470588235294116
E0886,2.5,2.5,2.5,92.5,0.0,0.0,0.0,100.0,7.5,2.5,7.5,72.5,10.0,7.5,0.0,0.0,83.33333333333334,16.666666666666664,0.0,17.500000000000004,2.5,22.5,45.0,25.0,2.5,2.5,0.0,0.0,0.0,66.66666666666666,33.33333333333333,0.0,0.0,0.0,29.999999999999996,72.5,27.500000000000004,0.0,0.0,83.33333333333334,16.666666666666664,0.0,0.0,10.83333333333334
E0887,84.12698412698413,7.936507936507936,4.761904761904762,3.1746031746031744,66.66666666666666,33.33333333333333,0.0,0.0,25.3968253968254,1.5873015873015872,0.0,90.47619047619048,6.349206349206349,1.5873015873015872,0.0,0.0,100.0,0.0,0.0,9.523809523809522,3.1746031746031744,11.11111111111111,55.55555555555556,25.396825396825395,3.1746031746031744,0.0,1.5873015873015872,0.0,33.33333333333333,16.666666666666664,50.0,0.0,0.0,0.0,46.82539682539682,12.698412698412698,71.42857142857143,15.873015873015872,0.0,16.666666666666664,83.33333333333334,0.0,0.0,15.873015873015875
E0888,2.857142857142857,2.857142857142857,82.85714285714286,11.428571428571429,0.0,0.0,75.0,25.0,13.571428571428571,0.0,0.0,2.857142857142857,97.14285714285714,0.0,0.0,0.0,0.0,100.0,0.0,2.8571428571428594,0.0,0.0,5.714285714285714,68.57142857142857,25.71428571428571,0.0,0.0,0.0,0.0,0.0,75.0,25.0,0.0,0.0,6.428571428571429,0.0,8.571428571428571,71.42857142857143,20.0,0.0,0.0,100.0,0.0,28.57142857142857
E0889,95.77464788732394,2.8169014084507045,1.4084507042253522,0.0,100.0,0.0,0.0,0.0,4.22535211267606,9.859154929577464,70.4225352112676,12.676056338028168,4.225352112676056,2.8169014084507045,0.0,83.33333333333334,0.0,0.0,16.666666666666664,26.760563380281692,1.4084507042253522,0.0,15.492957746478872,61.97183098591549,16.901408450704224,1.4084507042253522,2.8169014084507045,0.0,0.0,16.666666666666664,66.66666666666666,16.666666666666664,0.0,0.0,5.868544600938964,15.492957746478872,70.4225352112676,14.084507042253522,0.0,0.0,100.0,0.0,0.0,29.5774647887324
E0890,7.5,10.0,82.5,0.0,0.0,0.0,100.0,0.0,17.5,92.5,5.0,0.0,0.0,2.5,100.0,0.0,0.0,0.0,0.0,7.5,0.0,0.0,5.0,17.5,45.0,30.0,2.5,0.0,0.0,33.33333333333333,0.0,66.66666666666666,0.0,0.0,49.99999999999999,25.0,60.0,15.0,0.0,33.33333333333333,66.66666666666666,0.0,0.0,14.999999999999991
E0891,0.0,0.0,1.5384615384615383,98.46153846153848,0.0,0.0,0.0,100.0,1.5384615384615357,70.76923076923077,12.307692307692308,7.6923076923076925,4.615384615384616,4.615384615384616,62.5,37.5,0.0,0.0,0.0,25.192307692307693,20.0,46.15384615384615,18.461538461538463,3.076923076923077,1.5384615384615383,3.076923076923077,7.6923076923076925,37.5,50.0,12.5,0.0,0.0,0.0,0.0,21.34615384615385,18.461538461538463,70.76923076923077,10.76923076923077,0.0,37.5,62.5,0.0,0.0,19.03846153846154
E0893,7.142857142857142,9.523809523809524,0.0,83.33333333333334,0.0,0.0,0.0,100.0,16.66666666666666,4.761904761904762,4.761904761904762,4.761904761904762,0.0,85.71428571428571,0.0,0.0,0.0,0.0,100.0,14.285714285714288,7.142857142857142,2.380952380952381,0.0,2.380952380952381,19.047619047619047,64.28571428571429,4.761904761904762,50.0,0.0,0.0,0.0,0.0,50.0,0.0,42.85714285714286,0.0,21.428571428571427,59.523809523809526,19.047619047619047,0.0,50.0,50.0,0.0,28.571428571428577
E0895,3.4482758620689653,3.4482758620689653,86.20689655172413,6.896551724137931,0.0,0.0,80.0,20.0,13.103448275862064,3.4482758620689653,17.24137931034483,72.41379310344827,3.4482758620689653,3.4482758620689653,20.0,20.0,40.0,0.0,20.0,35.86206896551724,6.896551724137931,3.4482758620689653,10.344827586206897,3.4482758620689653,10.344827586206897,6.896551724137931,58.620689655172406,0.0,0.0,20.0,20.0,0.0,20.0,40.0,39.310344827586206,20.689655172413797,65.51724137931035,13.79310344827586,0.0,60.0,40.0,0.0,0.0,39.310344827586206
E0897,94.52054794520548,1.36986301369863,4.10958904109589,0.0,100.0,0.0,0.0,0.0,5.479452054794521,1.36986301369863,1.36986301369863,4.10958904109589,1.36986301369863,91.78082191780824,0.0,0.0,0.0,0.0,100.0,8.219178082191778,1.36986301369863,16.43835616438356,45.20547945205479,19.17808219178082,9.58904109589041,6.849315068493151,1.36986301369863,0.0,0.0,0.0,0.0,100.0,0.0,0.0,90.41095890410958,19.17808219178082,58.9041095890411,21.91780821917808,0.0,50.0,0.0,50.0,0.0,58.9041095890411
E0898,10.526315789473683,7.017543859649122,77.19298245614034,5.263157894736842,0.0,0.0,100.0,0.0,22.80701754385965,3.508771929824561,0.0,7.017543859649122,78.94736842105263,10.526315789473683,0.0,0.0,0.0,80.0,20.0,10.526315789473683,1.7543859649122806,3.508771929824561,5.263157894736842,1.7543859649122806,5.263157894736842,3.508771929824561,78.94736842105263,0.0,0.0,20.0,0.0,20.0,20.0,40.0,45.96491228070175,12.280701754385964,73.68421052631578,14.035087719298245,0.0,0.0,80.0,20.0,0.0,12.28070175438597
E0899,95.1219512195122,2.4390243902439024,2.4390243902439024,0.0,100.0,0.0,0.0,0.0,4.878048780487804,90.2439024390244,1.2195121951219512,2.4390243902439024,1.2195121951219512,4.878048780487805,85.71428571428571,0.0,0.0,0.0,14.285714285714285,9.407665505226486,65.85365853658537,21.951219512195124,4.878048780487805,1.2195121951219512,3.658536585365853,0.0,2.4390243902439024,57.14285714285714,14.285714285714285,14.285714285714285,0.0,0.0,0.0,14.285714285714285,21.25435540069687,81.70731707317073,18.29268292682927,0.0,0.0,85.71428571428571,14.285714285714285,0.0,0.0,4.006968641114982
E0902,0.0,2.857142857142857,97.14285714285714,0.0,0.0,0.0,100.0,0.0,2.8571428571428594,57.14285714285714,22.857142857142858,2.857142857142857,8.571428571428571,8.571428571428571,0.0,0.0,100.0,0.0,0.0,97.14285714285715,20.0,42.85714285714285,20.0,2.857142857142857,8.571428571428571,2.857142857142857,2.857142857142857,0.0,100.0,0.0,0.0,0.0,0.0,0.0,57.142857142857146,8.571428571428571,62.85714285714285,28.57142857142857,0.0,0.0,100.0,0.0,0.0,37.14285714285714
E0903,5.970149253731343,4.477611940298507,82.08955223880598,7.462686567164178,0.0,0.0,100.0,0.0,17.910447761194025,88.05970149253731,4.477611940298507,4.477611940298507,1.4925373134328357,1.4925373134328357,87.5,12.5,0.0,0.0,0.0,8.022388059701493,7.462686567164178,1.4925373134328357,4.477611940298507,0.0,25.37313432835821,61.19402985074627,0.0,12.5,0.0,0.0,0.0,12.5,75.0,0.0,18.84328358208955,0.0,10.44776119402985,77.61194029850746,11.940298507462686,0.0,12.5,87.5,0.0,11.940298507462686
E0904,0.0,0.0,100.0,0.0,0.0,0.0,100.0,0.0,0.0,0.0,9.45945945945946,77.02702702702703,9.45945945945946,4.054054054054054,0.0,25.0,50.0,0.0,25.0,36.48648648648648,58.108108108108105,24.324324324324326,1.351351351351351,4.054054054054054,0.0,6.756756756756757,5.405405405405405,75.0,25.0,0.0,0.0,0.0,0.0,0.0,17.56756756756757,78.37837837837837,21.62162162162162,0.0,0.0,100.0,0.0,0.0,0.0,21.621621621621625
E0905,3.4482758620689653,1.7241379310344829,0.0,94.82758620689656,25.0,0.0,0.0,75.0,21.55172413793104,1.7241379310344829,0.0,6.896551724137931,89.65517241379311,1.7241379310344829,0.0,0.0,0.0,100.0,0.0,10.344827586206891,0.0,27.58620689655172,41.37931034482759,24.13793103448276,1.7241379310344829,1.7241379310344829,3.4482758620689653,0.0,25.0,25.0,50.0,0.0,0.0,0.0,25.86206896551725,20.689655172413797,67.24137931034483,12.06896551724138,0.0,25.0,75.0,0.0,0.0,12.06896551724138
E0906,90.0,1.4285714285714286,5.714285714285714,2.857142857142857,71.42857142857143,0.0,28.57142857142857,0.0,22.85714285714285,0.0,0.0,1.4285714285714286,94.28571428571428,4.285714285714286,0.0,0.0,0.0,85.71428571428571,14.285714285714285,10.0,0.0,1.4285714285714286,18.571428571428573,55.71428571428572,17.142857142857142,1.4285714285714286,5.714285714285714,0.0,0.0,14.285714285714285,57.14285714285714,14.285714285714285,0.0,14.285714285714285,9.999999999999998,14.285714285714285,65.71428571428571,20.0,0.0,28.57142857142857,71.42857142857143,0.0,0.0,20.000000000000004
E0907,0.0,2.941176470588235,88.23529411764706,8.823529411764707,0.0,0.0,100.0,0.0,11.764705882352942,94.11764705882352,2.941176470588235,0.0,0.0,2.941176470588235,100.0,0.0,0.0,0.0,0.0,5.882352941176475,0.0,2.941176470588235,26.47058823529412,52.94117647058824,14.705882352941178,2.941176470588235,0.0,0.0,0.0,0.0,100.0,0.0,0.0,0.0,47.05882352941176,14.705882352941178,70.58823529411765,14.705882352941178,0.0,50.0,0.0,50.0,0.0,70.58823529411765
E0908,4.054054054054054,6.756756756756757,85.13513513513513,4.054054054054054,12.5,0.0,87.5,0.0,10.810810810810814,5.405405405405405,93.24324324324324,1.351351351351351,0.0,0.0,0.0,100.0,0.0,0.0,0.0,6.756756756756757,20.27027027027027,54.054054054054056,14.864864864864863,2.702702702702702,2.702702702702702,2.702702702702702,2.702702702702702,25.0,50.0,0.0,0.0,12.5,0.0,12.5,24.324324324324326,9.45945945945946,79.72972972972973,10.81081081081081,0.0,12.5,87.5,0.0,0.0,10.810810810810812
E0909,2.941176470588235,11.76470588235294,82.35294117647058,2.941176470588235,0.0,0.0,100.0,0.0,17.647058823529413,0.0,0.0,0.0,2.941176470588235,97.05882352941175,0.0,0.0,0.0,0.0,100.0,2.9411764705882337,14.705882352941178,58.82352941176471,20.588235294117645,2.941176470588235,0.0,0.0,2.941176470588235,0.0,100.0,0.0,0.0,0.0,0.0,0.0,41.17647058823529,8.823529411764707,79.41176470588235,11.76470588235294,0.0,0.0,100.0,0.0,0.0,20.58823529411765
E0910,5.0,90.0,2.5,2.5,0.0,100.0,0.0,0.0,10.0,0.0,0.0,0.0,0.0,100.0,0.0,0.0,0.0,0.0,100.0,0.0,2.5,2.5,2.5,22.5,52.5,12.5,5.0,0.0,0.0,0.0,0.0,33.33333333333333,66.66666666666666,0.0,54.16666666666666,90.0,10.0,0.0,0.0,100.0,0.0,0.0,0.0,10.0
E0911,7.142857142857142,7.142857142857142,80.95238095238095,4.761904761904762,0.0,33.33333333333333,66.66666666666666,0.0,26.19047619047619,95.23809523809524,2.380952380952381,2.380952380952381,0.0,0.0,100.0,0.0,0.0,0.0,0.0,4.761904761904768,28.57142857142857,42.85714285714285,19.047619047619047,0.0,2.380952380952381,0.0,7.142857142857142,66.66666666666666,0.0,33.33333333333333,0.0,0.0,0.0,0.0,52.380952380952365,9.523809523809524,73.80952380952381,16.666666666666664,0.0,33.33333333333333,33.33333333333333,33.33333333333333,0.0,40.47619047619047
E0912,2.857142857142857,97.14285714285714,0.0,0.0,0.0,100.0,0.0,0.0,2.8571428571428594,0.0,85.71428571428571,5.714285714285714,2.857142857142857,5.714285714285714,0.0,75.0,0.0,0.0,25.0,19.285714285714285,0.0,0.0,0.0,14.285714285714285,57.14285714285714,22.857142857142858,5.714285714285714,0.0,0.0,0.0,0.0,75.0,25.0,0.0,20.000000000000004,91.42857142857144,8.571428571428571,0.0,0.0,100.0,0.0,0.0,0.0,8.57142857142857
E0913,82.85714285714286,0.0,11.428571428571429,5.714285714285714,100.0,0.0,0.0,0.0,17.142857142857142,2.857142857142857,14.285714285714285,77.14285714285715,2.857142857142857,2.857142857142857,14.285714285714285,14.285714285714285,71.42857142857143,0.0,0.0,11.428571428571432,8.571428571428571,0.0,22.857142857142858,54.285714285714285,5.714285714285714,2.857142857142857,5.714285714285714,28.57142857142857,0.0,14.285714285714285,42.85714285714285,14.285714285714285,0.0,0.0,28.57142857142857,11.428571428571429,65.71428571428571,22.857142857142858,0.0,14.285714285714285,57.14285714285714,28.57142857142857,0.0,8.57142857142857
E0914,14.705882352941178,5.88235294117647,73.52941176470588,5.88235294117647,0.0,0.0,100.0,0.0,26.47058823529412,85.29411764705883,8.823529411764707,2.941176470588235,2.941176470588235,0.0,100.0,0.0,0.0,0.0,0.0,14.705882352941176,2.941176470588235,2.941176470588235,8.823529411764707,11.76470588235294,47.05882352941176,20.588235294117645,5.88235294117647,0.0,0.0,0.0,0.0,100.0,0.0,0.0,52.94117647058823,14.705882352941178,70.58823529411765,14.705882352941178,0.0,0.0,100.0,0.0,0.0,29.411764705882348
E0917,92.6829268292683,4.878048780487805,2.4390243902439024,0.0,50.0,50.0,0.0,0.0,45.1219512195122,92.6829268292683,2.4390243902439024,2.4390243902439024,2.4390243902439024,0.0,100.0,0.0,0.0,0.0,0.0,7.317073170731706,2.4390243902439024,2.4390243902439024,14.634146341463412,63.41463414634146,14.634146341463412,0.0,2.4390243902439024,0.0,0.0,50.0,50.0,0.0,0.0,0.0,35.36585365853658,12.195121951219512,65.85365853658537,21.951219512195124,0.0,0.0,100.0,0.0,0.0,34.14634146341463
E0918,2.941176470588235,91.17647058823528,0.0,5.88235294117647,0.0,100.0,0.0,0.0,8.823529411764708,94.11764705882352,2.941176470588235,0.0,0.0,2.941176470588235,100.0,0.0,0.0,0.0,0.0,5.882352941176475,8.823529411764707,2.941176470588235,5.88235294117647,2.941176470588235,5.88235294117647,70.58823529411765,2.941176470588235,0.0,0.0,20.0,0.0,0.0,80.0,0.0,23.52941176470588,0.0,17.647058823529413,55.88235294117647,26.47058823529412,0.0,20.0,80.0,0.0,26.47058823529412
E0919,12.5,5.0,82.5,0.0,20.0,20.0,60.0,0.0,22.5,92.5,2.5,2.5,0.0,2.5,100.0,0.0,0.0,0.0,0.0,7.5,2.5,12.5,60.0,22.5,2.5,0.0,0.0,0.0,20.0,60.0,20.0,0.0,0.0,0.0,7.5,10.0,72.5,17.5,0.0,0.0,100.0,0.0,0.0,27.5
E0920,2.941176470588235,0.0,97.05882352941175,0.0,0.0,0.0,100.0,0.0,2.9411764705882337,0.0,5.88235294117647,2.941176470588235,2.941176470588235,88.23529411764706,0.0,0.0,0.0,0.0,100.0,11.764705882352942,0.0,0.0,5.88235294117647,5.88235294117647,0.0,5.88235294117647,82.35294117647058,0.0,0.0,0.0,0.0,0.0,0.0,100.0,17.647058823529413,8.823529411764707,58.82352941176471,32.35294117647059,0.0,0.0,0.0,100.0,0.0,67.64705882352942
E0921,84.90566037735849,9.433962264150944,5.660377358490567,0.0,100.0,0.0,0.0,0.0,15.094339622641511,5.660377358490567,5.660377358490567,83.01886792452831,3.7735849056603774,1.8867924528301887,33.33333333333333,0.0,66.66666666666666,0.0,0.0,27.67295597484277,1.8867924528301887,22.641509433962263,37.735849056603776,30.18867924528302,1.8867924528301887,3.7735849056603774,1.8867924528301887,0.0,0.0,66.66666666666666,33.33333333333333,0.0,0.0,0.0,32.0754716981132,0.0,9.433962264150944,73.58490566037736,16.9811320754717,0.0,0.0,66.66666666666666,33.33333333333333,16.352201257861637
E0922,7.352941176470589,8.823529411764707,83.82352941176471,0.0,0.0,14.285714285714285,85.71428571428571,0.0,7.3529411764705825,1.4705882352941175,11.76470588235294,80.88235294117648,4.411764705882353,1.4705882352941175,0.0,14.285714285714285,85.71428571428571,0.0,0.0,7.352941176470582,58.82352941176471,32.35294117647059,0.0,4.411764705882353,0.0,2.941176470588235,1.4705882352941175,71.42857142857143,14.285714285714285,0.0,14.285714285714285,0.0,0.0,0.0,22.47899159663865,17.647058823529413,67.64705882352942,14.705882352941178,0.0,28.57142857142857,57.14285714285714,14.285714285714285,0.0,10.924369747899163
E0923,4.6875,3.125,87.5,4.6875,0.0,0.0,100.0,0.0,12.5,85.9375,7.8125,4.6875,0.0,1.5625,50.0,50.0,0.0,0.0,0.0,42.1875,17.1875,42.1875,23.4375,4.6875,4.6875,3.125,4.6875,25.0,50.0,25.0,0.0,0.0,0.0,0.0,17.1875,84.375,15.625,0.0,0.0,50.0,50.0,0.0,0.0,34.375
E0924,11.428571428571429,4.285714285714286,78.57142857142857,5.714285714285714,14.285714285714285,0.0,71.42857142857143,14.285714285714285,11.428571428571423,0.0,0.0,0.0,1.4285714285714286,98.57142857142858,0.0,0.0,0.0,0.0,100.0,1.4285714285714226,4.285714285714286,5.714285714285714,5.714285714285714,2.857142857142857,5.714285714285714,5.714285714285714,70.0,0.0,0.0,14.285714285714285,0.0,0.0,0.0,85.71428571428571,24.28571428571428,15.714285714285714,71.42857142857143,12.857142857142856,0.0,14.285714285714285,71.42857142857143,14.285714285714285,0.0,1.4285714285714288
E0925,5.263157894736842,5.263157894736842,81.57894736842105,7.894736842105263,0.0,0.0,80.0,20.0,12.105263157894736,0.0,10.526315789473683,89.47368421052632,0.0,0.0,0.0,0.0,100.0,0.0,0.0,10.526315789473683,10.526315789473683,55.26315789473685,26.31578947368421,0.0,7.894736842105263,0.0,0.0,20.0,80.0,0.0,0.0,0.0,0.0,0.0,34.210526315789465,0.0,10.526315789473683,71.05263157894737,18.421052631578945,0.0,0.0,100.0,0.0,28.94736842105263
E0926,0.0,5.405405405405405,2.702702702702702,91.8918918918919,0.0,0.0,0.0,100.0,8.108108108108103,0.0,0.0,97.2972972972973,0.0,2.702702702702702,0.0,0.0,100.0,0.0,0.0,2.702702702702698,2.702702702702702,0.0,5.405405405405405,2.702702702702702,29.72972972972973,59.45945945945946,0.0,0.0,0.0,0.0,0.0,0.0,100.0,0.0,40.54054054054054,5.405405405405405,75.67567567567568,18.91891891891892,0.0,0.0,100.0,0.0,0.0,24.324324324324323
E0927,16.666666666666664,0.0,83.33333333333334,0.0,0.0,0.0,100.0,0.0,16.66666666666666,16.666666666666664,0.0,50.0,0.0,33.33333333333333,0.0,0.0,0.0,0.0,100.0,66.66666666666666,0.0,0.0,0.0,0.0,33.33333333333333,66.66666666666666,0.0,0.0,0.0,0.0,0.0,0.0,100.0,0.0,33.333333333333336,33.33333333333333,16.666666666666664,50.0,0.0,0.0,100.0,0.0,0.0,83.33333333333334
E0928,94.5945945945946,2.702702702702702,0.0,2.702702702702702,100.0,0.0,0.0,0.0,5.405405405405404,2.702702702702702,0.0,13.513513513513514,5.405405405405405,78.37837837837837,0.0,0.0,50.0,0.0,50.0,36.48648648648648,29.72972972972973,40.54054054054054,27.027027027027028,0.0,2.702702702702702,0.0,0.0,50.0,50.0,0.0,0.0,0.0,0.0,0.0,29.72972972972973,89.1891891891892,10.81081081081081,0.0,0.0,100.0,0.0,0.0,0.0,10.810810810810809
E0929,80.64516129032258,3.225806451612903,6.451612903225806,9.67741935483871,100.0,0.0,0.0,0.0,19.354838709677423,3.225806451612903,3.225806451612903,3.225806451612903,3.225806451612903,87.09677419354838,50.0,0.0,0.0,0.0,50.0,46.774193548387096,61.29032258064516,25.806451612903224,3.225806451612903,6.451612903225806,3.225806451612903,0.0,0.0,50.0,50.0,0.0,0.0,0.0,0.0,0.0,24.193548387096776,96.7741935483871,3.225806451612903,0.0,0.0,100.0,0.0,0.0,0.0,3.2258064516129
E0930,0.0,0.0,97.2972972972973,2.702702702702702,0.0,0.0,50.0,50.0,47.297297297297305,91.8918918918919,2.702702702702702,0.0,2.702702702702702,2.702702702702702,100.0,0.0,0.0,0.0,0.0,8.108108108108102,8.108108108108109,2.702702702702702,18.91891891891892,43.24324324324324,18.91891891891892,5.405405405405405,2.702702702702702,0.0,0.0,50.0,50.0,0.0,0.0,0.0,37.83783783783784,16.216216216216218,56.75675675675676,27.027027027027028,0.0,50.0,50.0,0.0,0.0,33.78378378378378
E0931,15.384615384615383,7.6923076923076925,76.92307692307693,0.0,0.0,0.0,100.0,0.0,23.076923076923077,3.8461538461538463,0.0,0.0,96.15384615384616,0.0,0.0,0.0,0.0,100.0,0.0,3.846153846153843,30.76923076923077,42.30769230769231,26.923076923076923,0.0,0.0,0.0,0.0,0.0,100.0,0.0,0.0,0.0,0.0,0.0,57.69230769230769,15.384615384615383,65.38461538461539,19.230769230769237,0.0,0.0,100.0,0.0,0.0,34.61538461538461
E0932,0.0,6.666666666666667,8.88888888888889,84.44444444444444,0.0,12.5,0.0,87.5,8.88888888888889,0.0,2.2222222222222223,91.11111111111111,4.444444444444445,2.2222222222222223,0.0,0.0,87.5,12.5,0.0,8.055555555555557,4.444444444444445,4.444444444444445,6.666666666666667,26.666666666666668,31.11111111111111,26.666666666666668,0.0,12.5,0.0,0.0,37.5,25.0,25.0,0.0,18.888888888888893,86.66666666666667,13.333333333333334,0.0,0.0,87.5,12.5,0.0,0.0,0.8333333333333313
E0933,2.5,0.0,97.5,0.0,0.0,0.0,100.0,0.0,2.5,2.5,0.0,5.0,87.5,5.0,0.0,0.0,0.0,100.0,0.0,12.5,5.0,22.5,35.0,22.5,7.5,5.0,2.5,0.0,25.0,50.0,0.0,0.0,25.0,0.0,37.5,0.0,10.0,67.5,22.5,0.0,25.0,75.0,0.0,22.5
E0934,8.571428571428571,8.571428571428571,11.428571428571429,71.42857142857143,0.0,0.0,0.0,100.0,28.57142857142857,0.0,2.857142857142857,0.0,11.428571428571429,85.71428571428571,0.0,0.0,0.0,0.0,100.0,14.285714285714288,2.857142857142857,11.428571428571429,42.85714285714285,28.57142857142857,5.714285714285714,0.0,8.571428571428571,0.0,0.0,100.0,0.0,0.0,0.0,0.0,57.14285714285714,0.0,5.714285714285714,62.85714285714285,31.428571428571427,0.0,0.0,100.0,0.0,37.142857142857146
E0935,2.380952380952381,0.0,2.380952380952381,95.23809523809524,0.0,0.0,0.0,100.0,4.761904761904768,2.380952380952381,2.380952380952381,7.142857142857142,2.380952380952381,85.71428571428571,0.0,0.0,0.0,0.0,100.0,14.285714285714288,4.761904761904762,2.380952380952381,0.0,26.190476190476197,50.0,14.285714285714285,2.380952380952381,0.0,0.0,0.0,0.0,100.0,0.0,0.0,50.0,14.285714285714285,73.80952380952381,11.904761904761903,0.0,100.0,0.0,0.0,0.0,85.71428571428571
E0936,8.450704225352112,7.042253521126761,74.64788732394366,9.859154929577464,20.0,20.0,50.0,10.0,24.647887323943664,1.4084507042253522,1.4084507042253522,4.225352112676056,8.450704225352112,84.50704225352112,10.0,0.0,0.0,20.0,70.0,20.14084507042253,16.901408450704224,52.11267605633802,15.492957746478872,2.8169014084507045,4.225352112676056,5.633802816901409,2.8169014084507045,10.0,60.0,10.0,0.0,10.0,10.0,0.0,18.028169014084508,0.0,8.450704225352112,73.23943661971832,18.30985915492958,0.0,20.0,70.0,10.0,11.549295774647891
E0937,91.25,5.0,2.5,1.25,100.0,0.0,0.0,0.0,8.75,3.75,5.0,3.75,82.5,5.0,14.285714285714285,0.0,0.0,85.71428571428571,0.0,13.749999999999996,1.25,18.75,46.25,21.25,5.0,6.25,1.25,0.0,0.0,28.57142857142857,57.14285714285714,14.285714285714285,0.0,0.0,45.17857142857143,85.0,15.0,0.0,0.0,85.71428571428571,14.285714285714285,0.0,0.0,0.7142857142857117
E0938,70.37037037037037,11.11111111111111,11.11111111111111,7.4074074074074066,40.0,20.0,40.0,0.0,37.77777777777777,1.2345679012345678,3.7037037037037033,7.4074074074074066,6.172839506172839,81.48148148148148,20.0,0.0,0.0,0.0,80.0,18.765432098765437,13.580246913580249,64.19753086419753,18.51851851851852,0.0,1.2345679012345678,0.0,2.469135802469136,20.0,60.0,20.0,0.0,0.0,0.0,0.0,7.901234567901235,19.753086419753085,62.96296296296296,17.28395061728395,0.0,40.0,60.0,0.0,0.0,20.24691358024691
E0939,2.941176470588235,2.941176470588235,94.11764705882352,0.0,16.666666666666664,0.0,83.33333333333334,0.0,13.725490196078422,76.47058823529412,13.23529411764706,4.411764705882353,2.941176470588235,2.941176470588235,100.0,0.0,0.0,0.0,0.0,23.52941176470588,25.0,48.52941176470589,17.647058823529413,1.4705882352941175,1.4705882352941175,4.411764705882353,1.4705882352941175,0.0,83.33333333333334,16.666666666666664,0.0,0.0,0.0,0.0,34.80392156862745,20.588235294117645,55.88235294117647,23.52941176470588,0.0,16.666666666666664,83.33333333333334,0.0,0.0,27.450980392156865
E0941,5.555555555555555,2.7777777777777777,2.7777777777777777,88.88888888888889,0.0,0.0,0.0,100.0,11.111111111111112,13.88888888888889,80.55555555555556,5.555555555555555,0.0,0.0,0.0,50.0,50.0,0.0,0.0,44.44444444444444,5.555555555555555,0.0,0.0,19.444444444444446,44.44444444444444,25.0,5.555555555555555,0.0,0.0,0.0,0.0,0.0,100.0,0.0,75.0,0.0,11.11111111111111,66.66666666666666,22.22222222222222,0.0,0.0,50.0,50.0,27.77777777777777
E0942,0.0,0.0,97.36842105263158,2.631578947368421,0.0,0.0,100.0,0.0,2.631578947368423,0.0,5.263157894736842,2.631578947368421,86.8421052631579,5.263157894736842,0.0,0.0,0.0,100.0,0.0,13.1578947368421,21.052631578947366,55.26315789473685,21.052631578947366,0.0,2.631578947368421,0.0,0.0,50.0,0.0,50.0,0.0,0.0,0.0,0.0,57.89473684210527,10.526315789473683,73.68421052631578,15.789473684210526,0.0,0.0,100.0,0.0,0.0,26.315789473684216
E0943,91.17647058823528,2.941176470588235,2.941176470588235,2.941176470588235,100.0,0.0,0.0,0.0,8.823529411764708,2.941176470588235,85.29411764705883,5.88235294117647,2.941176470588235,2.941176470588235,0.0,100.0,0.0,0.0,0.0,14.705882352941176,2.941176470588235,14.705882352941178,55.88235294117647,14.705882352941178,8.823529411764707,0.0,2.941176470588235,0.0,0.0,66.66666666666666,33.33333333333333,0.0,0.0,0.0,29.411764705882348,0.0,8.823529411764707,73.52941176470588,17.647058823529413,0.0,0.0,100.0,0.0,26.47058823529412
E0944,1.818181818181818,85.45454545454545,7.272727272727272,5.454545454545454,0.0,100.0,0.0,0.0,14.545454545454543,0.0,0.0,0.0,1.818181818181818,98.1818181818182,0.0,0.0,0.0,0.0,100.0,1.818181818181816,3.636363636363636,1.818181818181818,14.545454545454543,58.18181818181818,18.181818181818183,1.818181818181818,1.818181818181818,0.0,0.0,0.0,100.0,0.0,0.0,0.0,41.81818181818181,85.45454545454545,14.545454545454543,0.0,0.0,50.0,50.0,0.0,0.0,35.45454545454545
E0945,0.0,100.0,0.0,0.0,0.0,100.0,0.0,0.0,0.0,100.0,0.0,0.0,0.0,0.0,100.0,0.0,0.0,0.0,0.0,0.0,11.11111111111111,66.66666666666666,11.11111111111111,0.0,11.11111111111111,0.0,0.0,0.0,100.0,0.0,0.0,0.0,0.0,0.0,33.33333333333334,0.0,33.33333333333333,66.66666666666666,0.0,0.0,0.0,100.0,0.0,33.333333333333336
E0946,83.33333333333334,3.333333333333333,6.666666666666667,6.666666666666667,100.0,0.0,0.0,0.0,16.66666666666666,0.0,3.333333333333333,96.66666666666669,0.0,0.0,0.0,0.0,100.0,0.0,0.0,3.3333333333333317,20.0,46.66666666666666,30.0,0.0,0.0,3.333333333333333,0.0,50.0,0.0,50.0,0.0,0.0,0.0,0.0,49.99999999999999,0.0,33.33333333333333,60.0,6.666666666666667,0.0,50.0,50.0,0.0,16.666666666666668
E0948,7.894736842105263,15.789473684210526,63.1578947368421,13.157894736842104,0.0,50.0,50.0,0.0,34.21052631578947,76.31578947368422,13.157894736842104,5.263157894736842,2.631578947368421,2.631578947368421,50.0,50.0,0.0,0.0,0.0,36.842105263157904,5.263157894736842,2.631578947368421,13.157894736842104,55.26315789473685,15.789473684210526,5.263157894736842,2.631578947368421,0.0,0.0,0.0,50.0,50.0,0.0,0.0,34.21052631578947,13.157894736842104,73.68421052631578,13.157894736842104,0.0,50.0,50.0,0.0,0.0,36.84210526315789
E0950,0.0,0.0,100.0,0.0,0.0,0.0,100.0,0.0,0.0,4.761904761904762,88.09523809523809,2.380952380952381,4.761904761904762,0.0,25.0,75.0,0.0,0.0,0.0,20.238095238095237,0.0,2.380952380952381,28.57142857142857,42.85714285714285,19.047619047619047,7.142857142857142,0.0,0.0,0.0,25.0,75.0,0.0,0.0,0.0,32.14285714285714,19.047619047619047,59.523809523809526,21.428571428571427,0.0,0.0,75.0,25.0,0.0,19.047619047619044
E0951,70.27027027027027,0.0,10.81081081081081,18.91891891891892,50.0,0.0,0.0,50.0,31.08108108108108,5.405405405405405,81.08108108108108,8.108108108108109,2.702702702702702,2.702702702702702,0.0,100.0,0.0,0.0,0.0,18.91891891891892,64.86486486486487,24.324324324324326,0.0,0.0,5.405405405405405,5.405405405405405,0.0,50.0,50.0,0.0,0.0,0.0,0.0,0.0,25.67567567567568,2.702702702702702,75.67567567567568,21.62162162162162,0.0,0.0,50.0,50.0,0.0,28.37837837837838
E0952,0.0,0.0,100.0,0.0,0.0,0.0,100.0,0.0,0.0,2.7777777777777777,91.66666666666666,2.7777777777777777,0.0,2.7777777777777777,0.0,50.0,50.0,0.0,0.0,47.22222222222221,0.0,2.7777777777777777,25.0,50.0,19.444444444444446,2.7777777777777777,0.0,0.0,0.0,50.0,0.0,50.0,0.0,0.0,55.55555555555555,13.88888888888889,66.66666666666666,19.444444444444446,0.0,50.0,50.0,0.0,0.0,36.11111111111111
E0953,4.444444444444445,11.11111111111111,77.77777777777779,6.666666666666667,0.0,0.0,75.0,25.0,18.333333333333336,4.444444444444445,0.0,4.444444444444445,88.88888888888889,2.2222222222222223,0.0,0.0,0.0,100.0,0.0,11.111111111111112,8.88888888888889,13.333333333333334,48.888888888888886,22.22222222222222,4.444444444444445,0.0,2.2222222222222223,0.0,0.0,75.0,25.0,0.0,0.0,0.0,28.88888888888889,0.0,11.11111111111111,64.44444444444444,24.444444444444443,0.0,50.0,50.0,0.0,38.888888888888886
E0954,15.151515151515152,9.090909090909092,60.60606060606061,15.151515151515152,0.0,0.0,100.0,0.0,39.39393939393939,87.87878787878788,9.090909090909092,0.0,3.0303030303030303,0.0,33.33333333333333,66.66666666666666,0.0,0.0,0.0,57.57575757575757,3.0303030303030303,30.303030303030305,51.51515151515152,9.090909090909092,0.0,6.0606060606060606,0.0,0.0,0.0,66.66666666666666,33.33333333333333,0.0,0.0,0.0,39.39393939393939,15.151515151515152,54.54545454545454,30.303030303030305,0.0,33.33333333333333,0.0,66.66666666666666,0.0,54.54545454545453
E0955,0.0,89.47368421052632,7.894736842105263,2.631578947368421,0.0,80.0,20.0,0.0,12.105263157894736,0.0,10.526315789473683,10.526315789473683,76.31578947368422,2.631578947368421,0.0,0.0,0.0,100.0,0.0,23.684210526315784,10.526315789473683,57.89473684210527,21.052631578947366,0.0,2.631578947368421,0.0,7.894736842105263,0.0,80.0,20.0,0.0,0.0,0.0,0.0,22.10526315789473,13.157894736842104,57.89473684210527,28.947368421052637,0.0,20.0,60.0,20.0,0.0,8.94736842105263
E0956,5.0,6.666666666666667,83.33333333333334,5.0,0.0,0.0,100.0,0.0,16.666666666666664,10.0,88.33333333333333,0.0,0.0,1.6666666666666667,33.33333333333333,66.66666666666666,0.0,0.0,0.0,23.33333333333333,60.0,25.0,1.6666666666666667,5.0,0.0,5.0,3.333333333333333,33.33333333333333,33.33333333333333,33.33333333333333,0.0,0.0,0.0,0.0,39.99999999999999,0.0,20.0,60.0,20.0,0.0,33.33333333333333,33.33333333333333,33.33333333333333,26.666666666666664
E0957,91.8918918918919,0.0,2.702702702702702,5.405405405405405,50.0,0.0,25.0,25.0,41.891891891891895,8.108108108108109,0.0,5.405405405405405,8.108108108108109,78.37837837837837,0.0,0.0,25.0,0.0,75.0,19.594594594594597,18.91891891891892,40.54054054054054,24.324324324324326,2.702702702702702,8.108108108108109,2.702702702702702,2.702702702702702,50.0,50.0,0.0,0.0,0.0,0.0,0.0,40.54054054054056,0.0,16.216216216216218,70.27027027027027,13.513513513513514,0.0,25.0,25.0,50.0,45.270270270270274
E0958,0.0,3.0303030303030303,87.87878787878788,9.090909090909092,0.0,0.0,75.0,25.0,15.909090909090908,6.0606060606060606,0.0,90.9090909090909,0.0,3.0303030303030303,0.0,0.0,100.0,0.0,0.0,9.090909090909092,3.0303030303030303,3.0303030303030303,0.0,0.0,3.0303030303030303,6.0606060606060606,84.84848484848484,25.0,0.0,0.0,0.0,0.0,25.0,50.0,40.90909090909091,87.87878787878788,12.12121212121212,0.0,0.0,75.0,25.0,0.0,0.0,12.878787878787875
E0959,4.395604395604396,1.098901098901099,90.10989010989012,4.395604395604396,10.0,0.0,90.0,0.0,5.604395604395608,2.197802197802198,0.0,6.593406593406594,85.71428571428571,5.494505494505495,0.0,0.0,10.0,90.0,0.0,7.692307692307695,2.197802197802198,24.17582417582417,49.45054945054945,15.384615384615383,3.296703296703297,4.395604395604396,1.098901098901099,0.0,10.0,80.0,0.0,0.0,10.0,0.0,36.15384615384615,0.0,12.087912087912088,70.32967032967034,17.582417582417584,0.0,10.0,60.0,30.0,12.41758241758242
E0960,0.0,7.017543859649122,75.43859649122807,17.543859649122805,0.0,25.0,50.0,25.0,25.43859649122807,0.0,8.771929824561402,3.508771929824561,80.7017543859649,7.017543859649122,0.0,0.0,0.0,100.0,0.0,19.298245614035093,0.0,24.561403508771928,47.368421052631575,17.543859649122805,3.508771929824561,3.508771929824561,3.508771929824561,0.0,50.0,25.0,25.0,0.0,0.0,0.0,32.89473684210526,91.2280701754386,8.771929824561402,0.0,0.0,100.0,0.0,0.0,0.0,8.771929824561408
E0961,87.8048780487805,4.878048780487805,2.4390243902439024,4.878048780487805,100.0,0.0,0.0,0.0,12.195121951219509,85.36585365853658,4.878048780487805,4.878048780487805,2.4390243902439024,2.4390243902439024,66.66666666666666,0.0,0.0,0.0,33.33333333333333,30.89430894308943,51.21951219512195,26.82926829268293,4.878048780487805,2.4390243902439024,4.878048780487805,4.878048780487805,4.878048780487805,33.33333333333333,33.33333333333333,0.0,0.0,0.0,0.0,33.33333333333333,34.95934959349593,0.0,12.195121951219512,75.60975609756098,12.195121951219512,0.0,0.0,66.66666666666666,33.33333333333333,21.138211382113823
E0962,2.3255813953488373,16.27906976744186,79.06976744186046,2.3255813953488373,14.285714285714285,14.285714285714285,71.42857142857143,0.0,11.960132890365449,93.02325581395348,4.651162790697675,0.0,0.0,2.3255813953488373,85.71428571428571,0.0,0.0,0.0,14.285714285714285,11.960132890365449,58.13953488372093,27.906976744186046,4.651162790697675,2.3255813953488373,2.3255813953488373,4.651162790697675,0.0,71.42857142857143,28.57142857142857,0.0,0.0,0.0,0.0,0.0,13.953488372093023,20.930232558139537,65.11627906976744,13.953488372093023,0.0,14.285714285714285,85.71428571428571,0.0,0.0,20.59800664451827
E0963,0.0,7.6923076923076925,92.3076923076923,0.0,0.0,0.0,100.0,0.0,7.692307692307693,0.0,2.564102564102564,12.82051282051282,76.92307692307693,7.6923076923076925,0.0,0.0,0.0,66.66666666666666,33.33333333333333,25.64102564102565,2.564102564102564,0.0,20.51282051282051,53.84615384615385,20.51282051282051,0.0,2.564102564102564,0.0,0.0,0.0,66.66666666666666,33.33333333333333,0.0,0.0,25.64102564102563,92.3076923076923,7.6923076923076925,0.0,0.0,100.0,0.0,0.0,0.0,7.692307692307693
E0964,0.0,2.941176470588235,94.11764705882352,2.941176470588235,0.0,0.0,100.0,0.0,5.882352941176475,8.823529411764707,85.29411764705883,2.941176470588235,0.0,2.941176470588235,0.0,100.0,0.0,0.0,0.0,14.705882352941176,0.0,32.35294117647059,41.17647058823529,20.588235294117645,0.0,2.941176470588235,2.941176470588235,0.0,0.0,0.0,100.0,0.0,0.0,0.0,79.41176470588235,11.76470588235294,82.35294117647058,5.88235294117647,0.0,0.0,100.0,0.0,0.0,17.647058823529417
E0965,1.7857142857142856,1.7857142857142856,92.85714285714286,3.571428571428571,0.0,0.0,100.0,0.0,7.142857142857141,7.142857142857142,10.714285714285714,75.0,7.142857142857142,0.0,0.0,0.0,75.0,25.0,0.0,17.857142857142854,1.7857142857142856,17.857142857142858,58.92857142857143,16.071428571428573,0.0,1.7857142857142856,3.571428571428571,0.0,25.0,50.0,25.0,0.0,0.0,0.0,16.07142857142857,17.857142857142858,78.57142857142857,3.571428571428571,0.0,0.0,100.0,0.0,0.0,21.42857142857143
E0966,2.941176470588235,79.41176470588235,5.88235294117647,11.76470588235294,0.0,66.66666666666666,33.33333333333333,0.0,27.450980392156865,97.05882352941175,2.941176470588235,0.0,0.0,0.0,100.0,0.0,0.0,0.0,0.0,2.9411764705882337,11.76470588235294,55.88235294117647,20.588235294117645,5.88235294117647,2.941176470588235,0.0,2.941176470588235,0.0,33.33333333333333,33.33333333333333,33.33333333333333,0.0,0.0,0.0,40.19607843137254,17.647058823529413,61.76470588235294,20.588235294117645,0.0,33.33333333333333,33.33333333333333,33.33333333333333,0.0,28.431372549019606
E0967,3.333333333333333,96.66666666666669,0.0,0.0,25.0,75.0,0.0,0.0,21.66666666666667,0.0,90.0,3.333333333333333,0.0,6.666666666666667,0.0,100.0,0.0,0.0,0.0,10.0,0.0,3.333333333333333,26.666666666666668,36.66666666666666,26.666666666666668,6.666666666666667,0.0,0.0,25.0,25.0,25.0,25.0,0.0,0.0,21.666666666666668,83.33333333333334,16.666666666666664,0.0,0.0,50.0,50.0,0.0,0.0,33.33333333333334
E0968,4.615384615384616,3.076923076923077,90.76923076923076,1.5384615384615383,0.0,0.0,80.0,20.0,18.461538461538463,0.0,6.153846153846154,4.615384615384616,15.384615384615383,73.84615384615385,0.0,0.0,0.0,40.0,60.0,24.61538461538462,20.0,50.76923076923077,12.307692307692308,1.5384615384615383,3.076923076923077,6.153846153846154,6.153846153846154,20.0,80.0,0.0,0.0,0.0,0.0,0.0,29.230769230769237,12.307692307692308,63.07692307692307,24.615384615384617,0.0,20.0,40.0,40.0,0.0,23.076923076923077
E0969,86.8421052631579,5.263157894736842,2.631578947368421,5.263157894736842,66.66666666666666,33.33333333333333,0.0,0.0,28.070175438596497,89.47368421052632,5.263157894736842,5.263157894736842,0.0,0.0,100.0,0.0,0.0,0.0,0.0,10.526315789473683,23.684210526315788,44.73684210526316,26.31578947368421,0.0,0.0,0.0,5.263157894736842,0.0,66.66666666666666,33.33333333333333,0.0,0.0,0.0,0.0,28.947368421052627,0.0,18.421052631578945,52.63157894736842,28.947368421052637,0.0,0.0,66.66666666666666,33.33333333333333,18.421052631578934
E0970,0.0,93.5483870967742,0.0,6.451612903225806,0.0,100.0,0.0,0.0,6.451612903225807,3.225806451612903,93.5483870967742,0.0,0.0,3.225806451612903,0.0,100.0,0.0,0.0,0.0,6.451612903225808,0.0,29.03225806451613,48.38709677419355,12.903225806451612,6.451612903225806,0.0,3.225806451612903,0.0,57.14285714285714,42.85714285714285,0.0,0.0,0.0,0.0,28.11059907834101,19.35483870967742,64.51612903225806,16.129032258064516,0.0,28.57142857142857,71.42857142857143,0.0,0.0,16.129032258064516
E0971,5.405405405405405,0.0,91.8918918918919,2.702702702702702,20.0,0.0,80.0,0.0,14.5945945945946,10.81081081081081,72.97297297297297,8.108108108108109,2.702702702702702,5.405405405405405,0.0,100.0,0.0,0.0,0.0,27.027027027027028,21.62162162162162,45.94594594594595,24.324324324324326,0.0,2.702702702702702,2.702702702702702,2.702702702702702,0.0,80.0,20.0,0.0,0.0,0.0,0.0,34.054054054054056,24.324324324324326,67.56756756756756,8.108108108108109,0.0,40.0,40.0,20.0,0.0,27.567567567567565
E0973,3.0303030303030303,81.81818181818183,6.0606060606060606,9.090909090909092,0.0,100.0,0.0,0.0,18.18181818181818,0.0,0.0,96.96969696969695,3.0303030303030303,0.0,0.0,0.0,100.0,0.0,0.0,3.0303030303030307,3.0303030303030303,0.0,21.21212121212121,57.57575757575758,12.12121212121212,6.0606060606060606,0.0,0.0,0.0,0.0,80.0,0.0,20.0,0.0,36.36363636363636,90.9090909090909,9.090909090909092,0.0,0.0,80.0,20.0,0.0,0.0,10.909090909090908
E0974,0.0,1.4492753623188406,94.20289855072464,4.3478260869565215,0.0,0.0,100.0,0.0,5.797101449275361,1.4492753623188406,2.898550724637681,7.246376811594203,4.3478260869565215,84.05797101449275,0.0,0.0,0.0,0.0,100.0,15.942028985507248,10.144927536231885,2.898550724637681,28.98550724637681,37.68115942028986,14.492753623188406,2.898550724637681,2.898550724637681,0.0,0.0,33.33333333333333,50.0,16.666666666666664,0.0,0.0,18.84057971014492,0.0,23.18840579710145,65.21739130434783,11.594202898550725,0.0,33.33333333333333,66.66666666666666,0.0,11.594202898550716
E0975,0.0,4.0,96.0,0.0,0.0,0.0,100.0,0.0,4.0,2.0,86.0,8.0,2.0,2.0,0.0,66.66666666666666,33.33333333333333,0.0,0.0,25.333333333333336,0.0,2.0,2.0,18.0,50.0,26.0,2.0,0.0,0.0,0.0,0.0,33.33333333333333,66.66666666666666,0.0,40.66666666666666,0.0,32.0,42.0,26.0,0.0,33.33333333333333,66.66666666666666,0.0,25.999999999999996
E0976,4.166666666666666,95.83333333333334,0.0,0.0,0.0,100.0,0.0,0.0,4.166666666666662,4.166666666666666,85.41666666666666,6.25,2.083333333333333,2.083333333333333,0.0,33.33333333333333,33.33333333333333,0.0,33.33333333333333,58.33333333333332,0.0,18.75,47.91666666666667,22.916666666666664,0.0,8.333333333333332,2.083333333333333,0.0,0.0,100.0,0.0,0.0,0.0,0.0,52.08333333333333,12.5,72.91666666666666,14.583333333333334,0.0,0.0,100.0,0.0,0.0,27.08333333333334
E0977,96.36363636363636,3.636363636363636,0.0,0.0,100.0,0.0,0.0,0.0,3.6363636363636394,3.636363636363636,10.909090909090908,74.54545454545455,5.454545454545454,5.454545454545454,0.0,0.0,100.0,0.0,0.0,25.454545454545453,56.36363636363636,29.09090909090909,3.636363636363636,0.0,0.0,3.636363636363636,7.272727272727272,60.0,40.0,0.0,0.0,0.0,0.0,0.0,14.545454545454549,12.727272727272728,69.0909090909091,18.181818181818183,0.0,40.0,40.0,20.0,0.0,29.090909090909093
E0978,0.0,0.0,80.0,20.0,0.0,0.0,100.0,0.0,20.0,100.0,0.0,0.0,0.0,0.0,100.0,0.0,0.0,0.0,0.0,0.0,40.0,40.0,20.0,0.0,0.0,0.0,0.0,100.0,0.0,0.0,0.0,0.0,0.0,0.0,60.0,0.0,0.0,100.0,0.0,0.0,0.0,100.0,0.0,0.0
E0979,3.076923076923077,1.5384615384615383,90.76923076923076,4.615384615384616,0.0,0.0,100.0,0.0,9.23076923076923,81.53846153846153,6.153846153846154,4.615384615384616,6.153846153846154,1.5384615384615383,66.66666666666666,0.0,11.11111111111111,11.11111111111111,11.11111111111111,21.025641025641026,6.153846153846154,1.5384615384615383,3.076923076923077,1.5384615384615383,1.5384615384615383,4.615384615384616,81.53846153846153,0.0,0.0,0.0,0.0,0.0,0.0,100.0,18.461538461538467,7.6923076923076925,76.92307692307693,15.384615384615383,0.0,22.22222222222222,44.44444444444444,33.33333333333333,0.0,32.47863247863248
E0980,0.0,0.0,98.4375,1.5625,0.0,0.0,100.0,0.0,1.5625,0.0,3.125,0.0,96.875,0.0,0.0,0.0,0.0,100.0,0.0,3.125,1.5625,3.125,12.5,57.8125,17.1875,6.25,1.5625,0.0,0.0,12.5,87.5,0.0,0.0,0.0,29.6875,0.0,17.1875,68.75,14.0625,0.0,37.5,37.5,25.0,31.25
E0982,81.25,12.5,3.125,3.125,83.33333333333334,16.666666666666664,0.0,0.0,6.250000000000004,3.125,3.125,3.125,90.625,0.0,0.0,0.0,0.0,100.0,0.0,9.375,62.5,28.125,0.0,6.25,3.125,0.0,0.0,66.66666666666666,33.33333333333333,0.0,0.0,0.0,0.0,0.0,9.374999999999991,0.0,9.375,75.0,15.625,0.0,16.666666666666664,83.33333333333334,0.0,15.625000000000004
E0983,5.88235294117647,82.35294117647058,8.823529411764707,2.941176470588235,0.0,100.0,0.0,0.0,17.647058823529413,0.0,2.941176470588235,97.05882352941175,0.0,0.0,0.0,0.0,100.0,0.0,0.0,2.9411764705882337,2.941176470588235,14.705882352941178,55.88235294117647,26.47058823529412,0.0,0.0,0.0,0.0,0.0,0.0,100.0,0.0,0.0,0.0,73.52941176470588,26.47058823529412,50.0,23.52941176470588,0.0,100.0,0.0,0.0,0.0,73.52941176470588
E0984,9.090909090909092,16.363636363636363,61.81818181818181,12.727272727272728,0.0,0.0,100.0,0.0,38.18181818181819,0.0,7.272727272727272,0.0,7.272727272727272,85.45454545454545,0.0,100.0,0.0,0.0,0.0,92.72727272727272,50.90909090909091,36.36363636363637,5.454545454545454,5.454545454545454,0.0,0.0,1.818181818181818,0.0,100.0,0.0,0.0,0.0,0.0,0.0,63.636363636363626,18.181818181818183,63.63636363636363,18.181818181818183,0.0,0.0,0.0,100.0,0.0,81.81818181818181
E0985,86.8421052631579,2.631578947368421,5.263157894736842,5.263157894736842,87.5,0.0,0.0,12.5,7.894736842105258,5.263157894736842,89.47368421052632,2.631578947368421,2.631578947368421,0.0,12.5,75.0,12.5,0.0,0.0,17.105263157894736,5.263157894736842,2.631578947368421,18.421052631578945,50.0,18.421052631578945,2.631578947368421,2.631578947368421,12.5,0.0,25.0,50.0,12.5,0.0,0.0,13.81578947368421,0.0,23.684210526315788,63.1578947368421,13.157894736842104,0.0,25.0,50.0,25.0,13.157894736842106
E0986,96.66666666666669,1.6666666666666667,1.6666666666666667,0.0,100.0,0.0,0.0,0.0,3.3333333333333317,5.0,0.0,3.333333333333333,10.0,81.66666666666667,0.0,0.0,0.0,0.0,100.0,18.33333333333333,1.6666666666666667,1.6666666666666667,3.333333333333333,3.333333333333333,31.666666666666664,56.66666666666666,1.6666666666666667,0.0,0.0,0.0,0.0,50.0,50.0,0.0,18.33333333333333,21.666666666666668,56.66666666666666,21.666666666666668,0.0,50.0,0.0,50.0,0.0,56.66666666666666
E0988,12.903225806451612,6.451612903225806,45.16129032258064,35.483870967741936,0.0,100.0,0.0,0.0,93.5483870967742,3.225806451612903,90.32258064516128,0.0,6.451612903225806,0.0,100.0,0.0,0.0,0.0,0.0,96.77419354838707,0.0,25.806451612903224,35.483870967741936,29.03225806451613,9.67741935483871,0.0,0.0,0.0,0.0,0.0,0.0,100.0,0.0,0.0,90.3225806451613,22.58064516129032,64.51612903225806,12.903225806451612,0.0,0.0,100.0,0.0,0.0,35.483870967741936
E0989,1.818181818181818,96.36363636363636,1.818181818181818,0.0,0.0,100.0,0.0,0.0,3.6363636363636394,94.54545454545456,1.818181818181818,1.818181818181818,1.818181818181818,0.0,100.0,0.0,0.0,0.0,0.0,5.454545454545454,0.0,21.818181818181817,49.09090909090909,23.63636363636364,1.818181818181818,3.636363636363636,0.0,0.0,0.0,60.0,40.0,0.0,0.0,0.0,27.272727272727263,12.727272727272728,65.45454545454545,21.818181818181817,0.0,0.0,80.0,20.0,0.0,14.545454545454543
E0990,3.4482758620689653,8.620689655172415,6.896551724137931,81.03448275862068,0.0,20.0,0.0,80.0,11.379310344827584,84.48275862068965,5.172413793103448,5.172413793103448,1.7241379310344829,3.4482758620689653,60.0,0.0,0.0,20.0,20.0,34.82758620689655,0.0,0.0,1.7241379310344829,0.0,22.41379310344828,70.6896551724138,5.172413793103448,0.0,0.0,0.0,0.0,40.0,60.0,0.0,17.586206896551722,15.517241379310343,60.3448275862069,24.13793103448276,0.0,20.0,80.0,0.0,0.0,24.13793103448276
E0991,85.71428571428571,5.714285714285714,5.714285714285714,2.857142857142857,66.66666666666666,0.0,0.0,33.33333333333333,30.476190476190474,0.0,2.857142857142857,5.714285714285714,74.28571428571429,17.142857142857142,0.0,0.0,0.0,66.66666666666666,33.33333333333333,16.190476190476197,2.857142857142857,0.0,17.142857142857142,48.57142857142857,25.71428571428571,2.857142857142857,2.857142857142857,0.0,0.0,33.33333333333333,0.0,66.66666666666666,0.0,0.0,57.142857142857146,80.0,20.0,0.0,0.0,100.0,0.0,0.0,0.0,20.0
E0992,80.26315789473685,1.3157894736842104,11.842105263157894,6.578947368421052,100.0,0.0,0.0,0.0,19.736842105263158,5.263157894736842,6.578947368421052,78.94736842105263,5.263157894736842,3.947368421052632,25.0,0.0,75.0,0.0,0.0,19.736842105263158,61.8421052631579,25.0,3.947368421052632,5.263157894736842,2.631578947368421,0.0,1.3157894736842104,50.0,25.0,25.0,0.0,0.0,0.0,0.0,21.05263157894737,81.57894736842105,18.421052631578945,0.0,0.0,100.0,0.0,0.0,0.0,18.421052631578945
E0993,0.0,0.0,100.0,0.0,0.0,0.0,100.0,0.0,0.0,2.941176470588235,5.88235294117647,73.52941176470588,14.705882352941178,2.941176470588235,0.0,0.0,66.66666666666666,33.33333333333333,0.0,18.62745098039216,5.88235294117647,17.647058823529413,47.05882352941176,17.647058823529413,0.0,2.941176470588235,8.823529411764707,0.0,50.0,16.666666666666664,16.666666666666664,0.0,0.0,16.666666666666664,40.19607843137255,20.588235294117645,55.88235294117647,23.52941176470588,0.0,16.666666666666664,83.33333333333334,0.0,0.0,27.450980392156865
E0994,93.5897435897436,0.0,3.8461538461538463,2.564102564102564,100.0,0.0,0.0,0.0,6.41025641025641,88.46153846153845,6.41025641025641,1.282051282051282,1.282051282051282,2.564102564102564,66.66666666666666,0.0,0.0,33.33333333333333,0.0,32.05128205128205,28.205128205128204,39.74358974358975,21.7948717948718,3.8461538461538463,3.8461538461538463,0.0,2.564102564102564,66.66666666666666,33.33333333333333,0.0,0.0,0.0,0.0,0.0,38.46153846153845,0.0,12.82051282051282,60.256410256410255,26.923076923076923,0.0,0.0,100.0,0.0,39.74358974358975
E0995,58.13953488372093,9.30232558139535,13.953488372093023,18.6046511627907,75.0,25.0,0.0,0.0,32.55813953488372,6.976744186046512,2.3255813953488373,4.651162790697675,9.30232558139535,76.74418604651163,0.0,0.0,0.0,25.0,75.0,15.697674418604652,4.651162790697675,13.953488372093023,51.16279069767442,20.930232558139537,4.651162790697675,2.3255813953488373,2.3255813953488373,0.0,50.0,50.0,0.0,0.0,0.0,0.0,36.04651162790698,9.30232558139535,74.4186046511628,16.27906976744186,0.0,0.0,75.0,25.0,0.0,9.302325581395348
E0996,82.25806451612904,6.451612903225806,6.451612903225806,4.838709677419355,100.0,0.0,0.0,0.0,17.741935483870964,6.451612903225806,87.09677419354838,4.838709677419355,0.0,1.6129032258064515,0.0,100.0,0.0,0.0,0.0,12.903225806451616,3.225806451612903,17.741935483870968,48.38709677419355,29.03225806451613,1.6129032258064515,0.0,0.0,0.0,0.0,0.0,100.0,0.0,0.0,0.0,70.96774193548387,12.903225806451612,59.67741935483871,27.41935483870968,0.0,0.0,100.0,0.0,0.0,40.32258064516129
E0997,11.627906976744184,79.06976744186046,4.651162790697675,4.651162790697675,0.0,100.0,0.0,0.0,20.930232558139537,0.0,0.0,0.0,9.30232558139535,90.69767441860463,0.0,0.0,0.0,33.33333333333333,66.66666666666666,24.031007751937985,2.3255813953488373,0.0,25.58139534883721,48.837209302325576,18.6046511627907,2.3255813953488373,2.3255813953488373,0.0,0.0,66.66666666666666,0.0,33.33333333333333,0.0,0.0,55.81395348837207,11.627906976744184,65.11627906976744,23.25581395348837,0.0,0.0,66.66666666666666,33.33333333333333,0.0,11.627906976744178
E0998,79.54545454545455,9.090909090909092,9.090909090909092,2.272727272727273,83.33333333333334,16.666666666666664,0.0,0.0,11.363636363636369,2.272727272727273,2.272727272727273,4.545454545454546,18.181818181818183,72.72727272727273,0.0,0.0,0.0,33.33333333333333,66.66666666666666,15.151515151515156,20.454545454545457,45.45454545454545,20.454545454545457,0.0,6.8181818181818175,4.545454545454546,2.272727272727273,16.666666666666664,16.666666666666664,33.33333333333333,0.0,0.0,33.33333333333333,0.0,41.66666666666666,95.45454545454544,4.545454545454546,0.0,0.0,83.33333333333334,16.666666666666664,0.0,0.0,12.121212121212114
E0999,4.651162790697675,2.3255813953488373,86.04651162790698,6.976744186046512,0.0,0.0,100.0,0.0,13.95348837209302,72.09302325581395,13.953488372093023,4.651162790697675,2.3255813953488373,6.976744186046512,60.0,20.0,0.0,0.0,20.0,19.069767441860463,18.6046511627907,53.48837209302325,18.6046511627907,0.0,6.976744186046512,2.3255813953488373,0.0,20.0,40.0,40.0,0.0,0.0,0.0,0.0,22.7906976744186,11.627906976744184,67.44186046511628,20.930232558139537,0.0,20.0,80.0,0.0,0.0,20.930232558139537
E1000,1.5151515151515151,0.0,1.5151515151515151,96.96969696969695,0.0,0.0,11.11111111111111,88.88888888888889,9.595959595959595,95.45454545454544,1.5151515151515151,0.0,1.5151515151515151,1.5151515151515151,100.0,0.0,0.0,0.0,0.0,4.545454545454547,4.545454545454546,22.727272727272727,43.93939393939394,18.181818181818183,4.545454545454546,4.545454545454546,1.5151515151515151,0.0,11.11111111111111,55.55555555555556,22.22222222222222,0.0,11.11111111111111,0.0,22.222222222222225,90.9090909090909,9.090909090909092,0.0,0.0,88.88888888888889,11.11111111111111,0.0,0.0,2.02020202020202
